dataset,kernel,trial,accuracy,accuracy_std,f1_score,f1_std,support_vector_prop,support_vector_std,training_time,training_time_std,optimization_time,random_seed,best_params,n_optimization_trials,cv_folds,optimization_method
ecoli,linear,0,0.8811942959001783,0.052892014000238706,0.8737974400556624,0.0539683015797449,0.38161541319694886,0.008565985525469723,0.0017165801022201777,0.00014311141150066353,0.46583630004897714,42,{'C': 5.809303133207778},10,10,bayesian
ecoli,linear,1,0.8719251336898395,0.042285926954391845,0.8622660145831039,0.0474975380564254,0.41302756103424915,0.012259698033888284,0.0015901000704616308,0.00013141490530435424,0.4203678001649678,43,{'C': 2.9023534286116157},10,10,bayesian
ecoli,linear,2,0.8725490196078433,0.06142882852438628,0.8653968430788621,0.061234074476337344,0.3442353506873866,0.011455443195920088,0.0022318999748677016,0.00016171921867424595,0.44222399964928627,44,{'C': 36.05072312479231},10,10,bayesian
ecoli,linear,3,0.8631907308377895,0.043870280058545916,0.8548933091054419,0.05230638387340866,0.3759939238957008,0.009186983893504924,0.0016978699713945389,0.00011627189740465342,0.41710809990763664,45,{'C': 7.729879318351191},10,10,bayesian
ecoli,linear,4,0.8628342245989306,0.047153678102293754,0.8557476530246445,0.047577817427576725,0.3912158765545429,0.012297891968242863,0.0016467700712382793,0.00011358762736275704,0.47507060039788485,46,{'C': 4.287501969778039},10,10,bayesian
ecoli,linear,5,0.8570409982174688,0.022821272875222117,0.8486063454043927,0.025155908665210308,0.3488634625051909,0.01339594207671698,0.0024558000266551973,0.0003378252169253863,0.45867029996588826,47,{'C': 35.14742912146425},10,10,bayesian
ecoli,linear,6,0.8754010695187165,0.0738910245961982,0.8662318399964224,0.0815648543246219,0.4384914650405438,0.009560625962826995,0.0015283100306987762,9.299260433025314e-05,0.4329852000810206,48,{'C': 1.7500096028443315},10,10,bayesian
ecoli,linear,7,0.8513368983957218,0.045614691148954285,0.8415317672345293,0.04837392288495015,0.33962581688632437,0.013055015207763835,0.0029951299540698527,0.00031171268530818825,0.46476650005206466,49,{'C': 92.6335871707825},10,10,bayesian
ecoli,linear,8,0.8542780748663101,0.05387588111747238,0.8498756238924161,0.055422894826907855,0.3525145892072651,0.01610295355391788,0.0020354900043457747,0.00015023541754977243,0.46951720025390387,50,{'C': 22.809082361829173},10,10,bayesian
ecoli,linear,9,0.8662210338680927,0.03501539687492175,0.8543308470924519,0.0482001169979026,0.3872379953227111,0.011756295277635068,0.0016818800009787082,5.520263371245653e-05,0.42572399973869324,51,{'C': 4.472173508112401},10,10,bayesian
ecoli,poly,0,0.8841354723707664,0.05036084407041672,0.876552772958054,0.051188613475793135,0.38359998251480776,0.007758416877462534,0.0018058901187032461,0.00012787475654152928,0.5156125002540648,42,"{'C': 13.95024657134353, 'degree': 2, 'gamma': 1.475347969373303}",10,10,bayesian
ecoli,poly,1,0.8778966131907309,0.04121079508626343,0.8685341774956518,0.04501946372672784,0.40244355561383954,0.010823082627643615,0.0017230299301445485,0.00010673336985976599,0.596040999982506,43,"{'C': 25.44285816486207, 'degree': 1, 'gamma': 3.468678178582751}",10,10,bayesian
ecoli,poly,2,0.8785204991087344,0.07263574025739027,0.8704438214046855,0.07299331523311037,0.35349922409459494,0.015608496997160723,0.004249879950657487,0.00012386887450166264,0.6337481997907162,44,"{'C': 39.37856132927404, 'degree': 3, 'gamma': 2.047267413208588}",10,10,bayesian
ecoli,poly,3,0.8810160427807487,0.03476678470874343,0.8741825239851881,0.038888409672893594,0.5125631106156974,0.009844274835376643,0.0015317000448703765,3.70736890118909e-05,0.5890109003521502,45,"{'C': 4.853151568643681, 'degree': 1, 'gamma': 0.4776161161246224}",10,10,bayesian
ecoli,poly,4,0.8719251336898395,0.04228592695439184,0.862842998339804,0.045171246211663206,0.39981203418355077,0.011558447753113973,0.0037672900594770907,0.00011126938761658845,0.5841505001299083,46,"{'C': 4.287501969778039, 'degree': 3, 'gamma': 3.652252873960553}",10,10,bayesian
ecoli,poly,5,0.8689839572192513,0.030652281196009646,0.8619753594685993,0.03588861005586692,0.3968297160841912,0.011302219209605922,0.0016697699669748546,8.007592626727545e-05,0.5731087001040578,47,"{'C': 9.873496758926203, 'degree': 2, 'gamma': 2.569034341275915}",10,10,bayesian
ecoli,poly,6,0.8811051693404635,0.06154535828652644,0.87141738392436,0.06963849512938522,0.36242650755141737,0.014837818795431853,0.004717819998040796,0.0001591436992441629,0.6315551004372537,48,"{'C': 29.89833876951833, 'degree': 5, 'gamma': 1.308437536827318}",10,10,bayesian
ecoli,poly,7,0.8689839572192513,0.04039311655481161,0.8585131307697145,0.04061529785656742,0.3631029659257316,0.015301948356087627,0.004927570000290871,0.00021957009928955836,0.642829000018537,49,"{'C': 44.22183607663652, 'degree': 5, 'gamma': 3.381749733807492}",10,10,bayesian
ecoli,poly,8,0.8779857397504456,0.04332586820345555,0.8697976139146736,0.04407356628883798,0.4282462352195484,0.014045965499534192,0.0016799499280750751,0.0001255858746082003,0.5788706000894308,50,"{'C': 5.641107515510172, 'degree': 2, 'gamma': 3.7048899841838416}",10,10,bayesian
ecoli,poly,9,0.8662210338680927,0.03501539687492175,0.8538484319041544,0.048033414892367135,0.3812842873691343,0.012480731341995054,0.0018011800479143859,8.41316966275206e-05,0.5124331000261009,51,"{'C': 44.54160488284843, 'degree': 1, 'gamma': 3.0223873424901875}",10,10,bayesian
ecoli,rbf,0,0.8750445632798574,0.052760815586362364,0.8640724305454558,0.05769402563559068,0.5489443315192446,0.01143923585588201,0.002918259985744953,6.777814133927213e-05,0.5467675998806953,42,"{'C': 2.059428845085949, 'gamma': 3.880109567207946}",10,10,bayesian
ecoli,rbf,1,0.866131907308378,0.03024477991600012,0.8545240578404216,0.035465741660919266,0.5294243000458987,0.011036493419598108,0.0028457199689000843,6.828909468267794e-05,0.5306230001151562,43,"{'C': 2.9023534286116157, 'gamma': 2.9391533679917523}",10,10,bayesian
ecoli,rbf,2,0.8785204991087344,0.0749798074416355,0.8731189469642897,0.0727116004444434,0.41797914890826837,0.010668637626572823,0.002648570016026497,8.209349154193968e-05,0.5328179001808167,44,"{'C': 42.76572445463983, 'gamma': 0.46770693414988207}",10,10,bayesian
ecoli,rbf,3,0.8721925133689838,0.036970229834391195,0.8635834047791814,0.0456525317328399,0.43419557187506835,0.010232483346434156,0.002334460010752082,7.599517363030375e-05,0.528813200071454,45,"{'C': 4.853151568643681, 'gamma': 0.6663708483298129}",10,10,bayesian
ecoli,rbf,4,0.8688057040998217,0.040995892362186315,0.8615776253563994,0.045499427017635825,0.4857779817716871,0.010362651855706064,0.0025954298675060273,0.00010989661363021148,0.5288676996715367,46,"{'C': 4.287501969778039, 'gamma': 1.7722052636656271}",10,10,bayesian
ecoli,rbf,5,0.866131907308378,0.027234836726965094,0.8592263976920129,0.03100093779311762,0.45204139619259937,0.016269466383921957,0.002709950041025877,7.937918464604074e-05,0.5177837996743619,47,"{'C': 27.092809416673624, 'gamma': 1.1055423805836644}",10,10,bayesian
ecoli,rbf,6,0.8753119429590017,0.06379301609144528,0.8655223524443743,0.07374791003466584,0.5396749939894652,0.011140470127947428,0.002947760047391057,8.642762301040706e-05,0.5195681001059711,48,"{'C': 1.7500096028443315, 'gamma': 3.567987236421342}",10,10,bayesian
ecoli,rbf,7,0.8600713012477719,0.044357815109195384,0.8503869208499728,0.04749138718641819,0.3793029965248181,0.011475244647565993,0.0027527299243956804,0.00014196698825453486,0.5349117000587285,49,"{'C': 96.21679197288353, 'gamma': 0.2503777431897933}",10,10,bayesian
ecoli,rbf,8,0.860338680926916,0.05605068648796319,0.8554681615242294,0.05720498019774235,0.44445282276572023,0.01579571475092129,0.0029183300212025642,0.0001567263208812918,0.5348616996780038,50,"{'C': 49.4606699521566, 'gamma': 0.9243936192903239}",10,10,bayesian
ecoli,rbf,9,0.8601604278074866,0.041709801611816706,0.8475125583159832,0.05295693450054093,0.4497355364675541,0.015069191973458029,0.002666690060868859,0.000159424179540991,0.5072101000696421,51,"{'C': 17.435164259026102, 'gamma': 0.884946142214355}",10,10,bayesian
ecoli,custom_hermite,0,0.8693404634581106,0.045536956504379236,0.8621955164122161,0.048458246750708776,0.4355102397656984,0.009529069827095065,0.005074980016797781,0.00020193805298876345,0.8090212000533938,42,"{'C': 83.24443163740138, 'degree': 2}",10,10,bayesian
ecoli,custom_hermite,1,0.8691622103386809,0.04403573663324104,0.8570003430397588,0.04926818745368253,0.5294232072213843,0.009836966489084676,0.003324949974194169,0.00013322594874081727,0.7873611999675632,43,"{'C': 25.44285816486207, 'degree': 1}",10,10,bayesian
ecoli,custom_hermite,2,0.8725490196078433,0.07548446103472249,0.8680386191830205,0.07225236358734183,0.48709374248683146,0.010825123804617719,0.003263079980388284,8.812226583800148e-05,0.7672978001646698,44,"{'C': 42.76572445463983, 'degree': 1}",10,10,bayesian
ecoli,custom_hermite,3,0.869073083778966,0.030249113195391725,0.8625612588604626,0.033283738896428994,0.46560881253688285,0.011999482885944377,0.004916650103405118,0.0002798491253725335,0.7643113001249731,45,"{'C': 44.05364834656567, 'degree': 2}",10,10,bayesian
ecoli,custom_hermite,4,0.8688057040998217,0.04305430955426882,0.8629602317598664,0.043342073343460824,0.40973050947478856,0.013336985286186452,0.005405650101602077,0.00024972912705653366,0.808084599673748,46,"{'C': 78.38345124822426, 'degree': 4}",10,10,bayesian
ecoli,custom_hermite,5,0.8688948306595364,0.03356286610198805,0.860203516205944,0.0371589453644312,0.5271118833737679,0.008580131894623767,0.003431039955466986,0.00012934374095093404,0.7644302998669446,47,"{'C': 25.599987137364938, 'degree': 1}",10,10,bayesian
ecoli,custom_hermite,6,0.8781639928698752,0.06492311663267442,0.8726180869441669,0.07037526520525532,0.4560192774244311,0.014080030305792248,0.004924279963597655,0.00028941342863570183,0.8163201999850571,48,"{'C': 33.67204902905069, 'degree': 3}",10,10,bayesian
ecoli,custom_hermite,7,0.8662210338680927,0.04990363138189773,0.8562326291461456,0.05125015233150068,0.44212838502393287,0.013428845518209609,0.003431010013446212,0.00020819535496074054,0.7780706998892128,49,"{'C': 96.21679197288353, 'degree': 1}",10,10,bayesian
ecoli,custom_hermite,8,0.8748663101604277,0.056682249756659885,0.8688333370983207,0.05860650310743458,0.43750027320612855,0.01115409899797526,0.004827720066532493,0.0003330904899252725,0.84472870035097,50,"{'C': 76.05390826420042, 'degree': 2}",10,10,bayesian
ecoli,custom_hermite,9,0.8690730837789662,0.039955050032662136,0.8593231563065247,0.050701295607222086,0.48710248508294535,0.01050767199619502,0.0033883399330079554,0.00010820104233218419,0.7181849996559322,51,"{'C': 41.02538836217453, 'degree': 1}",10,10,bayesian
ecoli,custom_gegen,0,0.8781639928698752,0.0628819934476132,0.8705080815561462,0.06337087339944888,0.3664087600813062,0.012005509885880805,0.0050276500638574365,0.00031612950717396543,1.775822600349784,42,"{'C': 59.86624976121946, 'degree': 1, 'alpha': -0.1795709045309567}",10,10,bayesian
ecoli,custom_gegen,1,0.8811051693404635,0.037098923790099665,0.8664355058217618,0.04322841943603905,0.5271107905492536,0.0075641801609942685,0.006968459952622652,0.000308262336366488,1.8385163000784814,43,"{'C': 89.70996089957345, 'degree': 2, 'alpha': 0.031986596966799064}",10,10,bayesian
ecoli,custom_gegen,2,0.8754010695187165,0.05981687074728694,0.8680474494361075,0.0593732885482874,0.5324055253207439,0.015003496807210068,0.0046223099809139965,0.0001839308771064347,2.0841269996017218,44,"{'C': 42.76572445463983, 'degree': 1, 'alpha': -0.05638125000041694}",10,10,bayesian
ecoli,custom_gegen,3,0.8693404634581106,0.05289223927602601,0.8622166360681305,0.058989077046397255,0.42559504294800343,0.01455585087769442,0.008145199995487929,0.00032584728033926654,1.8356511001475155,45,"{'C': 11.246977118703663, 'degree': 2, 'alpha': 0.4623190862767723}",10,10,bayesian
ecoli,custom_gegen,4,0.8717468805704099,0.046621710655810576,0.8636017798507829,0.050109201820885706,0.35913382729001375,0.010899382086227214,0.004801449878141284,0.00030157880214058176,1.6669847001321614,46,"{'C': 29.99148509430352, 'degree': 1, 'alpha': 0.25070004483418906}",10,10,bayesian
ecoli,custom_gegen,5,0.8631907308377895,0.026910465557879626,0.8561054926640871,0.028486561567709522,0.40342928332568356,0.013245424251423166,0.007961300015449525,0.00030676822540426585,2.2058924003504217,47,"{'C': 24.665691528082416, 'degree': 2, 'alpha': -0.4422174052507317}",10,10,bayesian
ecoli,custom_gegen,6,0.8692513368983956,0.0771169328358137,0.8590315933724796,0.08585673410055371,0.36739339496863593,0.011752632408760344,0.004997829999774694,0.00021400349705006107,1.3496253001503646,48,"{'C': 35.71784231100412, 'degree': 1, 'alpha': -0.20762466185188871}",10,10,bayesian
ecoli,custom_gegen,7,0.8720142602495544,0.03778419561590037,0.8613002959769369,0.03816092336443189,0.3792953467532184,0.014890414590035476,0.007216669991612435,0.0006383329087378253,2.3525816998444498,49,"{'C': 25.193648320991734, 'degree': 2, 'alpha': -0.3386652195968104}",10,10,bayesian
ecoli,custom_gegen,8,0.8721925133689841,0.05355341980061795,0.8658799190628622,0.05619428238306168,0.37699276550171573,0.020498644836425696,0.0045975500252097845,0.00022717175976354713,2.0972401998005807,50,"{'C': 66.83408854009923, 'degree': 1, 'alpha': 0.16084403508539902}",10,10,bayesian
ecoli,custom_gegen,9,0.8691622103386809,0.04936485131880581,0.8594043232849146,0.06127779013712932,0.49338841168885095,0.011416635760732605,0.007024489995092154,0.00031748086951594165,1.7888244995847344,51,"{'C': 48.78009133549274, 'degree': 2, 'alpha': -0.05581670324541077}",10,10,bayesian
ecoli,custom_alsalam,0,0.8723707664884135,0.057022612901572484,0.8667202782650671,0.05906929842089709,0.4355146110637554,0.016756349798849535,0.005237419996410609,0.00013228100540568424,0.9246129998937249,42,"{'C': 13.95024657134353, 'degree': 2, 'a': -1, 'q': 0.37}",10,10,bayesian
ecoli,custom_alsalam,1,0.8393048128342245,0.04230095253508624,0.8314147351133053,0.04506653673710724,0.4341857364544402,0.01660200658707836,0.006206679996103049,0.0002955324251401136,0.9343453999608755,43,"{'C': 22.103678559441246, 'degree': 3, 'a': -1, 'q': 0.32}",10,10,bayesian
ecoli,custom_alsalam,2,0.8724598930481283,0.07347342977734059,0.8684541501060575,0.06968719481126723,0.43088322077240837,0.008825756865317912,0.0064286999870091675,0.003167071954802789,0.8154262001626194,44,"{'C': 36.05072312479231, 'degree': 3, 'a': -1, 'q': 0.61}",10,10,bayesian
ecoli,custom_alsalam,3,0.8723707664884135,0.0314928418142799,0.8683200436629889,0.03499427586393841,0.4358512010141412,0.013432660906653173,0.004781199945136904,0.00024147562029563612,0.8176347999833524,45,"{'C': 11.246977118703663, 'degree': 2, 'a': -1, 'q': 0.48000000000000004}",10,10,bayesian
ecoli,custom_alsalam,4,0.8717468805704099,0.04067619405261029,0.8651290725515416,0.04177340013050826,0.44212947784844714,0.014463155092489455,0.005175569886341691,0.00022085146861855292,0.8917217999696732,46,"{'C': 30.75461872064403, 'degree': 2, 'a': -1, 'q': 0.49}",10,10,bayesian
ecoli,custom_alsalam,5,0.8631907308377895,0.03510783317044646,0.8559389300213397,0.03598928185550682,0.4695735798745438,0.011100864724678491,0.004343240102753043,0.00016525039821140103,0.886831299867481,47,"{'C': 9.873496758926203, 'degree': 2, 'a': -1, 'q': 0.64}",10,10,bayesian
ecoli,custom_alsalam,6,0.8721925133689841,0.0657161982549385,0.8645782557852677,0.07200560526848554,0.43848490809345836,0.008763271129488033,0.005104259913787245,0.00016858748644275385,0.8739241999574006,48,"{'C': 54.52338114221105, 'degree': 4, 'a': -1, 'q': 0.59}",10,10,bayesian
ecoli,custom_alsalam,7,0.8691622103386809,0.05000754579707375,0.8574873046970062,0.05340559047954051,0.5327377439730727,0.006434771324025778,0.004587580077350139,0.00020918062204282727,0.866306799929589,49,"{'C': 28.984498812192676, 'degree': 2, 'a': -1, 'q': 0.7000000000000001}",10,10,bayesian
ecoli,custom_alsalam,8,0.8602495543672013,0.04773191190955763,0.8550582151210733,0.04830354282604324,0.4381647105107862,0.014651660143329106,0.005478949984535575,0.00020540129651424287,0.8272879002615809,50,"{'C': 52.41082616290873, 'degree': 6, 'a': -1, 'q': 0.5700000000000001}",10,10,bayesian
ecoli,custom_alsalam,9,0.8691622103386809,0.043793348854127286,0.8598477249063681,0.052054894442380525,0.44410530457019204,0.011107934179626276,0.0050976399797946215,0.0001669948483886671,0.8410439998842776,51,"{'C': 4.77353057385992, 'degree': 2, 'a': -1, 'q': 0.29000000000000004}",10,10,bayesian
glass,linear,0,0.6632034632034632,0.07625194293506093,0.626972534116497,0.06848181640099199,0.7383122841105354,0.013674223837938688,0.0017466700170189141,0.0001060690147724007,0.4372609001584351,42,{'C': 15.602708025603208},10,10,bayesian
glass,linear,1,0.6586580086580086,0.1561896423029928,0.6268648827758836,0.15478041496917133,0.7429916882556131,0.02064889569393567,0.001575969997793436,7.973480072269193e-05,0.4071720000356436,43,{'C': 11.506341584411505},10,10,bayesian
glass,linear,2,0.6816017316017315,0.14254015073284204,0.646260667437138,0.14027341211194227,0.7487127590673575,0.020405809103286474,0.001526209944859147,8.356020445741135e-05,0.43589260010048747,44,{'C': 10.480505640882603},10,10,bayesian
glass,linear,3,0.667965367965368,0.10289106237395379,0.6414943752620665,0.10039413107578271,0.7398828799654577,0.019509750406922984,0.0017033000476658344,0.00013283574200083289,0.41457819985225797,45,{'C': 16.33328149637847},10,10,bayesian
glass,linear,4,0.6582251082251082,0.1071043701918986,0.6339748292070274,0.10837912365492394,0.719098121761658,0.013189014599331365,0.0019807400181889533,0.00025791593663274185,0.45053069991990924,46,{'C': 24.905060108483372},10,10,bayesian
glass,linear,5,0.6642857142857144,0.09080828259416994,0.631952427231065,0.08941851063405185,0.7486911701208981,0.019131095982721363,0.00163546996191144,0.00010000074633068537,0.45690950006246567,47,{'C': 11.349733700893058},10,10,bayesian
glass,linear,6,0.658874458874459,0.09630550982577878,0.625966635365031,0.09474881691318786,0.7134148316062177,0.01762545709913749,0.0024118199944496155,0.00023169870816300015,0.43803759990260005,48,{'C': 28.48683188622436},10,10,bayesian
glass,linear,7,0.6448051948051947,0.0817852495623135,0.608342115400939,0.07764756087470512,0.723785621761658,0.010423077058734348,0.0018373400438576938,0.00019105447821629528,0.44256360037252307,49,{'C': 21.043173174840597},10,10,bayesian
glass,linear,8,0.6491341991341991,0.07052059664436079,0.6219906658528951,0.06902915014686557,0.7201505829015543,0.012661257093071112,0.001850700005888939,0.0001814054677978287,0.4345583999529481,50,{'C': 25.548136901797378},10,10,bayesian
glass,linear,9,0.6642857142857143,0.05333159397287396,0.6293186492279814,0.057672955141813705,0.7393377590673575,0.013836463462773447,0.0017198500223457812,9.711660503058772e-05,0.43473839992657304,51,{'C': 15.76785920720762},10,10,bayesian
glass,poly,0,0.7008658008658009,0.09472906073439619,0.6866264128028834,0.09959318432247026,0.6412213946459413,0.01224844821235589,0.0029533499386161567,0.00010919656720254206,0.4445925001055002,42,"{'C': 37.454637344617396, 'degree': 6, 'gamma': 2.9321633619048173}",10,10,bayesian
glass,poly,1,0.7004329004329004,0.12240522884246044,0.6820799453197824,0.12925054416289586,0.656282383419689,0.018407341743502913,0.0028583600651472807,0.00021765067873240695,0.4472471000626683,43,"{'C': 44.576390325611044, 'degree': 5, 'gamma': 0.34433613551210357}",10,10,bayesian
glass,poly,2,0.7331168831168832,0.05803167147040416,0.7177939054409641,0.06767195925200095,0.6266839378238342,0.00979622383460266,0.0038358999881893396,0.00020774195410097485,0.4650038001127541,44,"{'C': 95.74724943472268, 'degree': 6, 'gamma': 3.5291436202329205}",10,10,bayesian
glass,poly,3,0.7108225108225109,0.08373127003906097,0.6962921143593412,0.08607714591404474,0.6511010362694301,0.01560693724796306,0.0030598098877817393,0.00010179159214420891,0.44854260003194213,45,"{'C': 98.90116233604654, 'degree': 4, 'gamma': 1.1370165937272034}",10,10,bayesian
glass,poly,4,0.7246753246753247,0.10054479510915289,0.7039597030095502,0.10943473268929657,0.658900043177893,0.01756371339801907,0.0029695800505578516,0.00020119850716911777,0.43558380007743835,46,"{'C': 78.38345124822426, 'degree': 4, 'gamma': 1.007906067758062}",10,10,bayesian
glass,poly,5,0.7106060606060607,0.07797046357296333,0.6997246777498878,0.08926106486340034,0.6630154360967184,0.020139866533701086,0.002704920060932636,0.0001179839252514401,0.43316869996488094,47,"{'C': 35.14742912146425, 'degree': 5, 'gamma': 3.201549584739277}",10,10,bayesian
glass,poly,6,0.7196969696969696,0.11446615199765084,0.7092850503592433,0.1153497890957348,0.661469127806563,0.012583320052749931,0.0028610200621187686,0.00013811666828599501,0.4503737003542483,48,"{'C': 44.49646271214178, 'degree': 5, 'gamma': 1.8488408310945195}",10,10,bayesian
glass,poly,7,0.719047619047619,0.09717047859115636,0.7141438323581181,0.0973296604068439,0.6355057210708118,0.015344249960757898,0.0035091199446469546,0.00026185079487065145,0.4633464002981782,49,"{'C': 70.76117850962414, 'degree': 6, 'gamma': 2.431682930384008}",10,10,bayesian
glass,poly,8,0.7015151515151515,0.07917138241866073,0.6833863369295702,0.07833995943881403,0.6760416666666667,0.014612399906307716,0.0026308200787752865,8.309884429452205e-05,0.4346477002836764,50,"{'C': 67.45763200916058, 'degree': 3, 'gamma': 2.036436743715766}",10,10,bayesian
glass,poly,9,0.7106060606060606,0.06713481827833931,0.6921368827251181,0.07801487864368944,0.6604193652849741,0.01643213594798761,0.0028823900036513807,0.00011171364834610092,0.408839900046587,51,"{'C': 72.8713543332869, 'degree': 4, 'gamma': 2.8609524348443096}",10,10,bayesian
glass,rbf,0,0.714935064935065,0.08195463780727179,0.6906493366577401,0.09548891258509681,0.7933479058721934,0.012965197320935162,0.0017448000144213438,3.973751412487957e-05,0.39757260028272867,42,"{'C': 5.809303133207778, 'gamma': 3.4667955808220072}",10,10,bayesian
glass,rbf,1,0.7010822510822511,0.10385754154484685,0.6830028085558624,0.11440003694580338,0.7502671632124353,0.01635797911052832,0.0017575000878423453,2.8575480218719963e-05,0.39181029982864857,43,"{'C': 11.506341584411505, 'gamma': 2.442374492441684}",10,10,bayesian
glass,rbf,2,0.7331168831168832,0.07699088864333521,0.7199347384641502,0.08764335457464584,0.6754857512953367,0.01628297090065781,0.001903219986706972,7.783604644984495e-05,0.4045882998034358,44,"{'C': 83.48438002441628, 'gamma': 0.43317197834869975}",10,10,bayesian
glass,rbf,3,0.7147186147186148,0.061654505812571175,0.7020427620083847,0.06963792389766897,0.6858862262521589,0.011866274868093815,0.0019464100245386363,8.643997896947716e-05,0.40272120013833046,45,"{'C': 61.82983006225224, 'gamma': 1.14187715102262}",10,10,bayesian
glass,rbf,4,0.7054112554112554,0.09522063003966211,0.6855558808605028,0.09429094515103892,0.7622085492227979,0.021449816829882406,0.0018288199789822102,9.17467581031947e-05,0.40197790041565895,46,"{'C': 10.408335656931513, 'gamma': 3.211524249181703}",10,10,bayesian
glass,rbf,5,0.7064935064935065,0.07478159199547312,0.6935450462849844,0.08005433734592868,0.6765490069084628,0.01720572158602748,0.0019321400672197343,9.783331360550179e-05,0.39812610018998384,47,"{'C': 70.60339509628965, 'gamma': 0.9983686305083388}",10,10,bayesian
glass,rbf,6,0.7158008658008658,0.08479242118110965,0.7049782414499354,0.09093132212147845,0.6692519430051813,0.01595340338535831,0.001985110016539693,7.264550257348873e-05,0.4242664002813399,48,"{'C': 79.20363403128228, 'gamma': 1.308437536827318}",10,10,bayesian
glass,rbf,7,0.7329004329004329,0.10848108256575789,0.7199842827573921,0.11168582630312136,0.6775636873920552,0.010906811015350678,0.0018290099687874317,8.227021527623375e-05,0.39908119989559054,49,"{'C': 96.21679197288353, 'gamma': 0.2503777431897933}",10,10,bayesian
glass,rbf,8,0.7389610389610389,0.07922905830464655,0.7277581755312849,0.0820891945656965,0.6739556347150258,0.013584874847977308,0.0020053899846971036,0.00012451001958536608,0.41164329973980784,50,"{'C': 76.05390826420042, 'gamma': 1.25081849866812}",10,10,bayesian
glass,rbf,9,0.7147186147186148,0.05855208403831295,0.6907751980684311,0.06718001901400009,0.7481946243523316,0.01065867086411798,0.0019652399700134993,6.037659243089971e-05,0.39180879993364215,51,"{'C': 28.42201566103021, 'gamma': 3.7981428233711143}",10,10,bayesian
glass,custom_hermite,0,0.6961038961038961,0.06778866930551725,0.6517336623644674,0.06636473229148838,0.8312607944732298,0.0065505734053723985,0.002228880021721125,6.58418313110875e-05,0.49348550010472536,42,"{'C': 83.24443163740138, 'degree': 2}",10,10,bayesian
glass,custom_hermite,1,0.6872294372294372,0.09841346540094582,0.6445555840475626,0.1030244111621083,0.8027256044905009,0.01901835164726306,0.0025346400681883095,0.0001671458027662807,0.49035209976136684,43,"{'C': 66.60935521958947, 'degree': 4}",10,10,bayesian
glass,custom_hermite,2,0.7188311688311687,0.08079973802532593,0.6768296647575728,0.07675806547526942,0.7928432642487047,0.014635556269352906,0.0025633400306105613,6.063520251994194e-05,0.49125370010733604,44,"{'C': 50.99073105655105, 'degree': 5}",10,10,bayesian
glass,custom_hermite,3,0.70995670995671,0.06740608665103241,0.6743716072287501,0.0695806352987016,0.7450885146804835,0.01475342798051744,0.0026406100019812583,5.379869524074014e-05,0.48151469975709915,45,"{'C': 97.60035557843834, 'degree': 5}",10,10,bayesian
glass,custom_hermite,4,0.7101731601731602,0.09995431013338413,0.6696246518073143,0.10424827380870907,0.793364097582038,0.019039865999666457,0.00235474007204175,5.654338390951103e-05,0.4960358999669552,46,"{'C': 91.27231627122983, 'degree': 3}",10,10,bayesian
glass,custom_hermite,5,0.7108225108225108,0.07003226600033487,0.6728137342533628,0.07602777286780929,0.7673979922279793,0.010471779971512806,0.002603579964488745,6.531717896448699e-05,0.4842860996723175,47,"{'C': 70.76080622076984, 'degree': 5}",10,10,bayesian
glass,custom_hermite,6,0.6963203463203463,0.10183769911887273,0.6620713203287286,0.10272275211496275,0.8255478195164077,0.015400895519024972,0.002409509988501668,5.799579339840956e-05,0.48243589978665113,48,"{'C': 46.010662718398954, 'degree': 4}",10,10,bayesian
glass,custom_hermite,7,0.70995670995671,0.06203479818600626,0.6744251632276843,0.06226597181599663,0.8042638169257341,0.01149690454359322,0.0024640601128339767,5.847595712732243e-05,0.4884441001340747,49,"{'C': 68.32799272073872, 'degree': 4}",10,10,bayesian
glass,custom_hermite,8,0.7054112554112555,0.08709505939640695,0.6706024264692995,0.08105664615344144,0.81360103626943,0.01665144940506465,0.0023178800474852324,5.225010908279904e-05,0.49599940003827214,50,"{'C': 67.45763200916058, 'degree': 3}",10,10,bayesian
glass,custom_hermite,9,0.6961038961038961,0.05273750780323883,0.6563051646045897,0.06064705503155938,0.7949104058721935,0.012117660448616209,0.002647680090740323,7.278614380314148e-05,0.4730689004063606,51,"{'C': 28.42201566103021, 'degree': 6}",10,10,bayesian
glass,custom_gegen,0,0.6961038961038961,0.053118135585031916,0.6582185410049186,0.05265828368519103,0.7518134715025907,0.011153502749834517,0.0030395199544727804,0.00012723310243718778,0.9809992001391947,42,"{'C': 45.607542351719374, 'degree': 5, 'alpha': -0.09264917350486412}",10,10,bayesian
glass,custom_gegen,1,0.7097402597402598,0.11644317557046963,0.6913717912634322,0.12707976780347008,0.5763007340241797,0.013667291957316651,0.004720870032906532,0.0002852918883562085,0.9969810997135937,43,"{'C': 66.60935521958947, 'degree': 4, 'alpha': -0.4322624893955228}",10,10,bayesian
glass,custom_gegen,2,0.6956709956709956,0.09987811390878033,0.6595398283633578,0.09844051249466731,0.7388331174438687,0.015125584932378977,0.0029612000100314615,0.00012877692236265827,1.1223326004110277,44,"{'C': 14.885657456358848, 'degree': 4, 'alpha': -0.17328102501183607}",10,10,bayesian
glass,custom_gegen,3,0.7385281385281385,0.058656011850806995,0.7287062619071787,0.06299412529102487,0.6142190198618309,0.011829348024688323,0.004511959943920374,0.00037431936087536325,1.0283363997004926,45,"{'C': 11.246977118703663, 'degree': 2, 'alpha': 0.4623190862767723}",10,10,bayesian
glass,custom_gegen,4,0.724025974025974,0.1065509031261165,0.7053988659627757,0.10318140891593744,0.6474606001727115,0.018095128426576776,0.0037513898685574533,0.0001286423558018126,0.9448023000732064,46,"{'C': 26.24225722762328, 'degree': 6, 'alpha': 0.29633924272509005}",10,10,bayesian
glass,custom_gegen,5,0.711038961038961,0.07452459849733177,0.7039128518540284,0.07873210706612815,0.5955364853195164,0.016105203029442305,0.004308489942923188,0.00035424267180209383,1.1967354998923838,47,"{'C': 12.712329991335293, 'degree': 5, 'alpha': -0.47957646815918376}",10,10,bayesian
glass,custom_gegen,6,0.7192640692640694,0.07105404895819238,0.6854144761000135,0.07161140915687436,0.720166774611399,0.02013612436720471,0.0032751200255006553,9.602533376318732e-05,0.754088900052011,48,"{'C': 29.89833876951833, 'degree': 5, 'alpha': 0.15569648898167532}",10,10,bayesian
glass,custom_gegen,7,0.7374458874458875,0.10946925561579546,0.7321961159520967,0.10724580502574682,0.6209844559585493,0.014995077515312252,0.003844020003452897,0.00014946038468193366,1.2316438001580536,49,"{'C': 22.91459130306838, 'degree': 6, 'alpha': -0.37275251226410955}",10,10,bayesian
glass,custom_gegen,8,0.7056277056277057,0.06631294251847292,0.6877791186404633,0.07142826644850747,0.6890220207253885,0.017050229253204353,0.003064880007877946,9.400327674855052e-05,1.126541499979794,50,"{'C': 31.001624859184517, 'degree': 3, 'alpha': 0.21001198681815925}",10,10,bayesian
glass,custom_gegen,9,0.7329004329004329,0.09936550266695364,0.7169850854094552,0.10370055962729019,0.6225415587219343,0.027239092978378274,0.0042146399151533846,0.00021413950904290209,0.9679754003882408,51,"{'C': 64.67490767496166, 'degree': 2, 'alpha': 0.3263934923421967}",10,10,bayesian
glass,custom_alsalam,0,0.7151515151515151,0.09982180859354822,0.6988246765397362,0.11064825139823321,0.6376025474956822,0.020918738036506863,0.002929380023851991,0.000183281234385538,0.638457200024277,42,"{'C': 13.95024657134353, 'degree': 2, 'a': -1, 'q': 0.37}",10,10,bayesian
glass,custom_alsalam,1,0.6673160173160173,0.12326283961029197,0.6487082101478386,0.13265668554975774,0.6012251727115716,0.02046949215905866,0.003749149991199374,0.00018331602675541078,0.628675099927932,43,"{'C': 22.103678559441246, 'degree': 3, 'a': -1, 'q': 0.32}",10,10,bayesian
glass,custom_alsalam,2,0.7515151515151516,0.06285112012456623,0.7370566287544897,0.07007639147410985,0.6105866796200345,0.016996002008229105,0.003796309931203723,0.0003163426899801862,0.5489057996310294,44,"{'C': 42.76572445463983, 'degree': 1, 'a': -1, 'q': 0.22}",10,10,bayesian
glass,custom_alsalam,3,0.7054112554112555,0.06417630288793587,0.689500719479711,0.06844809334579276,0.6910837651122625,0.009726621546076392,0.002402969961985946,0.0001259512774943278,0.5523399002850056,45,"{'C': 11.246977118703663, 'degree': 2, 'a': -1, 'q': 0.48000000000000004}",10,10,bayesian
glass,custom_alsalam,4,0.6963203463203463,0.11516717824665638,0.6848087339462838,0.11285645881676255,0.6448726252158894,0.01805700017458987,0.002644510008394718,0.00015449893441452423,0.5980945001356304,46,"{'C': 29.99148509430352, 'degree': 1, 'a': -1, 'q': 0.37}",10,10,bayesian
glass,custom_alsalam,5,0.7158008658008658,0.0698705187820758,0.7063201177907061,0.07175399485349414,0.6464216321243523,0.014282024307544683,0.002944060089066625,0.00012261764260177552,0.6107783000916243,47,"{'C': 85.67920399582866, 'degree': 5, 'a': -1, 'q': 0.55}",10,10,bayesian
glass,custom_alsalam,6,0.743073593073593,0.12041345568950598,0.7300413928299819,0.1246265276330116,0.6121653713298791,0.013865338042112294,0.004294340079650283,0.0006380062385166766,0.6290934002026916,48,"{'C': 35.71784231100412, 'degree': 1, 'a': -1, 'q': 0.15000000000000002}",10,10,bayesian
glass,custom_alsalam,7,0.7329004329004329,0.09356659924870754,0.7182673108390811,0.10083799607932088,0.6126889032815198,0.018609170937642253,0.0034197701141238214,0.00017886977579653147,0.5880950000137091,49,"{'C': 89.62311386559638, 'degree': 5, 'a': -1, 'q': 0.5}",10,10,bayesian
glass,custom_alsalam,8,0.7435064935064934,0.0743672672154076,0.7383235177944881,0.07439731471042631,0.6204879101899827,0.016094790350996938,0.003342649945989251,0.0005845220688358726,0.5728160999715328,50,"{'C': 67.45763200916058, 'degree': 3, 'a': -1, 'q': 0.51}",10,10,bayesian
glass,custom_alsalam,9,0.7242424242424242,0.07726514811194149,0.708731875034396,0.09399262867822636,0.6131854490500863,0.015118823558789603,0.0032946199644356966,0.00018343196996284646,0.5790369999594986,51,"{'C': 67.57346581893972, 'degree': 1, 'a': -1, 'q': 0.34}",10,10,bayesian
SPECTF,linear,0,0.7943019943019942,0.06485534564426831,0.7941766036376926,0.062467858317162145,0.3283437067773168,0.0077060687176163266,0.005798999965190887,0.00014529179079026566,0.7490241997875273,42,{'C': 73.1996621871987},10,10,bayesian
SPECTF,linear,1,0.8126780626780628,0.047190573934428985,0.8058792630134095,0.04649410582891944,0.40783022130013824,0.008190355928782566,0.0014794200658798217,0.00012819255705836318,0.6504823002032936,43,{'C': 2.9023534286116157},10,10,bayesian
SPECTF,linear,2,0.7972934472934472,0.08135898687954128,0.7933348301652015,0.08323802278660392,0.36581431535269715,0.018118811979491268,0.0024991599842906,0.0006341923283667144,0.7488724002614617,44,{'C': 10.480505640882603},10,10,bayesian
SPECTF,linear,3,0.8015669515669515,0.028660812899952266,0.7838027380258903,0.036459436186217796,0.39034578146611343,0.013909108794925393,0.0017397399060428143,0.0002756989995016836,0.6614065002650023,45,{'C': 4.853151568643681},10,10,bayesian
SPECTF,linear,4,0.8122507122507123,0.06794379024938665,0.805395459060346,0.0760957102225657,0.387448132780083,0.015551899602299158,0.001779480092227459,0.00014706449619995913,0.7456527003087103,46,{'C': 4.287501969778039},10,10,bayesian
SPECTF,linear,5,0.8014245014245015,0.06004303075701193,0.791232806203803,0.06276942792559559,0.3682762793914246,0.014805105920390728,0.0028246499598026274,0.0008043709146604178,0.7567996997386217,47,{'C': 11.349733700893058},10,10,bayesian
SPECTF,linear,6,0.7874643874643874,0.08648213729870849,0.7765699896373655,0.0961462581486062,0.41821058091286306,0.012895085314593581,0.0012596999295055866,5.6173221097379716e-05,0.6952658002264798,48,{'C': 1.7500096028443315},10,10,bayesian
SPECTF,linear,7,0.782905982905983,0.08963997093150322,0.7846958200791423,0.08401574908893403,0.3354097510373444,0.02157308986807237,0.005515489960089326,0.0003200764555364107,0.7816968997940421,49,{'C': 54.697041058422926},10,10,bayesian
SPECTF,linear,8,0.79002849002849,0.043090638314654435,0.7868301780663914,0.042073646748409514,0.3445764177040111,0.010873865173049738,0.004086749954149127,0.0007587536409571222,0.7561986004002392,50,{'C': 25.548136901797378},10,10,bayesian
SPECTF,linear,9,0.8166666666666667,0.056447115932553256,0.8080141960536599,0.05916850340811185,0.38909232365145224,0.009500185946650431,0.0016297800466418266,0.00013179613820847878,0.6930018998682499,51,{'C': 4.472173508112401},10,10,bayesian
SPECTF,poly,0,0.808974358974359,0.04225970207876001,0.7983845019699107,0.03996320329478938,0.4269605809128631,0.01124369783289963,0.0012353300582617522,4.8918941635779456e-05,0.45152049977332354,42,"{'C': 59.86624976121946, 'degree': 1, 'gamma': 0.6371656669645575}",10,10,bayesian
SPECTF,poly,1,0.808974358974359,0.0510776632910636,0.8004359409034206,0.05404852379553426,0.41740836791147995,0.010370139659294902,0.0027886100579053164,0.00011613282398143452,0.5128777995705605,43,"{'C': 22.103678559441246, 'degree': 3, 'gamma': 1.2750718767131752}",10,10,bayesian
SPECTF,poly,2,0.8195156695156696,0.0953885339594766,0.814820913367425,0.09794119732549887,0.4011791147994467,0.014442012797132269,0.0016059800516813993,0.00012431716910480306,0.5064039998687804,44,"{'C': 64.64140982977695, 'degree': 2, 'gamma': 2.553002555011625}",10,10,bayesian
SPECTF,poly,3,0.8088319088319087,0.039691221408197266,0.7902857851990495,0.04597203430224398,0.43363070539419085,0.006204979763359729,0.002490910002961755,0.00011279727419297548,0.5225910996086895,45,"{'C': 7.729879318351191, 'degree': 3, 'gamma': 1.899469254494512}",10,10,bayesian
SPECTF,poly,4,0.8239316239316239,0.059931400734940236,0.810846729879916,0.07326441484401115,0.418646265560166,0.010321088053235524,0.0012872000224888325,4.5745161983989214e-05,0.4818199002183974,46,"{'C': 30.75461872064403, 'degree': 2, 'gamma': 1.984005958930137}",10,10,bayesian
SPECTF,poly,5,0.8280626780626781,0.043357527182150815,0.8233297224776395,0.04560438953461842,0.41072268326417705,0.018299825104707717,0.003691620100289583,0.00013772477632619214,0.5097230998799205,47,"{'C': 35.14742912146425, 'degree': 5, 'gamma': 3.201549584739277}",10,10,bayesian
SPECTF,poly,6,0.7941595441595442,0.016566528988052703,0.7031421452014157,0.02284561246273827,0.44401970954356845,0.007118083654691444,0.0010267001111060382,5.6042816313393295e-05,0.5019828001968563,48,"{'C': 3.711994388168878, 'degree': 1, 'gamma': 0.8660498050857349}",10,10,bayesian
SPECTF,poly,7,0.8015669515669515,0.0863065667683635,0.7969863804255939,0.07174455166862306,0.4190542876901798,0.018868099587901366,0.0012545700650662185,5.608909390990518e-05,0.5332217002287507,49,"{'C': 30.0971446211356, 'degree': 2, 'gamma': 3.706491553751403}",10,10,bayesian
SPECTF,poly,8,0.8125356125356126,0.05086966190424717,0.8073315031226473,0.049480442451087354,0.3995107192254495,0.009144311818898469,0.0014982599765062331,7.92704288914083e-05,0.4781629997305572,50,"{'C': 55.99615041510878, 'degree': 2, 'gamma': 3.554547024509242}",10,10,bayesian
SPECTF,poly,9,0.8126780626780628,0.055614878109088245,0.7997813006003096,0.058069040608391,0.43112378976486865,0.010359198955962169,0.0011582800652831793,4.727352903529767e-05,0.42972590029239655,51,"{'C': 44.54160488284843, 'degree': 1, 'gamma': 3.0223873424901875}",10,10,bayesian
SPECTF,rbf,0,0.7941595441595442,0.016566528988052703,0.7031421452014157,0.02284561246273827,1.0,0.0,0.001945040049031377,8.96724943787804e-05,0.4287526002153754,42,"{'C': 37.454637344617396, 'gamma': 3.80362731460201}",10,10,bayesian
SPECTF,rbf,1,0.798148148148148,0.06600239466360554,0.7718849718797494,0.07563866828007479,0.897213001383126,0.013302001773699983,0.0019110399764031172,6.443140323818044e-05,0.41878770012408495,43,"{'C': 13.33996302763464, 'gamma': 0.9742242670494365}",10,10,bayesian
SPECTF,rbf,2,0.7941595441595442,0.016566528988052703,0.7031421452014157,0.02284561246273827,1.0,0.0,0.001926730014383793,7.85477679379705e-05,0.42147659976035357,44,"{'C': 21.79066903578307, 'gamma': 3.8305527751924835}",10,10,bayesian
SPECTF,rbf,3,0.79002849002849,0.026765468220075306,0.7282005804448648,0.029927681860451322,1.0,0.0,0.0018291600048542024,4.319545732180607e-05,0.4545398000627756,45,"{'C': 98.90116233604654, 'gamma': 2.205217271021953}",10,10,bayesian
SPECTF,rbf,4,0.7941595441595442,0.016566528988052703,0.7031421452014157,0.02284561246273827,1.0,0.0,0.0019181500189006328,3.652038377007203e-05,0.41685769986361265,46,"{'C': 31.308380486232352, 'gamma': 3.749930096242834}",10,10,bayesian
SPECTF,rbf,5,0.7943019943019942,0.04338630065643173,0.7797001710372159,0.05805442936456683,0.443594398340249,0.01891817810368461,0.001969669805839658,0.0002286724434300955,0.43666840018704534,47,"{'C': 25.599987137364938, 'gamma': 0.11129523917292246}",10,10,bayesian
SPECTF,rbf,6,0.7941595441595442,0.016566528988052703,0.7031421452014157,0.02284561246273827,1.0,0.0,0.0019500399939715862,0.00013991789730895016,0.41368080023676157,48,"{'C': 1.7500096028443315, 'gamma': 3.567987236421342}",10,10,bayesian
SPECTF,rbf,7,0.7910256410256411,0.0769548578433933,0.7842964962042293,0.08116726530352726,0.48274031811894885,0.01473407865058356,0.0020867600105702877,7.06130832261074e-05,0.4194470997899771,49,"{'C': 96.21679197288353, 'gamma': 0.2503777431897933}",10,10,bayesian
SPECTF,rbf,8,0.8054131054131053,0.035721769795159904,0.7765013345455838,0.041432794827477394,0.9629668049792531,0.00705634840842219,0.001817449927330017,3.311047243973328e-05,0.45094949984923005,50,"{'C': 76.05390826420042, 'gamma': 1.25081849866812}",10,10,bayesian
SPECTF,rbf,9,0.7941595441595442,0.016566528988052703,0.7031421452014157,0.02284561246273827,1.0,0.0,0.00195681001059711,0.00010862880933323303,0.43094620015472174,51,"{'C': 28.42201566103021, 'gamma': 3.7981428233711143}",10,10,bayesian
SPECTF,custom_hermite,0,0.7941595441595442,0.016566528988052703,0.7031421452014157,0.02284561246273827,0.5830186721991701,0.023138818582657084,0.014888320025056601,0.00040585672502100825,1.7902676998637617,42,"{'C': 37.454637344617396, 'degree': 6}",10,10,bayesian
SPECTF,custom_hermite,1,0.7941595441595442,0.016566528988052703,0.7031421452014157,0.02284561246273827,0.4910494467496542,0.01273958608667234,0.013363130064681173,0.00043738830938440485,1.7520049000158906,43,"{'C': 11.506341584411505, 'degree': 4}",10,10,bayesian
SPECTF,custom_hermite,2,0.7941595441595442,0.016566528988052703,0.7031421452014157,0.02284561246273827,0.43986687413554637,0.009096785038004289,0.0065988400019705296,0.0006226534647485744,1.5395202999934554,44,"{'C': 83.48438002441628, 'degree': 1}",10,10,bayesian
SPECTF,custom_hermite,3,0.7941595441595442,0.016566528988052703,0.7031421452014157,0.02284561246273827,0.5226746196403872,0.00817984136288411,0.014263869961723685,0.00043383789134535914,1.564230800140649,45,"{'C': 98.90116233604654, 'degree': 4}",10,10,bayesian
SPECTF,custom_hermite,4,0.7941595441595442,0.016566528988052703,0.7031421452014157,0.02284561246273827,0.5156051175656985,0.006195884792894499,0.014474500017240644,0.00030914101629567355,1.821248899679631,46,"{'C': 78.38345124822426, 'degree': 4}",10,10,bayesian
SPECTF,custom_hermite,5,0.7941595441595442,0.016566528988052703,0.7031421452014157,0.02284561246273827,0.560954356846473,0.016608541458725447,0.015120000019669533,0.0003788867077186081,1.62291119992733,47,"{'C': 11.349733700893058, 'degree': 6}",10,10,bayesian
SPECTF,custom_hermite,6,0.7941595441595442,0.016566528988052703,0.7031421452014157,0.02284561246273827,0.523494121715076,0.015342584037415691,0.014878550032153725,0.0006715655968864137,1.6034609000198543,48,"{'C': 1.7500096028443315, 'degree': 6}",10,10,bayesian
SPECTF,custom_hermite,7,0.7941595441595442,0.016566528988052703,0.7031421452014157,0.02284561246273827,0.4527489626556017,0.014263818680881123,0.006688650045543909,5.4455474229741766e-05,1.543574099894613,49,"{'C': 30.0971446211356, 'degree': 2}",10,10,bayesian
SPECTF,custom_hermite,8,0.7941595441595442,0.016566528988052703,0.7031421452014157,0.02284561246273827,0.4698271092669433,0.009950085646737506,0.006739020021632314,0.0001474038209198128,1.7331580999307334,50,"{'C': 49.4606699521566, 'degree': 2}",10,10,bayesian
SPECTF,custom_hermite,9,0.7941595441595442,0.016566528988052703,0.7031421452014157,0.02284561246273827,0.4336324343015214,0.007796352475561598,0.006279890099540353,0.0001026856078897796,1.3440493000671268,51,"{'C': 67.57346581893972, 'degree': 1}",10,10,bayesian
SPECTF,custom_gegen,0,0.7978632478632478,0.06268275688197346,0.7814285714576931,0.06380644101402422,0.5085286998616874,0.01745934146596161,0.08529141996987163,0.0024210301712977076,7.234787099994719,42,"{'C': 43.19506991919293, 'degree': 2, 'alpha': 0.7275872604975351}",10,10,bayesian
SPECTF,custom_gegen,1,0.8085470085470086,0.06492414310250462,0.7972079098456291,0.06896354240529054,0.5301798063623789,0.014267397929397843,0.0233468699734658,0.003068326612563989,6.4859675001353025,43,"{'C': 66.60935521958947, 'degree': 4, 'alpha': -0.4322624893955228}",10,10,bayesian
SPECTF,custom_gegen,2,0.8017094017094017,0.022029627831593495,0.7189186584918049,0.038245180863704126,1.0,0.0,0.02545584999024868,0.0013776582807938807,8.2420134996064,44,"{'C': 71.01508918471401, 'degree': 6, 'alpha': 0.41867600678848516}",10,10,bayesian
SPECTF,custom_gegen,3,0.8160968660968662,0.03323975712733627,0.8132105515536067,0.02693120811928232,0.4423513139695713,0.02516229086938125,0.017594929970800876,0.0010020027026540312,6.550636299885809,45,"{'C': 4.853151568643681, 'degree': 1, 'alpha': -0.25925808411909057}",10,10,bayesian
SPECTF,custom_gegen,4,0.808974358974359,0.0453897658319816,0.8028112557440737,0.054728148931234954,0.43196230982019374,0.017476653657914284,0.017223720019683243,0.0003341707927354985,5.791109699755907,46,"{'C': 29.99148509430352, 'degree': 1, 'alpha': 0.25070004483418906}",10,10,bayesian
SPECTF,custom_gegen,5,0.7941595441595442,0.016566528988052703,0.7031421452014157,0.02284561246273827,0.44444329183955744,0.005973424617431251,0.09626997006125748,0.007782973144731791,9.184526199940592,47,"{'C': 11.349733700893058, 'degree': 6, 'alpha': 0.9601819206672013}",10,10,bayesian
SPECTF,custom_gegen,6,0.7981481481481482,0.06372172402850278,0.7748240233927475,0.07141662376099385,0.7960719225449516,0.07581999408667121,0.016081190016120673,0.0007336402082124949,4.280289800371975,48,"{'C': 59.27484815312826, 'degree': 3, 'alpha': 0.4143113634482968}",10,10,bayesian
SPECTF,custom_gegen,7,0.813105413105413,0.08053612533030428,0.7968994773674261,0.08441184269135016,0.6570937067773168,0.01076445264540431,0.09521672008559108,0.005286323805246209,9.841493700165302,49,"{'C': 89.62311386559638, 'degree': 5, 'alpha': 0.502572896317449}",10,10,bayesian
SPECTF,custom_gegen,8,0.8047008547008547,0.052457446283507646,0.8017725524500593,0.05781165931997383,0.41573997233748267,0.01436828759724705,0.016316840052604677,0.0010877625807748925,8.024933500215411,50,"{'C': 66.83408854009923, 'degree': 1, 'alpha': 0.16084403508539902}",10,10,bayesian
SPECTF,custom_gegen,9,0.8128205128205128,0.06456371007385765,0.8043169155302623,0.06579914378969445,0.4307071230982019,0.007662288103999484,0.016070079989731312,0.000505288454574921,6.298397000413388,51,"{'C': 48.78009133549274, 'degree': 2, 'alpha': -0.05581670324541077}",10,10,bayesian
SPECTF,custom_alsalam,0,0.7941595441595442,0.016566528988052703,0.7031421452014157,0.02284561246273827,0.41198132780082986,0.00369683081866186,0.013378109922632575,0.0014749987094366402,1.5258641997352242,42,"{'C': 37.454637344617396, 'degree': 6, 'a': -1, 'q': 0.73}",10,10,bayesian
SPECTF,custom_alsalam,1,0.8054131054131053,0.04296802587925875,0.7820125344798168,0.0583369028162567,0.8006725449515907,0.020028469418979965,0.011290250066667794,0.0004634271855071006,1.4570118002593517,43,"{'C': 11.506341584411505, 'degree': 4, 'a': -1, 'q': 0.14}",10,10,bayesian
SPECTF,custom_alsalam,2,0.7941595441595442,0.016566528988052703,0.7031421452014157,0.02284561246273827,0.41198132780082986,0.00369683081866186,0.004185459949076176,8.194520365483059e-05,1.3388437000103295,44,"{'C': 83.48438002441628, 'degree': 1, 'a': -1, 'q': 0.74}",10,10,bayesian
SPECTF,custom_alsalam,3,0.7977207977207976,0.030124079516549957,0.7877968038943047,0.03884760174602033,0.4831621715076072,0.01450267499141747,0.0050704600289464,0.00016974468671562267,1.3572423998266459,45,"{'C': 4.853151568643681, 'degree': 1, 'a': -1, 'q': 0.12}",10,10,bayesian
SPECTF,custom_alsalam,4,0.7941595441595442,0.016566528988052703,0.7031421452014157,0.02284561246273827,0.41198132780082986,0.00369683081866186,0.004908169945701956,0.00016048944208244556,1.3376608998514712,46,"{'C': 75.80782838911712, 'degree': 2, 'a': -1, 'q': 0.93}",10,10,bayesian
SPECTF,custom_alsalam,5,0.7941595441595442,0.016566528988052703,0.7031421452014157,0.02284561246273827,0.41198132780082986,0.00369683081866186,0.01168685988523066,0.00022117005777192721,1.4726061997935176,47,"{'C': 11.349733700893058, 'degree': 6, 'a': -1, 'q': 0.73}",10,10,bayesian
SPECTF,custom_alsalam,6,0.7874643874643875,0.07269369086640257,0.77576121786688,0.07102172234813232,0.8164730290456431,0.021247079252660627,0.006155100045725703,4.960573596893774e-05,1.3786400998942554,48,"{'C': 57.49878373151376, 'degree': 3, 'a': -1, 'q': 0.38}",10,10,bayesian
SPECTF,custom_alsalam,7,0.7944444444444445,0.05944132261180462,0.7807469128587654,0.054440596189676546,0.79774377593361,0.018835548757174726,0.012181669939309359,0.00012941002990733846,1.5026480997912586,49,"{'C': 22.91459130306838, 'degree': 6, 'a': -1, 'q': 0.060000000000000005}",10,10,bayesian
SPECTF,custom_alsalam,8,0.7974358974358975,0.07448058518936053,0.7944574601511887,0.06690263503203658,0.4943827800829875,0.009988690693959015,0.005004829959943891,8.619472583514509e-05,1.2581112002953887,50,"{'C': 66.83408854009923, 'degree': 1, 'a': -1, 'q': 0.33}",10,10,bayesian
SPECTF,custom_alsalam,9,0.7941595441595442,0.016566528988052703,0.7031421452014157,0.02284561246273827,0.41198132780082986,0.00369683081866186,0.004913550009950996,0.00010710401615189492,1.1400377000682056,51,"{'C': 64.40232868225607, 'degree': 2, 'a': -1, 'q': 0.9400000000000001}",10,10,bayesian
student,linear,0,0.2342857142857143,0.08862261705664222,0.21995086923658355,0.0824556007222458,0.9769994128009396,0.011871795664046766,0.003767329966649413,0.00022685727421438464,0.6581164998933673,42,{'C': 5.809303133207778},10,10,bayesian
student,linear,1,0.2833333333333333,0.0725389878748302,0.2413715728715729,0.08951653749493273,0.9770052847915442,0.011394089007777563,0.0034376400988548996,0.00029194596868181586,0.6536755999550223,43,{'C': 2.9023534286116157},10,10,bayesian
student,linear,2,0.21523809523809523,0.08872490542985895,0.18785789871504158,0.07642618768626351,0.9777803875513799,0.010543557702556685,0.004187679896131158,0.00042952584230281977,0.656043500173837,44,{'C': 10.480505640882603},10,10,bayesian
student,linear,3,0.2623809523809524,0.09748422745846942,0.23016484573627433,0.0789691289971587,0.9693482090428654,0.013269841324624214,0.0044836900662630795,0.0006909989660909118,0.6639041998423636,45,{'C': 98.90116233604654},10,10,bayesian
student,linear,4,0.2561904761904762,0.08523144427363953,0.23109750566893425,0.0917183933609488,0.9800763358778626,0.015022545511071368,0.0038349300157278776,0.0007079069881655404,0.6549757998436689,46,{'C': 4.287501969778039},10,10,bayesian
student,linear,5,0.25047619047619046,0.10376582741334216,0.23207369614512469,0.0984040288000769,0.971650029359953,0.008415847064652536,0.004270409978926182,0.00043746067274893087,0.6883233999833465,47,{'C': 11.349733700893058},10,10,bayesian
student,linear,6,0.24380952380952378,0.1377796064541067,0.22353061224489795,0.11847934686565541,0.9716324133881387,0.01843276588528156,0.0032343999948352574,0.00030903652833937605,0.6611033002845943,48,{'C': 1.7500096028443315},10,10,bayesian
student,linear,7,0.24142857142857146,0.09835494977439985,0.21586507936507937,0.09971011709349883,0.975490311215502,0.011754903904723836,0.004686250071972609,0.0009094098102923908,0.6866693999618292,49,{'C': 30.0971446211356},10,10,bayesian
student,linear,8,0.20999999999999996,0.10379313981673294,0.18741080876795163,0.0965569414692574,0.970093951849677,0.010020412177323534,0.0046602299902588126,0.0008598311993067514,0.6895431997254491,50,{'C': 49.4606699521566},10,10,bayesian
student,linear,9,0.2623809523809523,0.08107693499235834,0.24777777777777774,0.0766775765348662,0.9762654139753376,0.007156932849782239,0.004850819986313581,0.0004641059480259494,0.7027789000421762,51,{'C': 67.57346581893972},10,10,bayesian
student,poly,0,0.25666666666666665,0.11817681514234596,0.2337948189376761,0.10710225638704227,1.0,0.0,0.0021358601283282042,4.85999498293557e-05,0.44801479997113347,42,"{'C': 51.42392960692274, 'degree': 4, 'gamma': 0.20070086318124095}",10,10,bayesian
student,poly,1,0.3057142857142857,0.12839140836324134,0.2704139352710781,0.13225321534481446,0.9976981796829125,0.0035161213010252495,0.0021221401169896127,3.5794637948867604e-05,0.4291166001930833,43,"{'C': 11.506341584411505, 'degree': 4, 'gamma': 0.547104622928547}",10,10,bayesian
student,poly,2,0.26095238095238094,0.11806835331460235,0.22803061224489798,0.1037088564998724,0.9984732824427482,0.0030534351145038215,0.0020158900413662197,4.784895621520522e-05,0.44703330006450415,44,"{'C': 71.01508918471401, 'degree': 6, 'gamma': 1.8349747309285782}",10,10,bayesian
student,poly,3,0.3176190476190476,0.07037476614348759,0.27347656840513984,0.05940579555795356,0.9892777451556076,0.008530092626768668,0.001621579984202981,5.0491394183286084e-05,0.4122381000779569,45,"{'C': 4.853151568643681, 'degree': 1, 'gamma': 0.4776161161246224}",10,10,bayesian
student,poly,4,0.24904761904761905,0.07253273559177473,0.21612250712250716,0.08442682242979946,0.9992307692307693,0.0023076923076922997,0.002130109956488013,2.591665550824622e-05,0.43625030014663935,46,"{'C': 78.38345124822426, 'degree': 4, 'gamma': 1.007906067758062}",10,10,bayesian
student,poly,5,0.29761904761904756,0.14465926812643318,0.2738707482993197,0.15490432693151474,0.9915795654726953,0.007211569502338026,0.0021743799559772016,5.698442130238083e-05,0.4181253998540342,47,"{'C': 9.873496758926203, 'degree': 2, 'gamma': 2.569034341275915}",10,10,bayesian
student,poly,6,0.2761904761904762,0.08427360687858644,0.2506100460386175,0.08244423185195243,0.9946271285965944,0.004920030866139559,0.0022913199849426747,6.460155512882088e-05,0.44407379999756813,48,"{'C': 86.47117395863914, 'degree': 3, 'gamma': 2.1999785331136565}",10,10,bayesian
student,poly,7,0.28380952380952384,0.09155249538068769,0.2598745275888133,0.09278928097925146,0.9884908984145626,0.006205502335214437,0.0022283900063484905,0.00010411944424564743,0.4229744002223015,49,"{'C': 30.0971446211356, 'degree': 2, 'gamma': 3.706491553751403}",10,10,bayesian
student,poly,8,0.29095238095238096,0.07875015747023813,0.26292410499553354,0.07806883034471303,0.9984674104521434,0.003065207218144803,0.0020360199734568594,5.3138842771776166e-05,0.4334460999816656,50,"{'C': 40.820311836119366, 'degree': 5, 'gamma': 3.045888366285398}",10,10,bayesian
student,poly,9,0.29666666666666663,0.07610262792653262,0.2598480725623583,0.07267559266437966,0.9984732824427482,0.003053435114503822,0.0021351799368858337,5.33280568622753e-05,0.44653099961578846,51,"{'C': 72.8713543332869, 'degree': 4, 'gamma': 2.8609524348443096}",10,10,bayesian
student,rbf,0,0.24047619047619045,0.026190476190476195,0.09395547692761314,0.01832522482677281,1.0,0.0,0.0018184499349445105,7.121749552527358e-05,0.38978510024026036,42,"{'C': 37.454637344617396, 'gamma': 3.80362731460201}",10,10,bayesian
student,rbf,1,0.2752380952380952,0.058157655774369627,0.16189621521123068,0.07376017827205435,1.0,0.0,0.0016262301243841649,5.832626966624332e-05,0.3860755003988743,43,"{'C': 25.44285816486207, 'gamma': 0.24227591946943294}",10,10,bayesian
student,rbf,2,0.24666666666666665,0.055850464424364754,0.11305590364800891,0.05509548901997513,1.0,0.0,0.001723430072888732,4.9183602533104146e-05,0.38513770001009107,44,"{'C': 83.48438002441628, 'gamma': 0.43317197834869975}",10,10,bayesian
student,rbf,3,0.25428571428571434,0.037748421300202686,0.1293087702917424,0.04529125530634222,1.0,0.0,0.0016659400425851345,3.7904659233132155e-05,0.38448880007490516,45,"{'C': 28.14544874820433, 'gamma': 0.3235756148467037}",10,10,bayesian
student,rbf,4,0.24761904761904763,0.060833216848271664,0.12007557701443147,0.0656097508286369,1.0,0.0,0.0016808299347758292,4.294816092441082e-05,0.3885564999654889,46,"{'C': 50.79392613603845, 'gamma': 0.3539301323851334}",10,10,bayesian
student,rbf,5,0.24047619047619045,0.026190476190476195,0.09395547692761314,0.01832522482677281,1.0,0.0,0.0018229900859296321,5.040699589231377e-05,0.38478050008416176,47,"{'C': 11.349733700893058, 'gamma': 3.898331079395257}",10,10,bayesian
student,rbf,6,0.24761904761904763,0.02776643759450143,0.10519953887987943,0.02993015935590438,1.0,0.0,0.001770660001784563,4.602582712469619e-05,0.3890987001359463,48,"{'C': 11.232090227245585, 'gamma': 0.5809964763486839}",10,10,bayesian
student,rbf,7,0.24047619047619045,0.026190476190476195,0.09395547692761314,0.01832522482677281,1.0,0.0,0.0017770701088011265,3.540046331866115e-05,0.38801740016788244,49,"{'C': 30.0971446211356, 'gamma': 1.0000119867228543}",10,10,bayesian
student,rbf,8,0.24047619047619045,0.026190476190476195,0.09395547692761314,0.01832522482677281,1.0,0.0,0.0017701300792396068,4.511020060589664e-05,0.3882520003244281,50,"{'C': 49.4606699521566, 'gamma': 0.9243936192903239}",10,10,bayesian
student,rbf,9,0.2690476190476191,0.06606016635031502,0.1758074922276603,0.07871863491702545,1.0,0.0,0.0016360499896109105,9.158181885522576e-05,0.3815317000262439,51,"{'C': 67.57346581893972, 'gamma': 0.1937751009648631}",10,10,bayesian
student,custom_hermite,0,0.24047619047619045,0.026190476190476195,0.09395547692761314,0.01832522482677281,1.0,0.0,0.004357050079852343,4.847545898741935e-05,0.76788209984079,42,"{'C': 37.454637344617396, 'degree': 6}",10,10,bayesian
student,custom_hermite,1,0.24047619047619045,0.026190476190476195,0.09395547692761314,0.01832522482677281,0.9938696418085732,0.007520193054188166,0.00370427998714149,6.785928917241349e-05,0.744098300114274,43,"{'C': 11.506341584411505, 'degree': 4}",10,10,bayesian
student,custom_hermite,2,0.24047619047619045,0.026190476190476195,0.09395547692761314,0.01832522482677281,0.9961714621256608,0.0038285919106814197,0.0027299799956381323,0.00010781008474154836,0.7170876003801823,44,"{'C': 83.48438002441628, 'degree': 1}",10,10,bayesian
student,custom_hermite,3,0.24047619047619045,0.026190476190476195,0.09395547692761314,0.01832522482677281,0.9969406928948914,0.0037469051959056446,0.003717020060867071,3.2283022645228665e-05,0.6905211000703275,45,"{'C': 98.90116233604654, 'degree': 4}",10,10,bayesian
student,custom_hermite,4,0.24047619047619045,0.026190476190476195,0.09395547692761314,0.01832522482677281,0.9938813857897827,0.007481791707866368,0.0037109100259840487,4.3209123365404066e-05,0.7505357996560633,46,"{'C': 78.38345124822426, 'degree': 4}",10,10,bayesian
student,custom_hermite,5,0.24047619047619045,0.026190476190476195,0.09395547692761314,0.01832522482677281,0.9984615384615385,0.004615384615384599,0.0043115399312227964,2.89977312015777e-05,0.7244911999441683,47,"{'C': 11.349733700893058, 'degree': 6}",10,10,bayesian
student,custom_hermite,6,0.24047619047619045,0.026190476190476195,0.09395547692761314,0.01832522482677281,0.993112155020552,0.005346095146886584,0.004293049965053797,7.08875115558097e-05,0.7292324001900852,48,"{'C': 1.7500096028443315, 'degree': 6}",10,10,bayesian
student,custom_hermite,7,0.24047619047619045,0.026190476190476195,0.09395547692761314,0.01832522482677281,0.9961714621256608,0.0038285919106814197,0.0030019300058484076,5.0721263128567666e-05,0.706474700011313,49,"{'C': 30.0971446211356, 'degree': 2}",10,10,bayesian
student,custom_hermite,8,0.24047619047619045,0.026190476190476195,0.09395547692761314,0.01832522482677281,0.9961773341162654,0.005125171489712696,0.00304708001203835,0.00011043389263621503,0.7562638996168971,50,"{'C': 49.4606699521566, 'degree': 2}",10,10,bayesian
student,custom_hermite,9,0.24047619047619045,0.026190476190476195,0.09395547692761314,0.01832522482677281,0.9954139753376394,0.006109830914273518,0.0027632500976324083,0.00015193532808103165,0.651076199952513,51,"{'C': 67.57346581893972, 'degree': 1}",10,10,bayesian
student,custom_gegen,0,0.29000000000000004,0.11775392305378969,0.26156160241874526,0.11222862761056135,0.9961714621256608,0.0038285919106814197,0.005432860041037202,0.0002889560677012102,1.2180325002409518,42,"{'C': 45.607542351719374, 'degree': 5, 'alpha': -0.09264917350486412}",10,10,bayesian
student,custom_gegen,1,0.29095238095238096,0.10205262970166394,0.24728238163952448,0.11270782720558056,0.9900352319436289,0.009731893986908605,0.004958249907940626,0.00021200387335156405,1.2318607000634074,43,"{'C': 89.70996089957345, 'degree': 2, 'alpha': 0.031986596966799064}",10,10,bayesian
student,custom_gegen,2,0.24238095238095236,0.10066558543366719,0.20884013605442178,0.09469408389810142,0.9877392836171461,0.006145245072868042,0.005007160035893321,0.0004984038796195219,1.4021896999329329,44,"{'C': 42.76572445463983, 'degree': 1, 'alpha': -0.05638125000041694}",10,10,bayesian
student,custom_gegen,3,0.3242857142857143,0.09820266886564541,0.26182942982942986,0.10009943466288797,0.9992307692307693,0.0023076923076922997,0.005448869941756129,0.0002567747535303187,1.236065600067377,45,"{'C': 7.455003975369499, 'degree': 6, 'alpha': -0.04245679680117881}",10,10,bayesian
student,custom_gegen,4,0.24761904761904757,0.10157490003667402,0.15189360188519854,0.10822444778495362,1.0,0.0,0.004993850039318204,0.00022058363728527883,1.124826299957931,46,"{'C': 45.50093688875895, 'degree': 4, 'alpha': -0.3210331699585467}",10,10,bayesian
student,custom_gegen,5,0.26095238095238094,0.044609670204306166,0.1237332301341589,0.051906258910625856,1.0,0.0,0.005720729986205697,0.0005304406089843497,1.4074574001133442,47,"{'C': 12.712329991335293, 'degree': 5, 'alpha': -0.47957646815918376}",10,10,bayesian
student,custom_gegen,6,0.29142857142857137,0.07413293202064332,0.2500571254142683,0.08285469125761422,1.0,0.0,0.005702240020036697,0.00041152837637489147,1.0036577000282705,48,"{'C': 1.7500096028443315, 'degree': 6, 'alpha': 0.0768737232730975}",10,10,bayesian
student,custom_gegen,7,0.24047619047619045,0.026190476190476195,0.09395547692761314,0.01832522482677281,0.9287492660011744,0.004696579456243889,0.011961130006238819,0.0005212863028191908,1.572132300119847,49,"{'C': 30.0971446211356, 'degree': 2, 'alpha': 1.3534069187677595}",10,10,bayesian
student,custom_gegen,8,0.31142857142857144,0.0605043054257851,0.2763879268879269,0.05768639732348078,0.9992366412213741,0.0022900763358778666,0.00405124993994832,0.00019134593876047798,1.3501214999705553,50,"{'C': 66.83408854009923, 'degree': 1, 'alpha': 0.16084403508539902}",10,10,bayesian
student,custom_gegen,9,0.3033333333333333,0.08092576593296312,0.25663443963443966,0.07365323907450472,1.0,0.0,0.003957559866830706,0.00017355794090189822,1.1774188000708818,51,"{'C': 67.57346581893972, 'degree': 1, 'alpha': 0.19317430835975868}",10,10,bayesian
student,custom_alsalam,0,0.2552380952380952,0.06825322997016729,0.1394782913165266,0.0724449541601264,1.0,0.0,0.003221449954435229,8.462600595539938e-05,0.7431870000436902,42,"{'C': 59.86624976121946, 'degree': 1, 'a': -1, 'q': 0.16}",10,10,bayesian
student,custom_alsalam,1,0.24047619047619045,0.026190476190476195,0.0944281660032434,0.01790252810201913,1.0,0.0,0.004050359968096018,3.9845698480612205e-05,0.7707584002055228,43,"{'C': 11.506341584411505, 'degree': 4, 'a': -1, 'q': 0.14}",10,10,bayesian
student,custom_alsalam,2,0.2538095238095238,0.07690291904028156,0.1404010875605303,0.0762432062553547,1.0,0.0,0.0032039599027484655,6.441753143575517e-05,0.7521854001097381,44,"{'C': 42.76572445463983, 'degree': 1, 'a': -1, 'q': 0.22}",10,10,bayesian
student,custom_alsalam,3,0.24047619047619045,0.026190476190476195,0.09395547692761314,0.01832522482677281,1.0,0.0,0.004092509998008609,7.201727000076507e-05,0.8076307000592351,45,"{'C': 98.90116233604654, 'degree': 4, 'a': -1, 'q': 0.28}",10,10,bayesian
student,custom_alsalam,4,0.2542857142857143,0.07241227392483948,0.12966163365931166,0.08249853021649388,1.0,0.0,0.003062440035864711,8.702964674730371e-05,0.7411079001612961,46,"{'C': 29.99148509430352, 'degree': 1, 'a': -1, 'q': 0.37}",10,10,bayesian
student,custom_alsalam,5,0.24047619047619045,0.026190476190476195,0.09395547692761314,0.01832522482677281,0.9471403405754553,0.007111307914127611,0.004326719930395484,3.82922730153679e-05,0.8003763002343476,47,"{'C': 11.349733700893058, 'degree': 6, 'a': -1, 'q': 0.73}",10,10,bayesian
student,custom_alsalam,6,0.25476190476190486,0.06664115157993766,0.13575074474234136,0.06973934089689442,1.0,0.0,0.0033391798846423627,0.0001383388674051682,0.7997967000119388,48,"{'C': 35.71784231100412, 'degree': 1, 'a': -1, 'q': 0.15000000000000002}",10,10,bayesian
student,custom_alsalam,7,0.24047619047619045,0.026190476190476195,0.09395547692761314,0.01832522482677281,0.9310510863182617,0.0057334688787653385,0.0027466499712318184,0.00013725487906445213,0.7929946999065578,49,"{'C': 30.0971446211356, 'degree': 2, 'a': -1, 'q': 0.92}",10,10,bayesian
student,custom_alsalam,8,0.2480952380952381,0.053893739408138026,0.13398078439652966,0.06838650967917645,1.0,0.0,0.003145419992506504,9.510500889704303e-05,0.7527336999773979,50,"{'C': 66.83408854009923, 'degree': 1, 'a': -1, 'q': 0.33}",10,10,bayesian
student,custom_alsalam,9,0.261904761904762,0.02519763153394848,0.13891505725097056,0.041838175861053144,1.0,0.0,0.0030771799851208926,5.391490460881301e-05,0.6797964000143111,51,"{'C': 67.57346581893972, 'degree': 1, 'a': -1, 'q': 0.34}",10,10,bayesian
parkinson,linear,0,0.8963157894736842,0.07483314773547882,0.8885032403961329,0.08432028316580154,0.3191168831168831,0.016641045551032536,0.002599079953506589,0.0004788950058394862,0.49233780009672046,42,{'C': 37.454637344617396},10,10,bayesian
parkinson,linear,1,0.8921052631578947,0.0666782076806312,0.8837293559773581,0.07446603758757489,0.31053246753246755,0.014274901456892104,0.0037294699810445308,0.0005473162650179282,0.4782161000184715,43,{'C': 73.37509587973202},10,10,bayesian
parkinson,linear,2,0.8881578947368421,0.06958772537988078,0.8803046322798348,0.0786827419427484,0.32248701298701304,0.013507556464166749,0.0026376101188361643,0.00041970443600964995,0.49985160026699305,44,{'C': 36.05072312479231},10,10,bayesian
parkinson,linear,3,0.8971052631578946,0.06123667812612337,0.8911614144922171,0.06365412242785799,0.30028246753246757,0.01628968971394348,0.0038786598946899177,0.00015914604519249114,0.45827060006558895,45,{'C': 98.90116233604654},10,10,bayesian
parkinson,linear,4,0.8973684210526315,0.0649845496233581,0.8863655561697245,0.07780999694345546,0.322525974025974,0.020707413467355384,0.0018933699931949377,0.00023707918796622745,0.4952429002150893,46,{'C': 24.905060108483372},10,10,bayesian
parkinson,linear,5,0.8973684210526315,0.04018654561857068,0.8911539621492383,0.04299885819158018,0.3088344155844156,0.011358463108161099,0.0035488900728523733,0.00016513875467445013,0.5276537002064288,47,{'C': 79.96066056140373},10,10,bayesian
parkinson,linear,6,0.8878947368421052,0.0701324429689049,0.8776875552402366,0.07978915021167289,0.30767857142857136,0.01968828197278708,0.0037837800569832324,0.00020035082114568594,0.4902138998731971,48,{'C': 89.15743514475867},10,10,bayesian
parkinson,linear,7,0.8921052631578947,0.04945688404561476,0.8843308511127652,0.056726738934120516,0.3190974025974026,0.016651070174794464,0.0021638200152665375,0.0004262332187727911,0.5142819997854531,49,{'C': 30.0971446211356},10,10,bayesian
parkinson,linear,8,0.8871052631578948,0.08611698864958076,0.8783432217338861,0.09730542373817905,0.30371753246753247,0.02150509873959264,0.0038468700367957354,0.0001577258176360173,0.49975059973075986,50,{'C': 99.65742644123478},10,10,bayesian
parkinson,linear,9,0.8971052631578947,0.04686058180842211,0.8916408475187785,0.04733793111336179,0.31569155844155844,0.01329348652640309,0.002681829920038581,0.00041852647970856574,0.4707170999608934,51,{'C': 38.79790826931381},10,10,bayesian
parkinson,poly,0,0.9339473684210526,0.06047423388509292,0.9340878192379861,0.06010688757179563,0.2666753246753247,0.007404807143414933,0.0024979400914162397,0.00014721681737162975,0.3661802997812629,42,"{'C': 45.607542351719374, 'degree': 5, 'gamma': 0.8112002257872146}",10,10,bayesian
parkinson,poly,1,0.928421052631579,0.046330739214066975,0.928786477417705,0.047254382159056744,0.26382142857142854,0.012807024266062995,0.0024834399111568926,0.00020827367794991144,0.39600219996646047,43,"{'C': 44.576390325611044, 'degree': 5, 'gamma': 0.34433613551210357}",10,10,bayesian
parkinson,poly,2,0.9131578947368422,0.06752449027355631,0.906974115506897,0.07843657961663325,0.3128214285714286,0.008220564434731303,0.0020415699575096367,0.00013497749191544066,0.39282110007479787,44,"{'C': 25.845772136401497, 'degree': 4, 'gamma': 3.45284305764726}",10,10,bayesian
parkinson,poly,3,0.9276315789473684,0.06318256097279004,0.9286028726026385,0.05999805828408253,0.2638311688311688,0.013748357359063842,0.002693500043824315,0.0001380026187332585,0.4026946001686156,45,"{'C': 98.90116233604654, 'degree': 4, 'gamma': 1.1370165937272034}",10,10,bayesian
parkinson,poly,4,0.9181578947368421,0.05804346923926618,0.9189525797271246,0.05592168667600015,0.25241558441558437,0.015163180265249475,0.0024731301236897707,0.00017755176944291552,0.3884406997822225,46,"{'C': 26.24225722762328, 'degree': 6, 'gamma': 1.5900322463481311}",10,10,bayesian
parkinson,poly,5,0.9278947368421054,0.052791861204339846,0.9269251459228627,0.05476674921406557,0.27178246753246754,0.015293927233964938,0.002746050013229251,0.0002520274752184585,0.39530309988185763,47,"{'C': 93.52364450917413, 'degree': 4, 'gamma': 0.7232980738582272}",10,10,bayesian
parkinson,poly,6,0.9176315789473686,0.040921687251806046,0.9157449036645952,0.04197297891691817,0.2672435064935065,0.01269515768268731,0.002600809978321195,0.00011141100555257052,0.41590179968625307,48,"{'C': 44.49646271214178, 'degree': 5, 'gamma': 1.8488408310945195}",10,10,bayesian
parkinson,poly,7,0.9228947368421053,0.04102310003939371,0.9225977521594546,0.040245593547602355,0.24159740259740253,0.014022048813432874,0.002920139953494072,0.0002452333006097307,0.40920900041237473,49,"{'C': 89.16045222433813, 'degree': 5, 'gamma': 2.274306065194007}",10,10,bayesian
parkinson,poly,8,0.9226315789473685,0.03497525837018135,0.9224724318802535,0.03489832190793085,0.23531493506493506,0.013760168122764333,0.0026151700876653194,0.00024257860334243257,0.3889309000223875,50,"{'C': 52.41082616290873, 'degree': 6, 'gamma': 2.2921895719519734}",10,10,bayesian
parkinson,poly,9,0.9128947368421054,0.040605698056817595,0.911493164525847,0.042730495539365386,0.2848863636363637,0.010404638583242578,0.0023160300217568873,7.674490955456296e-05,0.3591811000369489,51,"{'C': 58.23602569893819, 'degree': 4, 'gamma': 3.1839949340859026}",10,10,bayesian
parkinson,rbf,0,0.9536842105263158,0.03597090236808795,0.9536549228991124,0.03536622978905783,0.5321948051948051,0.015699831014299184,0.0012337500229477882,4.845340018111682e-05,0.3289330000989139,42,"{'C': 43.19506991919293, 'gamma': 1.1759911054765733}",10,10,bayesian
parkinson,rbf,1,0.9539473684210525,0.03517368854201915,0.9525620800485782,0.038069316339716434,0.4769318181818181,0.01924576216185677,0.001221780013293028,9.355772478038817e-05,0.34786209976300597,43,"{'C': 13.33996302763464, 'gamma': 0.9742242670494365}",10,10,bayesian
parkinson,rbf,2,0.9544736842105263,0.03509089897873427,0.9533558681660923,0.03607246806414117,0.6159415584415584,0.013635211763347787,0.001268699998036027,0.00010861226800942815,0.3322767000645399,44,"{'C': 74.46430352747011, 'gamma': 1.4519955194586383}",10,10,bayesian
parkinson,rbf,3,0.9592105263157895,0.03835701223781167,0.9594323650836737,0.03740796361884451,0.525353896103896,0.010834152883185589,0.0012761499732732774,9.410143401032002e-05,0.33585610007867217,45,"{'C': 61.82983006225224, 'gamma': 1.14187715102262}",10,10,bayesian
parkinson,rbf,4,0.9389473684210528,0.05417218879444657,0.9393843086835302,0.05168714520544861,0.5652629870129869,0.011687837742916317,0.0012238199356943368,5.422290333464906e-05,0.33069630013778806,46,"{'C': 86.70827247968342, 'gamma': 1.3052310290573594}",10,10,bayesian
parkinson,rbf,5,0.9639473684210527,0.02362712418450282,0.963390382057322,0.02408184078042481,0.522512987012987,0.02016369801128507,0.0012536200229078531,0.00010618149815211292,0.3334201998077333,47,"{'C': 27.092809416673624, 'gamma': 1.1055423805836644}",10,10,bayesian
parkinson,rbf,6,0.9586842105263159,0.03133789577989176,0.957985455599764,0.03163422504550747,0.5424870129870131,0.019668681103730948,0.001253889873623848,4.665119731049343e-05,0.3297418002039194,48,"{'C': 28.48683188622436, 'gamma': 1.2068590039380354}",10,10,bayesian
parkinson,rbf,7,0.9539473684210525,0.03517368854201915,0.9537502358045652,0.03522386965560095,0.4854610389610389,0.018237188416044683,0.0012163999490439892,5.182311596740555e-05,0.33103490015491843,49,"{'C': 30.0971446211356, 'gamma': 1.0000119867228543}",10,10,bayesian
parkinson,rbf,8,0.9592105263157895,0.031165050742965824,0.9584163148570971,0.033197102719110104,0.4660941558441559,0.021237787309399524,0.0011890400666743517,3.0659796252578194e-05,0.33137999987229705,50,"{'C': 49.4606699521566, 'gamma': 0.9243936192903239}",10,10,bayesian
parkinson,rbf,9,0.9539473684210528,0.04295604272565385,0.9524684484674204,0.04476573465897274,0.7390097402597402,0.023047389571234252,0.0012496599927544593,3.326303091995473e-05,0.3335792999714613,51,"{'C': 58.99977765355496, 'gamma': 1.9591863560120992}",10,10,bayesian
parkinson,custom_hermite,0,0.7797368421052632,0.030802966004614567,0.7007387452588689,0.05653149626636541,0.53675,0.0114058903663006,0.0035669900942593815,0.00014128215176265795,0.6667118999175727,42,"{'C': 60.11190005930913, 'degree': 5}",10,10,bayesian
parkinson,custom_hermite,1,0.7639473684210525,0.025865891079366307,0.6687554447616367,0.04572741464123033,0.5538376623376623,0.007204966100921829,0.0037779999896883965,4.913600463750963e-05,0.6631265003234148,43,"{'C': 32.71457844205816, 'degree': 6}",10,10,bayesian
parkinson,custom_hermite,2,0.8205263157894735,0.041721939331802974,0.7786117700668784,0.06710909917206952,0.5373181818181817,0.012732367122485252,0.0038077599834650754,8.145548770835131e-05,0.650698899757117,44,"{'C': 94.3351286897191, 'degree': 6}",10,10,bayesian
parkinson,custom_hermite,3,0.7797368421052632,0.04535257385946989,0.6978699254821545,0.07658159001989923,0.5282045454545454,0.012392428431319125,0.003513880027458072,5.775410335435282e-05,0.6231856001541018,45,"{'C': 97.60035557843834, 'degree': 5}",10,10,bayesian
parkinson,custom_hermite,4,0.7589473684210526,0.02309800869209654,0.6585313551257823,0.0383499344490327,0.5310584415584415,0.009580708377463469,0.0032921000383794308,5.423415165320839e-05,0.659464499913156,46,"{'C': 78.38345124822426, 'degree': 4}",10,10,bayesian
parkinson,custom_hermite,5,0.7797368421052632,0.044753093023611835,0.6982786511733879,0.07848062095714581,0.5287694805194805,0.008283885240657582,0.0035101501271128654,7.049948323737944e-05,0.6338979997672141,47,"{'C': 70.76080622076984, 'degree': 5}",10,10,bayesian
parkinson,custom_hermite,6,0.7592105263157894,0.020426545652973728,0.6590329433208689,0.034366264066379514,0.5396103896103897,0.009613153340760608,0.0035665599629282952,6.297816423771671e-05,0.6495888000354171,48,"{'C': 44.49646271214178, 'degree': 5}",10,10,bayesian
parkinson,custom_hermite,7,0.836578947368421,0.057852257142739845,0.7926737815244944,0.08984416269159724,0.5373149350649351,0.007886951745941314,0.003843279974535108,9.89982955151252e-05,0.6497629000805318,49,"{'C': 92.6335871707825, 'degree': 6}",10,10,bayesian
parkinson,custom_hermite,8,0.7692105263157893,0.025160151847658453,0.6794811225925776,0.04681902297678318,0.5492792207792208,0.013085670720631949,0.0038418499752879143,8.059327646207938e-05,0.6898145000450313,50,"{'C': 37.73213245401471, 'degree': 6}",10,10,bayesian
parkinson,custom_hermite,9,0.7644736842105264,0.02076280768165725,0.6697586211518098,0.03860861827285122,0.5566883116883117,0.007430526602206767,0.003819119930267334,0.0001046518848871975,0.6115170000120997,51,"{'C': 28.42201566103021, 'degree': 6}",10,10,bayesian
parkinson,custom_gegen,0,0.9326315789473683,0.052713094768859894,0.932104806966349,0.052991608696535755,0.30772077922077923,0.01477291137319279,0.0048150700516998764,0.00017984942739865804,1.8108704001642764,42,"{'C': 45.607542351719374, 'degree': 5, 'alpha': -0.09264917350486412}",10,10,bayesian
parkinson,custom_gegen,1,0.9542105263157895,0.03513330372269186,0.9533639517676423,0.03663785817437497,0.28147077922077923,0.010246570640974922,0.004570910008624196,0.0003097353155118793,1.7888684002682567,43,"{'C': 22.103678559441246, 'degree': 3, 'alpha': 0.1390319773262353}",10,10,bayesian
parkinson,custom_gegen,2,0.938421052631579,0.03844627866894667,0.938099670756424,0.03780121999611805,0.2854610389610389,0.010371512240239371,0.005029360018670559,0.0005564219175017893,2.2720411997288465,44,"{'C': 14.885657456358848, 'degree': 4, 'alpha': -0.17328102501183607}",10,10,bayesian
parkinson,custom_gegen,3,0.9434210526315789,0.04327727391683919,0.9432447317391665,0.0414418577904958,0.2752077922077922,0.012089569861802936,0.004314460046589375,0.00026189844469275863,1.7851992999203503,45,"{'C': 4.853151568643681, 'degree': 1, 'alpha': -0.25925808411909057}",10,10,bayesian
parkinson,custom_gegen,4,0.9547368421052631,0.06105943700727536,0.9554315027126924,0.0587077754015606,0.5219090909090909,0.022579733538558168,0.005210600048303604,0.00026352892917109213,1.5738486996851861,46,"{'C': 26.24225722762328, 'degree': 6, 'alpha': 0.29633924272509005}",10,10,bayesian
parkinson,custom_gegen,5,0.9431578947368422,0.03701463362635208,0.9422226174474287,0.03837966432580736,0.34988636363636366,0.018950413151883724,0.005027399957180023,0.0005402884300230401,2.1855230000801384,47,"{'C': 12.712329991335293, 'degree': 5, 'alpha': -0.47957646815918376}",10,10,bayesian
parkinson,custom_gegen,6,0.9536842105263158,0.03597090236808795,0.9531825882162515,0.03611058314298674,0.3236363636363636,0.021438860182468353,0.005060210032388568,0.0003987282714632694,1.1746983998455107,48,"{'C': 29.89833876951833, 'degree': 5, 'alpha': 0.15569648898167532}",10,10,bayesian
parkinson,custom_gegen,7,0.943157894736842,0.03627763060061199,0.9427459639086594,0.03530069182038636,0.346435064935065,0.018919245435968624,0.005059120012447238,0.00014328752174668638,2.398121299687773,49,"{'C': 22.91459130306838, 'degree': 6, 'alpha': -0.37275251226410955}",10,10,bayesian
parkinson,custom_gegen,8,0.9439473684210528,0.04271029120796593,0.9432054472142875,0.04343064448307317,0.2911396103896104,0.020211978802536494,0.004442109912633896,0.00021068240521443494,2.1724332999438047,50,"{'C': 31.001624859184517, 'degree': 3, 'alpha': 0.21001198681815925}",10,10,bayesian
parkinson,custom_gegen,9,0.9489473684210527,0.031649045007100855,0.9492182104681375,0.030984545892681566,0.30825649350649353,0.01267660742724153,0.004362899996340275,0.00021111816274516776,1.7489906996488571,51,"{'C': 64.67490767496166, 'degree': 2, 'alpha': 0.3263934923421967}",10,10,bayesian
parkinson,custom_alsalam,0,0.948421052631579,0.046515716820848214,0.9483447360099782,0.04560834686978808,0.4085616883116884,0.016027883090001947,0.003282610001042485,0.00024190743744850147,0.6415934003889561,42,"{'C': 51.42392960692274, 'degree': 4, 'a': -1, 'q': 0.05}",10,10,bayesian
parkinson,custom_alsalam,1,0.948421052631579,0.039442092621463566,0.9472328968755921,0.04187115105191932,0.37436038961038964,0.016702139717973612,0.002558349957689643,4.170786530834789e-05,0.666249199770391,43,"{'C': 89.70996089957345, 'degree': 2, 'a': -1, 'q': 0.26}",10,10,bayesian
parkinson,custom_alsalam,2,0.9539473684210525,0.035933340870973635,0.9537670523766186,0.035371693758263115,0.46266558441558436,0.012946336053897332,0.0038098200224339963,0.00010298032698738665,0.6551660001277924,44,"{'C': 71.01508918471401, 'degree': 6, 'a': -1, 'q': 0.46}",10,10,bayesian
parkinson,custom_alsalam,3,0.9539473684210525,0.03593334087097364,0.9539675536297514,0.03499634649863493,0.42107467532467535,0.015530870202473481,0.00290824007242918,0.00014048837436420562,0.6551611004397273,45,"{'C': 7.729879318351191, 'degree': 3, 'a': -1, 'q': 0.47000000000000003}",10,10,bayesian
parkinson,custom_alsalam,4,0.9442105263157895,0.057206434754189295,0.9448491201374523,0.05482300449063633,0.44899675324675326,0.01319778198155226,0.0037514399737119675,4.689530452874969e-05,0.6530818999744952,46,"{'C': 26.24225722762328, 'degree': 6, 'a': -1, 'q': 0.4}",10,10,bayesian
parkinson,custom_alsalam,5,0.9589473684210527,0.030376219011595956,0.958249316226601,0.030675514227512937,0.40627922077922074,0.01698045864258676,0.003505240101367235,9.908862754334213e-05,0.6648920001462102,47,"{'C': 12.712329991335293, 'degree': 5, 'a': -1, 'q': 0.01}",10,10,bayesian
parkinson,custom_alsalam,6,0.9586842105263159,0.03133789577989176,0.957985455599764,0.03163422504550747,0.45757792207792203,0.016048640541014913,0.00344676012173295,4.383608676634985e-05,0.6654281998053193,48,"{'C': 44.49646271214178, 'degree': 5, 'a': -1, 'q': 0.46}",10,10,bayesian
parkinson,custom_alsalam,7,0.9436842105263157,0.04761921910007377,0.9443853135721294,0.04610382553083204,0.4546818181818181,0.018743902139929942,0.0034677299205213784,6.417312185531585e-05,0.6730944002047181,49,"{'C': 89.62311386559638, 'degree': 5, 'a': -1, 'q': 0.5}",10,10,bayesian
parkinson,custom_alsalam,8,0.9492105263157896,0.0453373015752749,0.9486984465185391,0.04569617500740073,0.4159707792207793,0.01909359492768733,0.002824629936367273,4.370754851953527e-05,0.6337879002094269,50,"{'C': 67.45763200916058, 'degree': 3, 'a': -1, 'q': 0.51}",10,10,bayesian
parkinson,custom_alsalam,9,0.9434210526315789,0.042648632066861356,0.9442184411091384,0.04138381713971436,0.3874545454545455,0.016608348523600908,0.002644559973850846,0.00013910589884372698,0.5784471998922527,51,"{'C': 64.67490767496166, 'degree': 2, 'a': -1, 'q': 0.41000000000000003}",10,10,bayesian
vertebral,linear,0,0.867741935483871,0.0602630377169981,0.8682048799347968,0.05740683862687161,0.3888888888888889,0.010662705935945172,0.0017348399851471186,0.0001422829672873815,0.3995465002954006,42,{'C': 15.602708025603208},10,10,bayesian
vertebral,linear,1,0.8709677419354838,0.02498698933037041,0.8707880389647341,0.022985801469700164,0.39641577060931904,0.006647755193903729,0.0016852798871695995,6.60164852901499e-05,0.3836322999559343,43,{'C': 13.33996302763464},10,10,bayesian
vertebral,linear,2,0.8548387096774193,0.061628945724331606,0.851432425545336,0.06580972434595962,0.33297491039426524,0.009130995844341938,0.002542549977079034,0.00041395914287540653,0.4126968998461962,44,{'C': 83.48438002441628},10,10,bayesian
vertebral,linear,3,0.864516129032258,0.045161290322580636,0.863272270996492,0.045698000267407154,0.4336917562724015,0.008631967439994474,0.0015846899710595607,8.192998605303314e-05,0.37948079966008663,45,{'C': 7.729879318351191},10,10,bayesian
vertebral,linear,4,0.864516129032258,0.08135174330915156,0.8665609341081,0.07521533261358632,0.4838709677419355,0.0075183429976354915,0.0016105299815535544,0.00016908085179764037,0.3993492000736296,46,{'C': 4.287501969778039},10,10,bayesian
vertebral,linear,5,0.861290322580645,0.03241895361651899,0.8601456856551485,0.0331313000736998,0.35089605734767026,0.007423768880719702,0.0019883399829268454,0.0002239188827806859,0.41165030002593994,47,{'C': 35.14742912146425},10,10,bayesian
vertebral,linear,6,0.8709677419354838,0.032258064516129004,0.8701142552052664,0.03254579755096479,0.36415770609319,0.008808749625408244,0.0018920898903161288,0.00017922347079109722,0.39347749995067716,48,{'C': 28.48683188622436},10,10,bayesian
vertebral,linear,7,0.8741935483870966,0.07419354838709677,0.8728630606211454,0.07674278384787118,0.3376344086021505,0.011424643333698374,0.0029289699159562588,0.0009359421987689173,0.41887200018391013,49,{'C': 68.32799272073872},10,10,bayesian
vertebral,linear,8,0.8806451612903226,0.06129032258064518,0.878673606142039,0.06295740156452798,0.36738351254480284,0.01728252824550709,0.0017777100205421449,0.00010661215010716945,0.39611099986359477,50,{'C': 25.548136901797378},10,10,bayesian
vertebral,linear,9,0.861290322580645,0.04573369960889619,0.8601423605454034,0.04718466146218377,0.3548387096774194,0.006411664451612293,0.0019151600077748298,0.00020358929256419106,0.39618440018966794,51,{'C': 34.33102395058668},10,10,bayesian
vertebral,poly,0,0.8612903225806452,0.06296522998691335,0.8618070495991137,0.06084010621503825,0.4043010752688172,0.011082168339598781,0.0017323399893939494,7.228079043394024e-05,0.4586946996860206,42,"{'C': 70.80754970702675, 'degree': 1, 'gamma': 3.880109567207946}",10,10,bayesian
vertebral,poly,1,0.8580645161290322,0.03592106040535498,0.8580454366266059,0.03513376107081978,0.35268817204301073,0.007023626502604086,0.004079720051959157,0.00023377722026196658,0.5387082998640835,43,"{'C': 66.60935521958947, 'degree': 4, 'gamma': 0.13122695669081097}",10,10,bayesian
vertebral,poly,2,0.8548387096774194,0.052512324503547425,0.851780848067316,0.05845668305312322,0.3706093189964158,0.010035842293906805,0.003576659969985485,8.798302646635427e-05,0.5707111000083387,44,"{'C': 25.845772136401497, 'degree': 4, 'gamma': 3.45284305764726}",10,10,bayesian
vertebral,poly,3,0.8580645161290322,0.04607373179705064,0.856552973326947,0.04734742336135749,0.3910394265232975,0.008989201579917165,0.0016540498938411475,6.533310545600618e-05,0.5201715999282897,45,"{'C': 44.05364834656567, 'degree': 2, 'gamma': 2.0464596786253284}",10,10,bayesian
vertebral,poly,4,0.864516129032258,0.08135174330915156,0.8665609341081,0.07521533261358632,0.46272401433691757,0.010067793480421599,0.0016259200405329467,0.00013113776175851112,0.49635239969938993,46,"{'C': 32.367259024240155, 'degree': 1, 'gamma': 3.211524249181703}",10,10,bayesian
vertebral,poly,5,0.8548387096774194,0.03606561254031919,0.8558392674463162,0.03702316849354232,0.4150537634408602,0.008750219079378991,0.0015984800178557635,6.11681019515423e-05,0.5040865000337362,47,"{'C': 24.665691528082416, 'degree': 2, 'gamma': 0.11129523917292246}",10,10,bayesian
vertebral,poly,6,0.867741935483871,0.039375985857205476,0.867683747088783,0.039917361009166694,0.45376344086021503,0.005598745287388282,0.0016523700673133136,9.398676606208623e-05,0.531504400074482,48,"{'C': 35.71784231100412, 'degree': 1, 'gamma': 0.5809964763486839}",10,10,bayesian
vertebral,poly,7,0.861290322580645,0.06926100178575446,0.8612702321921416,0.07327659538026823,0.38136200716845875,0.010288673902800947,0.00167196998372674,6.443819796233254e-05,0.528460199944675,49,"{'C': 54.697041058422926, 'degree': 2, 'gamma': 3.0826154591763455}",10,10,bayesian
vertebral,poly,8,0.867741935483871,0.06196571842676952,0.8667128909145362,0.06180865533658656,0.40465949820788527,0.014106572511938652,0.001728480076417327,0.00011138859164687964,0.49659639969468117,50,"{'C': 66.83408854009923, 'degree': 1, 'gamma': 1.3187439458760737}",10,10,bayesian
vertebral,poly,9,0.8580645161290322,0.04375696763306623,0.856647306363697,0.045209618401145,0.4046594982078854,0.007594845914127997,0.001675090054050088,5.412794083381898e-05,0.44837290002033114,51,"{'C': 67.57346581893972, 'degree': 1, 'gamma': 1.3834755702868913}",10,10,bayesian
vertebral,rbf,0,0.8419354838709678,0.05851082950715179,0.8437913213900103,0.0562694356346637,0.4329749103942652,0.015606839467438882,0.0020687300711870193,8.179396241655122e-05,0.46255020005628467,42,"{'C': 15.602708025603208, 'gamma': 0.6371656669645575}",10,10,bayesian
vertebral,rbf,1,0.8451612903225806,0.03761904448287291,0.8468908220674413,0.03504562995548348,0.42831541218637986,0.012021870846773055,0.002012820076197386,5.2062440929433526e-05,0.45983840012922883,43,"{'C': 25.44285816486207, 'gamma': 0.24227591946943294}",10,10,bayesian
vertebral,rbf,2,0.8387096774193548,0.0661093597803845,0.835601643056332,0.07087454725226103,0.3759856630824373,0.009939372490223685,0.0023866000585258005,0.00011186853843344348,0.4893481000326574,44,"{'C': 83.48438002441628, 'gamma': 0.43317197834869975}",10,10,bayesian
vertebral,rbf,3,0.8451612903225806,0.05359112169624564,0.8442262186181232,0.0544725627892608,0.41218637992831536,0.007687315623486459,0.0020747499540448187,5.74678132840308e-05,0.48266700003296137,45,"{'C': 28.14544874820433, 'gamma': 0.3235756148467037}",10,10,bayesian
vertebral,rbf,4,0.832258064516129,0.09437896024727607,0.8337262689579861,0.08841716361833696,0.38996415770609316,0.011424643333698381,0.0022102300077676772,5.355595663765795e-05,0.49895189981907606,46,"{'C': 50.79392613603845, 'gamma': 0.3539301323851334}",10,10,bayesian
vertebral,rbf,5,0.8548387096774193,0.041436234124726225,0.8564942039077043,0.04143430517209308,0.4666666666666666,0.009590744200902985,0.002075139945372939,0.00010519702519050695,0.47411479987204075,47,"{'C': 25.599987137364938, 'gamma': 0.11129523917292246}",10,10,bayesian
vertebral,rbf,6,0.8387096774193548,0.040803582711850056,0.8395303131307793,0.03877571491906759,0.44802867383512535,0.011887544051453045,0.0020790600683540106,0.00012249707326316496,0.47693599993363023,48,"{'C': 11.232090227245585, 'gamma': 0.5809964763486839}",10,10,bayesian
vertebral,rbf,7,0.8354838709677418,0.06026303771699807,0.8351337436609146,0.06168446014512082,0.37419354838709673,0.011243288273374993,0.0022833399940282106,0.00015052220993241227,0.4957328997552395,49,"{'C': 96.21679197288353, 'gamma': 0.2503777431897933}",10,10,bayesian
vertebral,rbf,8,0.8354838709677418,0.06985938008937971,0.8332280408636329,0.0721013589309724,0.4222222222222222,0.02190782335474713,0.0028733400627970695,0.00013591569891157926,0.49376600002869964,50,"{'C': 67.45763200916058, 'gamma': 1.5738640491848939}",10,10,bayesian
vertebral,rbf,9,0.8516129032258064,0.04131047895117967,0.8491862829582022,0.043235483719776514,0.3896057347670251,0.005328340052802323,0.0021787500474601982,6.372567333168216e-05,0.46280420012772083,51,"{'C': 67.57346581893972, 'gamma': 0.1937751009648631}",10,10,bayesian
vertebral,custom_hermite,0,0.8483870967741935,0.06618801460865545,0.8505133149396171,0.06431808672598636,0.471326164874552,0.009783042339753537,0.003940619993954897,0.0002957004177661569,0.6211895002052188,42,"{'C': 30.424920053710814, 'degree': 4}",10,10,bayesian
vertebral,custom_hermite,1,0.8483870967741934,0.03241895361651902,0.8494477049996361,0.030097333298777135,0.4369175627240144,0.009408175446886519,0.003017990104854107,0.00020248514696495244,0.6009924001991749,43,"{'C': 86.66499744127913, 'degree': 2}",10,10,bayesian
vertebral,custom_hermite,2,0.8451612903225806,0.0554988726905976,0.8450553639453586,0.05670181081934468,0.46057347670250887,0.011475133041994351,0.0039121899753808975,0.00016969973591279792,0.6324383998289704,44,"{'C': 35.93172446996938, 'degree': 4}",10,10,bayesian
vertebral,custom_hermite,3,0.8516129032258064,0.04375696763306625,0.8516662790013297,0.04429846531779484,0.4559139784946237,0.009723770585125833,0.0029049999080598353,0.00014261673174735534,0.5933614000678062,45,"{'C': 61.82983006225224, 'degree': 2}",10,10,bayesian
vertebral,custom_hermite,4,0.8483870967741935,0.08661755859417775,0.8528510721773696,0.07853128747714701,0.41792114695340493,0.008808749625408238,0.004020580090582371,0.00024053052248187843,0.6350805000402033,46,"{'C': 78.38345124822426, 'degree': 4}",10,10,bayesian
vertebral,custom_hermite,5,0.8548387096774193,0.041436234124726225,0.856930103698622,0.03907329114559219,0.44695340501792113,0.0080225911417919,0.0028989299666136504,0.00010863522424063331,0.5940119000151753,47,"{'C': 70.60339509628965, 'degree': 2}",10,10,bayesian
vertebral,custom_hermite,6,0.8548387096774193,0.041436234124726204,0.8564872003876965,0.03972114263681932,0.4376344086021505,0.009130995844341938,0.002871289988979697,0.00011436577664087134,0.6011777999810874,48,"{'C': 79.20363403128228, 'degree': 2}",10,10,bayesian
vertebral,custom_hermite,7,0.8548387096774193,0.050491857556446855,0.8568600574985086,0.05260031693540386,0.4347670250896057,0.011111111111111108,0.0039160898886621,0.00014530696808789597,0.5992850000038743,49,"{'C': 72.1653240061406, 'degree': 3}",10,10,bayesian
vertebral,custom_hermite,8,0.8612903225806452,0.08661755859417776,0.8622266480821779,0.08344560729651279,0.443010752688172,0.013334104113074032,0.0028641799464821814,0.00011375698592127305,0.6276336000300944,50,"{'C': 76.05390826420042, 'degree': 2}",10,10,bayesian
vertebral,custom_hermite,9,0.8580645161290322,0.04131047895117965,0.8590061241618919,0.04075997726249796,0.46308243727598575,0.007132526430871831,0.0038540099747478964,0.00018652699672193048,0.5705540999770164,51,"{'C': 34.33102395058668, 'degree': 4}",10,10,bayesian
vertebral,custom_gegen,0,0.8580645161290322,0.05982979674513359,0.8589205900959872,0.058329406221819736,0.42401433691756274,0.010994882903353376,0.003573910053819418,0.0001805125388019178,1.449095300398767,42,"{'C': 59.86624976121946, 'degree': 1, 'alpha': -0.1795709045309567}",10,10,bayesian
vertebral,custom_gegen,1,0.861290322580645,0.035483870967741936,0.8580865827307494,0.038744460356349195,0.40716845878136204,0.006249317481778746,0.0049046800471842286,0.00039787299341970215,1.49407529970631,43,"{'C': 22.103678559441246, 'degree': 3, 'alpha': 0.1390319773262353}",10,10,bayesian
vertebral,custom_gegen,2,0.8580645161290322,0.03870967741935483,0.8562793132198919,0.04101490733337189,0.42867383512544804,0.010656680105604659,0.005098589928820729,0.00024800441916181487,1.799598400015384,44,"{'C': 14.885657456358848, 'degree': 4, 'alpha': -0.17328102501183607}",10,10,bayesian
vertebral,custom_gegen,3,0.864516129032258,0.04516129032258065,0.8621118580374111,0.047728374261649595,0.40179211469534054,0.009809270382368467,0.005272869998589158,0.00041816456024593884,1.5007620002143085,45,"{'C': 98.90116233604654, 'degree': 4, 'alpha': 0.07008013089057508}",10,10,bayesian
vertebral,custom_gegen,4,0.861290322580645,0.08167089613659459,0.8635310268337106,0.07558614201564298,0.42007168458781363,0.006570000996352456,0.0035987700801342727,0.00014627698164758164,1.3327846000902355,46,"{'C': 29.99148509430352, 'degree': 1, 'alpha': 0.25070004483418906}",10,10,bayesian
vertebral,custom_gegen,5,0.8354838709677418,0.03043219720018261,0.8374878244814846,0.02952400505789899,0.5028673835125448,0.008489404503460205,0.018218359816819428,0.00029922009986526693,1.9123142999596894,47,"{'C': 11.349733700893058, 'degree': 6, 'alpha': 0.9601819206672013}",10,10,bayesian
vertebral,custom_gegen,6,0.867741935483871,0.030432197200182566,0.8681559856594937,0.03047327239755182,0.4422939068100358,0.011356974564698813,0.0036217499524354934,8.140372287798935e-05,1.109309300314635,48,"{'C': 35.71784231100412, 'degree': 1, 'alpha': -0.20762466185188871}",10,10,bayesian
vertebral,custom_gegen,7,0.8451612903225806,0.060864394400365174,0.8435186186585273,0.06408214661751759,0.3684587813620072,0.013676547690565536,0.003764849994331598,0.00017914292060830698,1.9281971002928913,49,"{'C': 25.193648320991734, 'degree': 2, 'alpha': -0.3386652195968104}",10,10,bayesian
vertebral,custom_gegen,8,0.864516129032258,0.0608643944003652,0.8633956694805667,0.060565497003327404,0.43476702508960574,0.014430696873976629,0.003611260047182441,7.17766430618368e-05,1.754195200279355,50,"{'C': 66.83408854009923, 'degree': 1, 'alpha': 0.16084403508539902}",10,10,bayesian
vertebral,custom_gegen,9,0.8483870967741934,0.04795506047522098,0.8474663501304605,0.048550051315021645,0.40788530465949824,0.007484090687391071,0.0039793299976736305,0.00019397929362629065,1.4290884002111852,51,"{'C': 67.57346581893972, 'degree': 1, 'alpha': 0.19317430835975868}",10,10,bayesian
vertebral,custom_alsalam,0,0.8451612903225806,0.06419273787784646,0.847535255459011,0.0617145079892858,0.4612903225806452,0.017996258366499204,0.0038703800644725563,0.0002003165943390664,0.7560652000829577,42,"{'C': 5.809303133207778, 'degree': 6, 'a': -1, 'q': 0.6}",10,10,bayesian
vertebral,custom_alsalam,1,0.8193548387096774,0.046073731797050654,0.8177880891101674,0.04745860687756023,0.3663082437275985,0.013582290553044019,0.005055860104039312,0.0004032222457850243,0.788249199744314,43,"{'C': 22.103678559441246, 'degree': 3, 'a': -1, 'q': 0.32}",10,10,bayesian
vertebral,custom_alsalam,2,0.8419354838709676,0.06362284813972909,0.8391823044864631,0.06811461707513218,0.3677419354838709,0.008359787662860638,0.003922260040417314,0.0004102583282867767,0.6606608000583947,44,"{'C': 42.76572445463983, 'degree': 1, 'a': -1, 'q': 0.22}",10,10,bayesian
vertebral,custom_alsalam,3,0.8419354838709676,0.04663494288645472,0.8410519238140794,0.047387001007052246,0.43906810035842286,0.00896057347670251,0.0027471399400383232,0.0001452629896637333,0.6716283997520804,45,"{'C': 4.853151568643681, 'degree': 1, 'a': -1, 'q': 0.12}",10,10,bayesian
vertebral,custom_alsalam,4,0.8548387096774193,0.09596435342350654,0.857015402979264,0.08924709776068636,0.4075268817204301,0.016428912740309446,0.002994519891217351,0.000167655544759171,0.7345700999721885,46,"{'C': 29.99148509430352, 'degree': 1, 'a': -1, 'q': 0.37}",10,10,bayesian
vertebral,custom_alsalam,5,0.8354838709677418,0.06985938008937974,0.8392317098623623,0.06836729477289247,0.4408602150537635,0.009346526745810258,0.0037160600069910286,8.911877743212319e-05,0.7114015999250114,47,"{'C': 64.55653988897474, 'degree': 3, 'a': -1, 'q': 0.7000000000000001}",10,10,bayesian
vertebral,custom_alsalam,6,0.8451612903225806,0.04516129032258065,0.8450658789335963,0.044805474733964956,0.37168458781362,0.01133999427925188,0.004032679973170162,0.0004271032442257415,0.7378654000349343,48,"{'C': 35.71784231100412, 'degree': 1, 'a': -1, 'q': 0.15000000000000002}",10,10,bayesian
vertebral,custom_alsalam,7,0.8354838709677418,0.07419354838709678,0.8345901976501192,0.07875310764183338,0.39605734767025086,0.014359301522587912,0.004568719957023859,0.00046976155125950345,0.7038946999236941,49,"{'C': 70.76117850962414, 'degree': 6, 'a': -1, 'q': 0.61}",10,10,bayesian
vertebral,custom_alsalam,8,0.8516129032258064,0.07660865862605107,0.8519973021065128,0.0743712842711153,0.37168458781362007,0.017415814499292255,0.0036921700928360226,0.00040536522632496916,0.6448645000346005,50,"{'C': 66.83408854009923, 'degree': 1, 'a': -1, 'q': 0.33}",10,10,bayesian
vertebral,custom_alsalam,9,0.8419354838709676,0.04881530951748889,0.8416993724906687,0.0505124493140754,0.41003584229390677,0.004861885292562908,0.0038310800679028033,0.00022661902194498137,0.6653292998671532,51,"{'C': 15.76785920720762, 'degree': 3, 'a': -1, 'q': 0.59}",10,10,bayesian
fertility,linear,0,0.8800000000000001,0.039999999999999994,0.8243274853801168,0.05660818713450291,0.528888888888889,0.12543258481484518,0.0010784500278532504,0.00021365217397819808,0.29728149995207787,42,{'C': 37.454637344617396},10,10,bayesian
fertility,linear,1,0.8800000000000001,0.039999999999999994,0.8243274853801168,0.05660818713450291,0.4644444444444444,0.09709356566645992,0.0007866400294005871,0.00011532853446910473,0.28615620033815503,43,{'C': 11.506341584411505},10,10,bayesian
fertility,linear,2,0.8800000000000001,0.039999999999999994,0.8243274853801168,0.05660818713450291,0.5255555555555554,0.10564908137348725,0.0014158199075609446,0.0002046287062148341,0.2920201998203993,44,{'C': 83.48438002441628},10,10,bayesian
fertility,linear,3,0.8800000000000001,0.039999999999999994,0.8243274853801168,0.05660818713450291,0.5433333333333334,0.11519709358473577,0.0015360799618065358,0.00015943613342083487,0.2822558996267617,45,{'C': 98.90116233604654},10,10,bayesian
fertility,linear,4,0.8800000000000001,0.039999999999999994,0.8243274853801168,0.05660818713450291,0.531111111111111,0.07023769168568492,0.0013992099557071924,0.00011995855268745264,0.29751010006293654,46,{'C': 78.38345124822426},10,10,bayesian
fertility,linear,5,0.8800000000000001,0.039999999999999994,0.8243274853801168,0.05660818713450291,0.47444444444444445,0.09493987701126214,0.0009934999980032444,0.0005322731833392223,0.31101440032944083,47,{'C': 11.349733700893058},10,10,bayesian
fertility,linear,6,0.8800000000000001,0.039999999999999994,0.8243274853801168,0.05660818713450291,0.41555555555555557,0.024944382578492942,0.0006735999137163162,3.189543641327435e-05,0.28061140002682805,48,{'C': 1.7500096028443315},10,10,bayesian
fertility,linear,7,0.8800000000000001,0.039999999999999994,0.8243274853801168,0.05660818713450291,0.5066666666666667,0.08751719407784542,0.0009424700867384673,7.614008872700907e-05,0.292803100310266,49,{'C': 30.0971446211356},10,10,bayesian
fertility,linear,8,0.8800000000000001,0.039999999999999994,0.8243274853801168,0.05660818713450291,0.5366666666666667,0.07218802609235904,0.0010852599516510963,5.1097870692946665e-05,0.2855125996284187,50,{'C': 49.4606699521566},10,10,bayesian
fertility,linear,9,0.8800000000000001,0.039999999999999994,0.8243274853801168,0.05660818713450291,0.5311111111111111,0.12744400852390814,0.001315740030258894,0.00016078360895701416,0.28626650013029575,51,{'C': 67.57346581893972},10,10,bayesian
fertility,poly,0,0.8800000000000001,0.039999999999999994,0.8243274853801168,0.05660818713450291,0.46222222222222226,0.08347395542663533,0.0008258400950580836,0.000282185791811676,0.2613948998041451,42,"{'C': 59.86624976121946, 'degree': 1, 'gamma': 0.6371656669645575}",10,10,bayesian
fertility,poly,1,0.8800000000000001,0.039999999999999994,0.8243274853801168,0.05660818713450291,0.4111111111111111,0.0630500487071605,0.0007163700647652149,0.00011105222742248856,0.2653294000774622,43,"{'C': 25.44285816486207, 'degree': 1, 'gamma': 3.468678178582751}",10,10,bayesian
fertility,poly,2,0.8800000000000001,0.039999999999999994,0.8243274853801168,0.05660818713450291,0.4722222222222222,0.06634180106012523,0.000765780033543706,8.875390030805934e-05,0.2648180997930467,44,"{'C': 83.48438002441628, 'degree': 1, 'gamma': 2.982551919191829}",10,10,bayesian
fertility,poly,3,0.8800000000000001,0.039999999999999994,0.8243274853801168,0.05660818713450291,0.40444444444444444,0.03691832827963589,0.0006606999784708023,2.8384202910091522e-05,0.26220319978892803,45,"{'C': 4.853151568643681, 'degree': 1, 'gamma': 0.4776161161246224}",10,10,bayesian
fertility,poly,4,0.8800000000000001,0.039999999999999994,0.8243274853801168,0.05660818713450291,0.44333333333333325,0.026965913554470214,0.0007028400897979737,6.28055109248312e-05,0.2806436000391841,46,"{'C': 32.367259024240155, 'degree': 1, 'gamma': 3.211524249181703}",10,10,bayesian
fertility,poly,5,0.86,0.04898979485566354,0.8321293429652561,0.0725191236919656,0.37,0.016517854163687236,0.0007306099403649568,2.8758358420750827e-05,0.26488739997148514,47,"{'C': 9.873496758926203, 'degree': 2, 'gamma': 2.569034341275915}",10,10,bayesian
fertility,poly,6,0.8800000000000001,0.039999999999999994,0.8243274853801168,0.05660818713450291,0.4477777777777778,0.05984548004220104,0.0006900600157678128,3.953600739385221e-05,0.2659620000049472,48,"{'C': 35.71784231100412, 'degree': 1, 'gamma': 0.5809964763486839}",10,10,bayesian
fertility,poly,7,0.8400000000000001,0.13564659966250536,0.841390608875129,0.12332783650663325,0.3244444444444444,0.025724082006200508,0.0008315999992191791,4.966463140072979e-05,0.26361009990796447,49,"{'C': 54.697041058422926, 'degree': 2, 'gamma': 3.0826154591763455}",10,10,bayesian
fertility,poly,8,0.8800000000000001,0.039999999999999994,0.8243274853801168,0.05660818713450291,0.45888888888888885,0.04609437447264786,0.0007414400111883879,4.405776599397171e-05,0.2724434998817742,50,"{'C': 66.83408854009923, 'degree': 1, 'gamma': 1.3187439458760737}",10,10,bayesian
fertility,poly,9,0.8800000000000001,0.039999999999999994,0.8243274853801168,0.05660818713450291,0.45888888888888896,0.06759538299668946,0.0007375400513410568,6.756184883706676e-05,0.26118599995970726,51,"{'C': 67.57346581893972, 'degree': 1, 'gamma': 1.3834755702868913}",10,10,bayesian
fertility,rbf,0,0.8900000000000002,0.06999999999999999,0.8485380116959064,0.09278658246446432,0.9555555555555555,0.008606629658238716,0.0008133199531584978,1.668913487319147e-05,0.2675494998693466,42,"{'C': 73.1996621871987, 'gamma': 2.4009048979725676}",10,10,bayesian
fertility,rbf,1,0.89,0.029999999999999992,0.8540970072239421,0.022388170750181655,0.9544444444444444,0.007777777777777794,0.0008290799800306558,2.3944904290879475e-05,0.2727308999747038,43,"{'C': 11.506341584411505, 'gamma': 2.442374492441684}",10,10,bayesian
fertility,rbf,2,0.9000000000000001,0.06324555320336757,0.8538011695906432,0.09136591774701842,0.9566666666666667,0.012619796324000624,0.0008573999162763357,9.201034883575882e-05,0.2698376001790166,44,"{'C': 35.93172446996938, 'gamma': 2.443059172775448}",10,10,bayesian
fertility,rbf,3,0.89,0.07,0.8513519091847265,0.07771388732906452,0.9577777777777777,0.008314794192830988,0.000837860070168972,3.512336366801163e-05,0.268875100184232,45,"{'C': 98.90116233604654, 'gamma': 2.205217271021953}",10,10,bayesian
fertility,rbf,4,0.9000000000000001,0.04472135954999579,0.8565806673546611,0.06536160045796886,0.9644444444444444,0.009686442096757042,0.0008314800448715687,2.553982681192243e-05,0.2698316997848451,46,"{'C': 78.38345124822426, 'gamma': 2.545040547553847}",10,10,bayesian
fertility,rbf,5,0.8699999999999999,0.04582575694955839,0.8190643274853799,0.05617701044782979,0.9744444444444446,0.0111665284679121,0.0008835998829454184,6.744955281271632e-05,0.27360779978334904,47,"{'C': 11.349733700893058, 'gamma': 3.898331079395257}",10,10,bayesian
fertility,rbf,6,0.89,0.05385164807134503,0.8513175094599242,0.06755009730050167,0.9577777777777777,0.011967032904743337,0.0008649699855595827,7.682837077170876e-05,0.27157469978556037,48,"{'C': 46.010662718398954, 'gamma': 2.3773410045112495}",10,10,bayesian
fertility,rbf,7,0.8900000000000002,0.05385164807134503,0.845173718610251,0.0805914426848892,0.9577777777777777,0.01088662107903635,0.0008780899457633496,7.688347244181911e-05,0.2729953001253307,49,"{'C': 68.32799272073872, 'gamma': 2.274306065194007}",10,10,bayesian
fertility,rbf,8,0.89,0.029999999999999992,0.8479532163742689,0.04967241170028233,0.9566666666666667,0.010482201257840672,0.0008572200313210487,5.7632174750951976e-05,0.27410770021378994,50,"{'C': 90.91793462081102, 'gamma': 2.246704085142842}",10,10,bayesian
fertility,rbf,9,0.8699999999999999,0.04582575694955839,0.8190643274853799,0.05617701044782979,0.9644444444444445,0.012957670877433993,0.000832970067858696,2.38308911566218e-05,0.28881500009447336,51,"{'C': 34.33102395058668, 'gamma': 2.5816410998446386}",10,10,bayesian
fertility,custom_hermite,0,0.8800000000000001,0.039999999999999994,0.8243274853801168,0.05660818713450291,0.3622222222222223,0.014229164972072994,0.001023640064522624,7.590962797170047e-05,0.3468257999047637,42,"{'C': 15.602708025603208, 'degree': 1}",10,10,bayesian
fertility,custom_hermite,1,0.8800000000000001,0.039999999999999994,0.8243274853801168,0.05660818713450291,0.39666666666666667,0.024368569110512567,0.0013209399301558733,0.00010036034268722446,0.34826970007270575,43,"{'C': 11.506341584411505, 'degree': 4}",10,10,bayesian
fertility,custom_hermite,2,0.8800000000000001,0.039999999999999994,0.8243274853801168,0.05660818713450291,0.35,0.02446968393949471,0.001016790047287941,5.541076504151729e-05,0.336733799893409,44,"{'C': 83.48438002441628, 'degree': 1}",10,10,bayesian
fertility,custom_hermite,3,0.8900000000000002,0.06999999999999999,0.8485380116959064,0.09278658246446432,0.3944444444444445,0.02593915006650834,0.0012694100383669137,2.519588046630736e-05,0.3381162998266518,45,"{'C': 98.90116233604654, 'degree': 4}",10,10,bayesian
fertility,custom_hermite,4,0.8800000000000001,0.039999999999999994,0.8243274853801168,0.05660818713450291,0.39666666666666667,0.024870032539554884,0.0013512298930436373,6.36790974931567e-05,0.3502389001660049,46,"{'C': 24.905060108483372, 'degree': 5}",10,10,bayesian
fertility,custom_hermite,5,0.8800000000000001,0.039999999999999994,0.8243274853801168,0.05660818713450291,0.4522222222222222,0.03584947956644816,0.0014158799778670073,2.110742161468925e-05,0.345492800232023,47,"{'C': 11.349733700893058, 'degree': 6}",10,10,bayesian
fertility,custom_hermite,6,0.8800000000000001,0.039999999999999994,0.8243274853801168,0.05660818713450291,0.44666666666666666,0.022662308949301276,0.0014231800101697444,4.435110749411911e-05,0.3435265999287367,48,"{'C': 1.7500096028443315, 'degree': 6}",10,10,bayesian
fertility,custom_hermite,7,0.8800000000000001,0.039999999999999994,0.8243274853801168,0.05660818713450291,0.36444444444444446,0.023726840560069584,0.0011016199365258216,6.640142716236157e-05,0.34000749979168177,49,"{'C': 30.0971446211356, 'degree': 2}",10,10,bayesian
fertility,custom_hermite,8,0.8800000000000001,0.039999999999999994,0.8243274853801168,0.05660818713450291,0.3711111111111111,0.022333056935824203,0.001092930044978857,4.762155095549088e-05,0.3560983003117144,50,"{'C': 49.4606699521566, 'degree': 2}",10,10,bayesian
fertility,custom_hermite,9,0.8800000000000001,0.039999999999999994,0.8243274853801168,0.05660818713450291,0.35888888888888887,0.018625616238044682,0.001009610015898943,3.549133621715386e-05,0.32620340026915073,51,"{'C': 67.57346581893972, 'degree': 1}",10,10,bayesian
fertility,custom_gegen,0,0.8800000000000001,0.039999999999999994,0.8243274853801168,0.05660818713450291,0.24,0.00888888888888889,0.0021392399445176124,8.757921861025903e-05,0.3697176002897322,42,"{'C': 37.454637344617396, 'degree': 6, 'alpha': 0.9666679442046962}",10,10,bayesian
fertility,custom_gegen,1,0.8800000000000001,0.039999999999999994,0.8243274853801168,0.05660818713450291,0.24,0.00888888888888889,0.001856729993596673,3.635854286338309e-05,0.36722949985414743,43,"{'C': 24.059721406914914, 'degree': 2, 'alpha': 1.2196836069877095}",10,10,bayesian
fertility,custom_gegen,2,0.89,0.08306623862918075,0.8485724114207086,0.10042894877393903,0.8411111111111111,0.024870032539554863,0.0013103099074214697,4.758938442092494e-05,0.384024899918586,44,"{'C': 71.01508918471401, 'degree': 6, 'alpha': 0.41867600678848516}",10,10,bayesian
fertility,custom_gegen,3,0.8800000000000001,0.039999999999999994,0.8243274853801168,0.05660818713450291,0.24,0.00888888888888889,0.0020783400163054467,2.7279857503126944e-05,0.37374800024554133,45,"{'C': 62.73954087875989, 'degree': 6, 'alpha': 0.8037038179642295}",10,10,bayesian
fertility,custom_gegen,4,0.8800000000000001,0.039999999999999994,0.8243274853801168,0.05660818713450291,0.35666666666666663,0.020757268546966003,0.001106089958921075,1.1550998181495259e-05,0.34951959969475865,46,"{'C': 78.38345124822426, 'degree': 4, 'alpha': 0.00559575211634028}",10,10,bayesian
fertility,custom_gegen,5,0.8800000000000001,0.039999999999999994,0.8243274853801168,0.05660818713450291,0.24,0.00888888888888889,0.0020954899955540895,6.423588818182709e-05,0.3996681999415159,47,"{'C': 11.349733700893058, 'degree': 6, 'alpha': 0.9601819206672013}",10,10,bayesian
fertility,custom_gegen,6,0.8800000000000001,0.039999999999999994,0.8243274853801168,0.05660818713450291,0.3944444444444445,0.019404721329525542,0.0012710899580270052,0.00010512985918267072,0.35293429996818304,48,"{'C': 1.7500096028443315, 'degree': 6, 'alpha': 0.0768737232730975}",10,10,bayesian
fertility,custom_gegen,7,0.8800000000000001,0.039999999999999994,0.8243274853801168,0.05660818713450291,0.24,0.00888888888888889,0.0018759600818157196,5.256490942711901e-05,0.3994319001212716,49,"{'C': 30.0971446211356, 'degree': 2, 'alpha': 1.3534069187677595}",10,10,bayesian
fertility,custom_gegen,8,0.8800000000000001,0.039999999999999994,0.8243274853801168,0.05660818713450291,0.3488888888888889,0.0348541936474625,0.0010821300093084574,9.799670258465773e-05,0.3761208998039365,50,"{'C': 49.4606699521566, 'degree': 2, 'alpha': 0.01839310827685059}",10,10,bayesian
fertility,custom_gegen,9,0.8800000000000001,0.039999999999999994,0.8243274853801168,0.05660818713450291,0.24,0.00888888888888889,0.0018975000828504562,0.00012557037685393118,0.3593723000958562,51,"{'C': 64.40232868225607, 'degree': 2, 'alpha': 1.3991822352335102}",10,10,bayesian
fertility,custom_alsalam,0,0.8800000000000001,0.039999999999999994,0.8243274853801168,0.05660818713450291,0.3722222222222222,0.03152502435358024,0.0015835300553590059,5.4715563504867185e-05,0.3695867997594178,42,"{'C': 37.454637344617396, 'degree': 6, 'a': -1, 'q': 0.73}",10,10,bayesian
fertility,custom_alsalam,1,0.8800000000000001,0.039999999999999994,0.8243274853801168,0.05660818713450291,0.24,0.00888888888888889,0.0011292099021375178,3.51424466356579e-05,0.36404130002483726,43,"{'C': 24.059721406914914, 'degree': 2, 'a': -1, 'q': 0.86}",10,10,bayesian
fertility,custom_alsalam,2,0.9,0.06324555320336757,0.8660543515651874,0.0809710858981771,0.5988888888888889,0.028306087117459997,0.0012042900081723929,3.467161855358489e-05,0.3659882000647485,44,"{'C': 64.64140982977695, 'degree': 2, 'a': -1, 'q': 0.64}",10,10,bayesian
fertility,custom_alsalam,3,0.8900000000000002,0.05385164807134503,0.845173718610251,0.0805914426848892,0.6677777777777778,0.03386611256472926,0.0016361100599169732,2.7059590359343692e-05,0.3820807998999953,45,"{'C': 62.73954087875989, 'degree': 6, 'a': -1, 'q': 0.65}",10,10,bayesian
fertility,custom_alsalam,4,0.8800000000000001,0.039999999999999994,0.8243274853801168,0.05660818713450291,0.24,0.00888888888888889,0.0011238399893045425,2.504347751083076e-05,0.36189089994877577,46,"{'C': 75.80782838911712, 'degree': 2, 'a': -1, 'q': 0.93}",10,10,bayesian
fertility,custom_alsalam,5,0.8800000000000001,0.039999999999999994,0.8243274853801168,0.05660818713450291,0.3088888888888889,0.028888888888888884,0.001553500024601817,3.404920205895952e-05,0.3777337996289134,47,"{'C': 11.349733700893058, 'degree': 6, 'a': -1, 'q': 0.73}",10,10,bayesian
fertility,custom_alsalam,6,0.8699999999999999,0.10049875621120892,0.8496800825593395,0.09860705901762762,0.7833333333333334,0.027329719724997443,0.001344960043206811,2.6244605746613925e-05,0.374420499894768,48,"{'C': 86.47117395863914, 'degree': 3, 'a': -1, 'q': 0.55}",10,10,bayesian
fertility,custom_alsalam,7,0.8800000000000001,0.039999999999999994,0.8243274853801168,0.05660818713450291,0.24,0.00888888888888889,0.0011687800288200378,9.116670871172518e-05,0.3746321997605264,49,"{'C': 30.0971446211356, 'degree': 2, 'a': -1, 'q': 0.92}",10,10,bayesian
fertility,custom_alsalam,8,0.8800000000000001,0.039999999999999994,0.8243274853801168,0.05660818713450291,0.24,0.00888888888888889,0.001250079832971096,2.875217782962804e-05,0.3647314999252558,50,"{'C': 39.63359464236797, 'degree': 3, 'a': -1, 'q': 0.99}",10,10,bayesian
fertility,custom_alsalam,9,0.8800000000000001,0.039999999999999994,0.8243274853801168,0.05660818713450291,0.24,0.00888888888888889,0.0011205300223082304,3.526510744983319e-05,0.34545399993658066,51,"{'C': 64.40232868225607, 'degree': 2, 'a': -1, 'q': 0.9400000000000001}",10,10,bayesian
cervical,linear,0,0.9178571428571429,0.09285714285714286,0.9034515484515484,0.12244474631135072,0.2083413461538462,0.012486147094590528,0.0006393299903720617,2.8091121689440814e-05,0.2428293996490538,42,{'C': 37.454637344617396},10,10,bayesian
cervical,linear,1,0.9035714285714285,0.09006800152084637,0.9008252858252858,0.09135915549553458,0.21141826923076926,0.022828503140992055,0.0006610099691897631,7.51422692969817e-05,0.24411570001393557,43,{'C': 11.506341584411505},10,10,bayesian
cervical,linear,2,0.9017857142857142,0.11101629315978251,0.8988311688311688,0.11087826654800884,0.20370192307692309,0.015047462508960769,0.0006466500461101532,4.573937709964576e-05,0.26044700015336275,44,{'C': 83.48438002441628},10,10,bayesian
cervical,linear,3,0.9053571428571429,0.08377645789814216,0.9024819624819624,0.08564932724965262,0.2160817307692308,0.0158027793050714,0.000714499969035387,7.72069891363718e-05,0.2445129998959601,45,{'C': 98.90116233604654},10,10,bayesian
cervical,linear,4,0.9142857142857143,0.09476070829586858,0.9097258297258296,0.0978463772060831,0.21295673076923077,0.015042181353097279,0.0006599999964237213,5.05803060644303e-05,0.24464059993624687,46,{'C': 78.38345124822426},10,10,bayesian
cervical,linear,5,0.9160714285714284,0.06872100501747808,0.9114646464646464,0.0729562211058324,0.2099038461538462,0.016054309293566358,0.000652570091187954,3.487528482716832e-05,0.24285469995811582,47,{'C': 11.349733700893058},10,10,bayesian
cervical,linear,6,0.9017857142857142,0.06450854238638733,0.8968931068931069,0.06815239634353672,0.22223557692307697,0.010421303824846644,0.0006473499350249767,2.2117768550680465e-05,0.24369819974526763,48,{'C': 1.7500096028443315},10,10,bayesian
cervical,linear,7,0.9035714285714287,0.06348710298082565,0.8973620823620824,0.06793673549188593,0.21754807692307696,0.019542249121829478,0.0006516799330711365,2.6294911499945484e-05,0.24584999959915876,49,{'C': 30.0971446211356},10,10,bayesian
cervical,linear,8,0.9160714285714286,0.09383074753871179,0.9113852813852814,0.09528290956649171,0.2068028846153846,0.01581798353127105,0.000653519993647933,3.863285409368595e-05,0.2493655001744628,50,{'C': 49.4606699521566},10,10,bayesian
cervical,linear,9,0.9053571428571429,0.10535714285714286,0.8961247086247086,0.11401773977283479,0.20836538461538462,0.012884615384615383,0.0006693999748677015,4.569384892235944e-05,0.24304990004748106,51,{'C': 67.57346581893972},10,10,bayesian
cervical,poly,0,0.9178571428571429,0.09285714285714286,0.9034515484515484,0.12244474631135072,0.2083413461538462,0.012486147094590528,0.0006434801034629345,2.2271677500259813e-05,0.2498619998805225,42,"{'C': 59.86624976121946, 'degree': 1, 'gamma': 0.6371656669645575}",10,10,bayesian
cervical,poly,1,0.9589285714285716,0.0629068391207448,0.9571500721500721,0.06580632785676671,0.23298076923076927,0.00974717376728784,0.0006400899495929479,2.9053105054182423e-05,0.253632599953562,43,"{'C': 25.44285816486207, 'degree': 1, 'gamma': 3.468678178582751}",10,10,bayesian
cervical,poly,2,0.9321428571428572,0.09340497736158586,0.9293173493173492,0.0937715255170476,0.27776442307692306,0.015064752526212819,0.0006368099711835384,4.42986039218305e-05,0.25247570034116507,44,"{'C': 64.64140982977695, 'degree': 2, 'gamma': 2.553002555011625}",10,10,bayesian
cervical,poly,3,0.9178571428571429,0.08755464765808046,0.9156637806637807,0.08941685356785621,0.3225961538461538,0.025121975001153467,0.0007337299641221762,2.0898211121522647e-05,0.26638679997995496,45,"{'C': 7.729879318351191, 'degree': 3, 'gamma': 1.899469254494512}",10,10,bayesian
cervical,poly,4,0.9142857142857144,0.09476070829586858,0.9109163059163059,0.09550568059652348,0.273125,0.013351975149191054,0.0006407500710338354,2.6506375789985033e-05,0.25496029993519187,46,"{'C': 75.80782838911712, 'degree': 2, 'gamma': 3.749930096242834}",10,10,bayesian
cervical,poly,5,0.9446428571428571,0.06797452253812246,0.941132756132756,0.07257259004745811,0.28389423076923076,0.021255492241860387,0.0006802400574088096,7.362915240712953e-05,0.2679020999930799,47,"{'C': 24.665691528082416, 'degree': 2, 'gamma': 0.11129523917292246}",10,10,bayesian
cervical,poly,6,0.9303571428571429,0.06982576712863271,0.9265612165612165,0.07384808612010944,0.31016826923076923,0.023998536556251008,0.0007261498831212521,4.0139113693736456e-05,0.25685720006003976,48,"{'C': 86.47117395863914, 'degree': 3, 'gamma': 2.1999785331136565}",10,10,bayesian
cervical,poly,7,0.9160714285714286,0.09383074753871179,0.914007104007104,0.09513010962604515,0.2870913461538461,0.01661335972459386,0.0006378899328410625,2.7546814279332933e-05,0.2518412000499666,49,"{'C': 30.0971446211356, 'degree': 2, 'gamma': 3.706491553751403}",10,10,bayesian
cervical,poly,8,0.9178571428571429,0.12581367824148953,0.9148809523809524,0.130085060694428,0.28391826923076924,0.020454583860948047,0.0006394900847226381,1.7968599522218828e-05,0.2530253999866545,50,"{'C': 49.4606699521566, 'degree': 2, 'gamma': 1.033528914970139}",10,10,bayesian
cervical,poly,9,0.9321428571428572,0.10885536181520122,0.9262445887445887,0.11745592017900898,0.31473557692307697,0.036643329079292374,0.000638280063867569,2.887827109445236e-05,0.24937660014256835,51,"{'C': 4.77353057385992, 'degree': 2, 'gamma': 1.1798663823605715}",10,10,bayesian
cervical,rbf,0,0.7232142857142858,0.08347139923228743,0.6298951048951048,0.11346635170346175,0.9706971153846154,0.008254998093767587,0.0007425299845635891,3.062760298099278e-05,0.2687873002141714,42,"{'C': 15.602708025603208, 'gamma': 0.6371656669645575}",10,10,bayesian
cervical,rbf,1,0.9035714285714287,0.08459085201662152,0.8978463203463203,0.0937709093723936,0.7824038461538462,0.021144228582922194,0.0007898599840700626,0.00013526635336523875,0.26820489997044206,43,"{'C': 25.44285816486207, 'gamma': 0.24227591946943294}",10,10,bayesian
cervical,rbf,2,0.8357142857142857,0.11866605518454393,0.8111471861471861,0.13877079835646372,0.8919471153846154,0.018379365022134577,0.0007316200528293848,1.4003092506827244e-05,0.27010490000247955,44,"{'C': 83.48438002441628, 'gamma': 0.43317197834869975}",10,10,bayesian
cervical,rbf,3,0.8910714285714286,0.1011572074162039,0.8875613275613276,0.10248386933109689,0.8533894230769231,0.012452039092123635,0.0007371099665760994,3.65661747132478e-05,0.26930780010297894,45,"{'C': 28.14544874820433, 'gamma': 0.3235756148467037}",10,10,bayesian
cervical,rbf,4,0.8625,0.10656091962739779,0.8539024864024863,0.11167965186603965,0.8857451923076922,0.017560273027330143,0.0007433499675244093,4.141494862708938e-05,0.26821309980005026,46,"{'C': 50.79392613603845, 'gamma': 0.3539301323851334}",10,10,bayesian
cervical,rbf,5,0.8875,0.08528538525899682,0.8852597402597404,0.08635366045231158,0.4953846153846154,0.017650779543440114,0.0007184999994933605,1.5652229694844825e-05,0.26797569962218404,47,"{'C': 25.599987137364938, 'gamma': 0.11129523917292246}",10,10,bayesian
cervical,rbf,6,0.7642857142857142,0.08368124652757128,0.6859079809079809,0.13858468728955992,0.9614903846153846,0.018506118550808217,0.0007380999624729157,2.7491250522232948e-05,0.26731570018455386,48,"{'C': 11.232090227245585, 'gamma': 0.5809964763486839}",10,10,bayesian
cervical,rbf,7,0.9017857142857142,0.09079088442061543,0.897989787989788,0.0927576233434518,0.7854807692307693,0.017626668056531503,0.0008096499834209681,0.0001700388958582809,0.2720373999327421,49,"{'C': 96.21679197288353, 'gamma': 0.2503777431897933}",10,10,bayesian
cervical,rbf,8,0.7089285714285716,0.02993402609685752,0.5885531135531135,0.038631340680399605,1.0,0.0,0.0007512698881328106,2.3700038096498436e-05,0.27310430025681853,50,"{'C': 25.548136901797378, 'gamma': 1.5947519840516893}",10,10,bayesian
cervical,rbf,9,0.9035714285714287,0.12757550785351252,0.9020951270951271,0.12385888407205847,0.7036778846153846,0.019615163672398215,0.0007451599463820458,1.8705668564892258e-05,0.2731821001507342,51,"{'C': 67.57346581893972, 'gamma': 0.1937751009648631}",10,10,bayesian
cervical,custom_hermite,0,0.7089285714285716,0.02993402609685752,0.5885531135531135,0.038631340680399605,0.6712740384615385,0.019800820900180018,0.0012130199931561947,7.499675891861233e-05,0.45193770015612245,42,"{'C': 15.602708025603208, 'degree': 1}",10,10,bayesian
cervical,custom_hermite,1,0.7089285714285716,0.02993402609685752,0.5885531135531135,0.038631340680399605,0.7283894230769231,0.015803510612206337,0.0017559099476784467,0.00011880002212646173,0.44786709966138005,43,"{'C': 11.506341584411505, 'degree': 4}",10,10,bayesian
cervical,custom_hermite,2,0.7214285714285714,0.08608550566567107,0.6270479520479519,0.11751771445355899,0.8086298076923077,0.018560572340289308,0.0020400899928063156,5.194904187522063e-05,0.4417300997301936,44,"{'C': 94.3351286897191, 'degree': 6}",10,10,bayesian
cervical,custom_hermite,3,0.7089285714285716,0.02993402609685752,0.5885531135531135,0.038631340680399605,0.6805288461538461,0.014321759523815094,0.0012098299339413643,5.8108482340463984e-05,0.41272980021312833,45,"{'C': 28.14544874820433, 'degree': 1}",10,10,bayesian
cervical,custom_hermite,4,0.7089285714285716,0.02993402609685752,0.5885531135531135,0.038631340680399605,0.7653846153846153,0.025163114324049943,0.0018572900909930468,2.4381727407457913e-05,0.45233580004423857,46,"{'C': 24.905060108483372, 'degree': 5}",10,10,bayesian
cervical,custom_hermite,5,0.7089285714285716,0.02993402609685752,0.5885531135531135,0.038631340680399605,0.7932211538461539,0.02186781369701996,0.002032500086352229,5.804909630755709e-05,0.4340681000612676,47,"{'C': 11.349733700893058, 'degree': 6}",10,10,bayesian
cervical,custom_hermite,6,0.7089285714285716,0.02993402609685752,0.5885531135531135,0.038631340680399605,0.7731730769230769,0.013435844297335707,0.00205847998149693,9.037018245073588e-05,0.4374106000177562,48,"{'C': 1.7500096028443315, 'degree': 6}",10,10,bayesian
cervical,custom_hermite,7,0.7089285714285716,0.02993402609685752,0.5885531135531135,0.038631340680399605,0.6960096153846154,0.016478606468808152,0.001349030015990138,4.113223779267614e-05,0.42612709989771247,49,"{'C': 30.0971446211356, 'degree': 2}",10,10,bayesian
cervical,custom_hermite,8,0.7089285714285716,0.02993402609685752,0.5885531135531135,0.038631340680399605,0.7098557692307692,0.018230284905121297,0.0015144799835979939,4.236398418904113e-05,0.44803819991648197,50,"{'C': 25.548136901797378, 'degree': 3}",10,10,bayesian
cervical,custom_hermite,9,0.7089285714285716,0.02993402609685752,0.5885531135531135,0.038631340680399605,0.6758894230769231,0.014487855331552304,0.0011688699945807458,2.083344027653955e-05,0.3970042997971177,51,"{'C': 67.57346581893972, 'degree': 1}",10,10,bayesian
cervical,custom_gegen,0,0.9178571428571429,0.1083856493249537,0.9048556998556998,0.13420047653287606,0.646610576923077,0.01979241440765424,0.0011286600027233362,7.485683159900352e-05,0.4390875999815762,42,"{'C': 13.95024657134353, 'degree': 2, 'alpha': 0.23906006815444647}",10,10,bayesian
cervical,custom_gegen,1,0.9160714285714286,0.09383074753871179,0.9137518037518036,0.09375791915104782,0.33798076923076925,0.023730965979112083,0.0010860999580472707,1.9585814406290595e-05,0.41759289987385273,43,"{'C': 89.70996089957345, 'degree': 2, 'alpha': 0.031986596966799064}",10,10,bayesian
cervical,custom_gegen,2,0.9178571428571429,0.06738557951469006,0.9133793983793984,0.07128302334526633,0.2916346153846154,0.025865384615384616,0.0010913699865341187,9.975750345768615e-05,0.4517312999814749,44,"{'C': 42.76572445463983, 'degree': 1, 'alpha': -0.05638125000041694}",10,10,bayesian
cervical,custom_gegen,3,0.9178571428571429,0.1083856493249537,0.9167604617604617,0.10914866181837535,0.452235576923077,0.030340319235940105,0.0010726300068199634,4.831443589167047e-05,0.4218986998312175,45,"{'C': 4.853151568643681, 'degree': 1, 'alpha': -0.25925808411909057}",10,10,bayesian
cervical,custom_gegen,4,0.9142857142857143,0.11428571428571428,0.9131890331890332,0.1149755297902179,0.4460576923076924,0.034251425271601396,0.001054619997739792,2.946880714287796e-05,0.40561499958857894,46,"{'C': 29.99148509430352, 'degree': 1, 'alpha': 0.25070004483418906}",10,10,bayesian
cervical,custom_gegen,5,0.8875,0.08528538525899682,0.8852597402597404,0.08635366045231158,0.46915865384615385,0.023316576614232986,0.0012750100810080766,6.362414468776693e-05,0.4560714000836015,47,"{'C': 93.52364450917413, 'degree': 4, 'alpha': -0.1365519894643772}",10,10,bayesian
cervical,custom_gegen,6,0.9178571428571429,0.06738557951469006,0.911012876012876,0.0732652186093591,0.8364663461538461,0.0322431048687226,0.0012522199656814336,9.792242640232167e-05,0.39101900020614266,48,"{'C': 57.49878373151376, 'degree': 3, 'alpha': 0.2673391530069128}",10,10,bayesian
cervical,custom_gegen,7,0.9160714285714284,0.09383074753871179,0.914007104007104,0.09513010962604515,0.7391586538461539,0.013492602379522397,0.0011311898939311503,5.129677510206222e-05,0.4733989001251757,49,"{'C': 25.193648320991734, 'degree': 2, 'alpha': -0.3386652195968104}",10,10,bayesian
cervical,custom_gegen,8,0.9035714285714285,0.1237694532225961,0.9012301587301588,0.1275748227980057,0.32872596153846156,0.028602587492735438,0.0011145900469273328,7.26984655495403e-05,0.4472830002196133,50,"{'C': 66.83408854009923, 'degree': 1, 'alpha': 0.16084403508539902}",10,10,bayesian
cervical,custom_gegen,9,0.9321428571428572,0.10885536181520122,0.9262445887445887,0.11745592017900898,0.40584134615384615,0.01760496902458249,0.0010902300011366606,3.014448027926653e-05,0.4122194000519812,51,"{'C': 4.77353057385992, 'degree': 2, 'alpha': 0.09148149983310738}",10,10,bayesian
cervical,custom_alsalam,0,0.8053571428571429,0.09328541347577839,0.753051948051948,0.1360842479043359,0.6650721153846154,0.022525988134976475,0.0012722399085760116,2.3787412263518443e-05,0.45707189990207553,42,"{'C': 59.86624976121946, 'degree': 1, 'a': -1, 'q': 0.16}",10,10,bayesian
cervical,custom_alsalam,1,0.7232142857142858,0.053720031987469004,0.6249167499167498,0.08975436411339183,0.9861538461538462,0.008284868934053077,0.0014801899436861277,2.588950975999857e-05,0.46772579988464713,43,"{'C': 89.70996089957345, 'degree': 2, 'a': -1, 'q': 0.26}",10,10,bayesian
cervical,custom_alsalam,2,0.8232142857142858,0.13278079603586646,0.7842241092241091,0.17050965928088754,0.6759375000000001,0.016526315558954514,0.0012528299819678068,8.429735197904184e-06,0.4612595997750759,44,"{'C': 42.76572445463983, 'degree': 1, 'a': -1, 'q': 0.22}",10,10,bayesian
cervical,custom_alsalam,3,0.8178571428571428,0.09340497736158584,0.7627589077589076,0.14377970229228856,0.6481009615384616,0.02431819212812042,0.0012705199886113405,4.17367418355716e-05,0.4772878000512719,45,"{'C': 4.853151568643681, 'degree': 1, 'a': -1, 'q': 0.12}",10,10,bayesian
cervical,custom_alsalam,4,0.8214285714285714,0.10594569267279517,0.77754329004329,0.14283345640246034,0.7916346153846154,0.02135416516332319,0.0012626599054783583,3.94963243918522e-05,0.4574716002680361,46,"{'C': 29.99148509430352, 'degree': 1, 'a': -1, 'q': 0.37}",10,10,bayesian
cervical,custom_alsalam,5,0.7232142857142857,0.08347139923228745,0.6298951048951048,0.11346635170346174,0.9861298076923077,0.00828964525056274,0.0015123299788683652,0.00010125142370453764,0.4796313000842929,47,"{'C': 24.665691528082416, 'degree': 2, 'a': -1, 'q': 0.03}",10,10,bayesian
cervical,custom_alsalam,6,0.8178571428571428,0.1299528957047161,0.7712004662004661,0.16955189473833224,0.6559855769230769,0.02788470863711197,0.0012607899960130453,4.430099720804292e-05,0.46965570002794266,48,"{'C': 35.71784231100412, 'degree': 1, 'a': -1, 'q': 0.15000000000000002}",10,10,bayesian
cervical,custom_alsalam,7,0.7232142857142857,0.08347139923228744,0.6298951048951048,0.11346635170346175,0.9814903846153846,0.00613051466511351,0.001534899976104498,7.763489931450837e-05,0.4940080000087619,49,"{'C': 25.193648320991734, 'degree': 2, 'a': -1, 'q': 0.08}",10,10,bayesian
cervical,custom_alsalam,8,0.7910714285714284,0.07055266523263716,0.7545662670662671,0.09804691398923002,0.7330528846153846,0.023595742916144708,0.0012646699324250221,2.943700406253422e-05,0.46146410005167127,50,"{'C': 66.83408854009923, 'degree': 1, 'a': -1, 'q': 0.33}",10,10,bayesian
cervical,custom_alsalam,9,0.7785714285714286,0.1540689615008785,0.7437146187146186,0.1752952042552139,0.7515144230769231,0.02548214120036474,0.001258219964802265,1.809842054480763e-05,0.42529150005429983,51,"{'C': 67.57346581893972, 'degree': 1, 'a': -1, 'q': 0.34}",10,10,bayesian
mines,linear,0,0.5180035650623885,0.046760111740533,0.4729732715684728,0.04698800403896553,0.7968464193270061,0.00646921564576756,0.002405609982088208,0.0001221110309248631,0.7673854003660381,42,{'C': 5.809303133207778},10,10,bayesian
mines,linear,1,0.5236185383244207,0.04658045973741748,0.47610369200903707,0.051815898177157475,0.7787661777394306,0.005415097078155987,0.003954889951273799,0.0004298552360730438,0.7198671996593475,43,{'C': 24.059721406914914},10,10,bayesian
mines,linear,2,0.5091800356506239,0.05034041356286576,0.4626788618037737,0.04758711062015493,0.777113891285591,0.005888659621823014,0.0074483500327914955,0.0003675572120481306,0.8276236997917295,44,{'C': 83.48438002441628},10,10,bayesian
mines,linear,3,0.5296791443850267,0.0644959224255266,0.48345547030707453,0.04900840648984697,0.7925679465056084,0.005289872762284014,0.0026323200669139623,0.00016257043581503075,0.7005280996672809,45,{'C': 7.729879318351191},10,10,bayesian
mines,linear,4,0.5237967914438503,0.03915497244714222,0.46948274992864486,0.046728796940732134,0.7800754961173425,0.006078583703789806,0.004213259881362319,0.00029295949658839695,0.8083879998885095,46,{'C': 24.905060108483372},10,10,bayesian
mines,linear,5,0.5353832442067736,0.07735964617302311,0.4891366847098955,0.06509195904220832,0.7869877049180328,0.006994009702504314,0.0032026800327003,0.00036535120882397193,0.8263384997844696,47,{'C': 11.349733700893058},10,10,bayesian
mines,linear,6,0.5060606060606061,0.07380389539291597,0.46382794639616803,0.06840489423235387,0.7810677308024159,0.006515400889582603,0.0047793700359761715,0.0004705350659655741,0.7863635998219252,48,{'C': 28.48683188622436},10,10,bayesian
mines,linear,7,0.5179144385026738,0.04574450523591718,0.46627846592143535,0.040757183159334694,0.7761356773080242,0.006912151584752547,0.007491370057687163,0.0004698072980226499,0.8731345003470778,49,{'C': 89.16045222433813},10,10,bayesian
mines,linear,8,0.5180926916221035,0.0609733158112875,0.4687956532613077,0.055196084634235955,0.782379206212252,0.003870976340826145,0.004011220019310713,0.00041744537731838635,0.7832173998467624,50,{'C': 22.809082361829173},10,10,bayesian
mines,linear,9,0.5238859180035651,0.06216512052504881,0.48025730840288966,0.04683143557113592,0.8063783433994823,0.0051477290063965744,0.0024514699820429088,0.00016301994948190264,0.7498822999186814,51,{'C': 4.472173508112401},10,10,bayesian
mines,poly,0,0.6392156862745099,0.07479497492730612,0.6266350680448542,0.08150677666433721,0.710387187230371,0.008520704014439806,0.01733776996843517,0.0006512466257776175,1.1627651997841895,42,"{'C': 37.454637344617396, 'degree': 6, 'gamma': 2.9321633619048173}",10,10,bayesian
mines,poly,1,0.589126559714795,0.055633823762700735,0.5764649865530647,0.059702060180258344,0.7251887402933563,0.01019348479592147,0.015270909992977977,0.001377326475801692,1.2617485001683235,43,"{'C': 44.576390325611044, 'degree': 5, 'gamma': 0.34433613551210357}",10,10,bayesian
mines,poly,2,0.5888591800356506,0.08810290036798073,0.5789929901516837,0.08940265434383579,0.6919790767903364,0.011484086430027712,0.019495479995384812,0.0009320610480979519,1.3280560998246074,44,"{'C': 71.01508918471401, 'degree': 6, 'gamma': 1.8349747309285782}",10,10,bayesian
mines,poly,3,0.6361853832442068,0.03885918003565063,0.6204728280003524,0.03839672260619039,0.6972336065573771,0.008918351789109573,0.019041839987039566,0.000707649356166951,1.3524348000064492,45,"{'C': 62.73954087875989, 'degree': 6, 'gamma': 2.6058768340207172}",10,10,bayesian
mines,poly,4,0.6216577540106952,0.04447451051692833,0.612060624248978,0.04358233336697199,0.7274859792924936,0.008227988661171113,0.01422945000231266,0.0009995444481078254,1.224335300270468,46,"{'C': 42.6355527567627, 'degree': 5, 'gamma': 3.4704024356367422}",10,10,bayesian
mines,poly,5,0.6272727272727273,0.07877678759819562,0.6091555450508738,0.09052755408715753,0.7015088438308887,0.011262987633090549,0.018487069942057132,0.0008015730192188988,1.3026983998715878,47,"{'C': 85.67920399582866, 'degree': 5, 'gamma': 2.2190867903095297}",10,10,bayesian
mines,poly,6,0.5941176470588235,0.07300243288189183,0.5917212397946988,0.0622793790730859,0.7304400345125107,0.007059985917642869,0.014653279911726713,0.0005705988776331436,1.2403313997201622,48,"{'C': 44.49646271214178, 'degree': 5, 'gamma': 1.8488408310945195}",10,10,bayesian
mines,poly,7,0.6485739750445634,0.08072726398937424,0.6345498225342516,0.07956621460022902,0.7001865832614322,0.013835359854517715,0.01844231002032757,0.0006406818051367482,1.4802700001746416,49,"{'C': 89.16045222433813, 'degree': 5, 'gamma': 2.274306065194007}",10,10,bayesian
mines,poly,8,0.6031194295900179,0.0816012428872153,0.5972745202876533,0.08281416581368699,0.700533865401208,0.00833112952090793,0.018551999982446433,0.0010017694924675678,1.27957300003618,50,"{'C': 52.41082616290873, 'degree': 6, 'gamma': 2.2921895719519734}",10,10,bayesian
mines,poly,9,0.6122103386809269,0.07603853740376258,0.6062180588111451,0.07504323313103582,0.7307700603968939,0.009090180149772068,0.01422047009691596,0.0007662671402691643,1.0511898999102414,51,"{'C': 72.8713543332869, 'degree': 4, 'gamma': 2.8609524348443096}",10,10,bayesian
mines,rbf,0,0.6540998217468806,0.05120466295063311,0.6444772738446063,0.055246793239914785,0.8070340811044003,0.01129570170761513,0.007610079925507307,0.001086403549803088,0.8211010000668466,42,"{'C': 73.1996621871987, 'gamma': 2.4009048979725676}",10,10,bayesian
mines,rbf,1,0.6181818181818182,0.07183755521745881,0.6019891104666191,0.06378047548843999,0.7948662640207074,0.013004786435528437,0.006315040029585361,0.00028447857266459484,0.7813211996108294,43,"{'C': 66.60935521958947, 'gamma': 2.171818189566687}",10,10,bayesian
mines,rbf,2,0.6329768270944742,0.08503701399429917,0.625690626113798,0.08252570054808776,0.7626596203623814,0.012566792645102376,0.0073543800041079525,0.0005711406605937098,0.9041464999318123,44,"{'C': 96.05266199434153, 'gamma': 1.8349747309285782}",10,10,bayesian
mines,rbf,3,0.6717468805704101,0.06565918025244938,0.6604094017286058,0.0704088907537967,0.8096570319240726,0.010264948918186198,0.006900200061500073,0.00044096973526274325,0.8715955000370741,45,"{'C': 85.61834867751385, 'gamma': 2.6058768340207172}",10,10,bayesian
mines,rbf,4,0.6481283422459894,0.07008861881755583,0.6402103528920138,0.07660689258708914,0.807677955133736,0.014964979662492819,0.007011590106412768,0.0003228636794078796,0.874108700081706,46,"{'C': 78.38345124822426, 'gamma': 2.545040547553847}",10,10,bayesian
mines,rbf,5,0.6506238859180036,0.07097407109678648,0.6404134406277375,0.07419634514778503,0.8353041415012943,0.00877563884065669,0.0064798700623214245,0.0002984639782230123,0.8546890998259187,47,"{'C': 70.76080622076984, 'gamma': 3.201549584739277}",10,10,bayesian
mines,rbf,6,0.6333333333333334,0.04817981007208885,0.6281808237549036,0.0447710088211436,0.8392461173425367,0.008702588603941592,0.006097519909963012,0.00034477844361854035,0.8419188000261784,48,"{'C': 44.49646271214178, 'gamma': 2.932108709729102}",10,10,bayesian
mines,rbf,7,0.6306595365418896,0.05970574864299521,0.6175361108838617,0.04892515102842671,0.7587057808455565,0.01233458848988334,0.007711740024387836,0.0005820877124303014,0.9158148001879454,49,"{'C': 84.48328574268622, 'gamma': 0.9285975332069628}",10,10,bayesian
mines,rbf,8,0.6240641711229946,0.07155236527836639,0.6156096433188286,0.06871355138168496,0.7863211820534943,0.015680707510955134,0.007098879991099238,0.00045220388008745043,0.9073084001429379,50,"{'C': 90.91793462081102, 'gamma': 2.246704085142842}",10,10,bayesian
mines,rbf,9,0.6206773618538325,0.07566440742613717,0.6123006747979223,0.0731254934606935,0.8764020707506471,0.008525291770825694,0.005641750013455749,0.0003009220155171649,0.7743383999913931,51,"{'C': 28.42201566103021, 'gamma': 3.7981428233711143}",10,10,bayesian
mines,custom_hermite,0,0.5414438502673796,0.07672161077457298,0.5039382845263544,0.08649089271866757,0.8011205780845556,0.00890157374919622,0.004849429987370968,0.00035579660641084663,0.6947496002539992,42,"{'C': 83.24443163740138, 'degree': 2}",10,10,bayesian
mines,custom_hermite,1,0.5207664884135472,0.058020021286601095,0.48276261745275095,0.06583847571787373,0.8090045297670405,0.007190203847844265,0.004616589983925223,0.0002363944333476594,0.6866772002540529,43,"{'C': 32.71457844205816, 'degree': 6}",10,10,bayesian
mines,custom_hermite,2,0.559180035650624,0.07486015593073778,0.5318154841305741,0.07484056115322857,0.7905942622950819,0.007603636127962676,0.005971260089427233,0.00023774578657665693,0.7312790001742542,44,"{'C': 94.3351286897191, 'degree': 6}",10,10,bayesian
mines,custom_hermite,3,0.5504456327985741,0.0394322331038844,0.5075408572453737,0.04423502400551258,0.8080230802415876,0.0038360477985927436,0.004477880056947469,0.0002560378610497782,0.7044285000301898,45,"{'C': 61.82983006225224, 'degree': 2}",10,10,bayesian
mines,custom_hermite,4,0.5505347593582889,0.05817042776291191,0.5120938238562532,0.059276710613291754,0.7971764452113892,0.006122388108336548,0.005170109961181879,0.00029958927767087903,0.7080091997049749,46,"{'C': 78.38345124822426, 'degree': 4}",10,10,bayesian
mines,custom_hermite,5,0.5355614973262034,0.05524473695217119,0.4947481327851479,0.061194251889571255,0.8076919758412424,0.009446978346689686,0.004621609859168529,0.00024375921095729763,0.696783300023526,47,"{'C': 64.08592692536476, 'degree': 2}",10,10,bayesian
mines,custom_hermite,6,0.5385918003565062,0.05661473134215774,0.503408299165054,0.050572817992059975,0.8014462899050905,0.004206689122544249,0.004876630008220672,0.00022358856362093314,0.6842805999331176,48,"{'C': 79.20363403128228, 'degree': 2}",10,10,bayesian
mines,custom_hermite,7,0.559625668449198,0.07045672989518403,0.5176025370432126,0.07076232491715363,0.7932301553062985,0.005303586315028607,0.005947700003162026,0.0005538608958851112,0.7450247998349369,49,"{'C': 92.6335871707825, 'degree': 6}",10,10,bayesian
mines,custom_hermite,8,0.5620320855614973,0.06757439162865776,0.5285788617795332,0.06479413843191531,0.818212899050906,0.004833116434267716,0.0043115499429404736,0.00020798269219417053,0.7195807001553476,50,"{'C': 34.654773915065164, 'degree': 3}",10,10,bayesian
mines,custom_hermite,9,0.5411764705882354,0.05172689308033538,0.511647466862095,0.046896344731262536,0.8083487920621225,0.006098666750203923,0.00463200993835926,0.0003071664847777274,0.6750243999995291,51,"{'C': 64.67490767496166, 'degree': 2}",10,10,bayesian
mines,custom_gegen,0,0.6097147950089128,0.06423725301219706,0.5993613448084194,0.06352586522522298,0.7343852459016393,0.006360054991159721,0.00871795997954905,0.0005798675959582524,1.193202800117433,42,"{'C': 51.42392960692274, 'degree': 4, 'alpha': -0.39756367868720455}",10,10,bayesian
mines,custom_gegen,1,0.6157754010695189,0.06787495167712468,0.6014381049145168,0.06247312857707301,0.7593636755823987,0.006385550102787012,0.006641220021992922,0.0002727756465622103,1.1970738000236452,43,"{'C': 44.576390325611044, 'degree': 5, 'alpha': -0.3258249011026607}",10,10,bayesian
mines,custom_gegen,2,0.6181818181818182,0.10374745016293511,0.6138753263218296,0.1022789579794545,0.7988222605694564,0.012964044320519317,0.010578109975904226,0.0010679011707767762,1.3728522001765668,44,"{'C': 71.01508918471401, 'degree': 6, 'alpha': 0.41867600678848516}",10,10,bayesian
mines,custom_gegen,3,0.5949197860962567,0.04587767477019758,0.5743300566969256,0.050477329691331195,0.7932236842105262,0.009444377812806362,0.008114489912986755,0.0006983417928341646,1.226654099766165,45,"{'C': 11.246977118703663, 'degree': 2, 'alpha': 0.4623190862767723}",10,10,bayesian
mines,custom_gegen,4,0.6188057040998218,0.05222702328212294,0.6074412154201396,0.048803098155401556,0.7623263589301121,0.009553902570484484,0.0070170999970287085,0.000551924210220889,1.1894466001540422,46,"{'C': 45.50093688875895, 'degree': 4, 'alpha': -0.3210331699585467}",10,10,bayesian
mines,custom_gegen,5,0.6122994652406417,0.05269483007946531,0.5914581541866687,0.057644371524507,0.7922389991371872,0.00967963503489723,0.0065907900221645836,0.00025140922080069735,1.3437835001386702,47,"{'C': 12.712329991335293, 'degree': 5, 'alpha': -0.47957646815918376}",10,10,bayesian
mines,custom_gegen,6,0.6421568627450982,0.06035026495121629,0.6400945369169404,0.05385860826962927,0.7912618636755824,0.014699734819403773,0.009764870023354888,0.0009141694997515438,1.1351960999891162,48,"{'C': 44.49646271214178, 'degree': 5, 'alpha': 0.4256014441105803}",10,10,bayesian
mines,custom_gegen,7,0.6008912655971479,0.06456085848303678,0.5809251663029333,0.04797362833087757,0.7804076790336497,0.011176908347112373,0.006088639982044697,0.00027183280939110195,1.4197496003471315,49,"{'C': 22.91459130306838, 'degree': 6, 'alpha': -0.37275251226410955}",10,10,bayesian
mines,custom_gegen,8,0.5503565062388592,0.06456264253291102,0.5290126069769826,0.06268180809393038,0.8188740293356341,0.006508151738904708,0.005689680064097047,0.00028667488567170297,1.285252199973911,50,"{'C': 31.001624859184517, 'degree': 3, 'alpha': 0.21001198681815925}",10,10,bayesian
mines,custom_gegen,9,0.5944741532976827,0.0799252083495483,0.5870867137223448,0.07759570761373473,0.7702167817083693,0.008873938956375206,0.009795709839090705,0.0008684205517290892,1.2073734998703003,51,"{'C': 64.67490767496166, 'degree': 2, 'alpha': 0.3263934923421967}",10,10,bayesian
mines,custom_alsalam,0,0.6393939393939394,0.06278736827664234,0.624903369890394,0.06504931305516598,0.6982204486626402,0.010802844646255211,0.010314499912783503,0.0013120946126380492,1.1032469999045134,42,"{'C': 45.607542351719374, 'degree': 5, 'a': -1, 'q': 0.2}",10,10,bayesian
mines,custom_alsalam,1,0.6092691622103388,0.06689979921897449,0.5881422745094291,0.06740153853830748,0.6900000000000001,0.010685584115311314,0.010161220002919436,0.0012753552203922103,1.049587200395763,43,"{'C': 44.576390325611044, 'degree': 5, 'a': -1, 'q': 0.09}",10,10,bayesian
mines,custom_alsalam,2,0.6093582887700536,0.08021890457772529,0.6023904435625889,0.07750189931608183,0.7218960310612597,0.013188233951058247,0.008955279970541597,0.0007973981905253059,0.935047599952668,44,"{'C': 71.01508918471401, 'degree': 6, 'a': -1, 'q': 0.46}",10,10,bayesian
mines,custom_alsalam,3,0.6332442067736186,0.04119392566269742,0.6156567181551453,0.043244053925856264,0.7728451251078516,0.013537266504526644,0.005916179995983839,0.00025398324186255293,1.0626524998806417,45,"{'C': 62.73954087875989, 'degree': 6, 'a': -1, 'q': 0.65}",10,10,bayesian
mines,custom_alsalam,4,0.6363636363636365,0.03946203614207544,0.6316787220852964,0.035620649741795386,0.7041393442622951,0.0082729497185866,0.012132099969312549,0.0010015632773769908,1.0651393001899123,46,"{'C': 39.483800086062594, 'degree': 4, 'a': -1, 'q': 0.04}",10,10,bayesian
mines,custom_alsalam,5,0.6243315508021391,0.04291839487318536,0.6078199143050511,0.04198086370780676,0.7314160914581536,0.011898184427089266,0.007785630039870739,0.000525296494352396,0.974577400367707,47,"{'C': 85.67920399582866, 'degree': 5, 'a': -1, 'q': 0.55}",10,10,bayesian
mines,custom_alsalam,6,0.6331550802139039,0.06906267531261762,0.6199581592606128,0.06094619851458568,0.7482010353753236,0.014474777794042012,0.007405040040612221,0.00044497391473143186,1.1656094999052584,48,"{'C': 44.49646271214178, 'degree': 5, 'a': -1, 'q': 0.46}",10,10,bayesian
mines,custom_alsalam,7,0.630926916221034,0.08337259696332626,0.6158949358428051,0.08006179685459516,0.7327351164797239,0.01208894565992285,0.007739940052852034,0.000529834462480848,0.9316876996308565,49,"{'C': 89.16045222433813, 'degree': 5, 'a': -1, 'q': 0.5700000000000001}",10,10,bayesian
mines,custom_alsalam,8,0.5975935828877005,0.06914779468266974,0.5887622607577782,0.06992319925656167,0.7596947799827438,0.007920426857902466,0.006951120030134916,0.0003777993622677855,1.0521177002228796,50,"{'C': 52.41082616290873, 'degree': 6, 'a': -1, 'q': 0.5700000000000001}",10,10,bayesian
mines,custom_alsalam,9,0.6062388591800356,0.054668520077100026,0.6026599550793479,0.06510694236668459,0.7117105263157895,0.01079038462735087,0.015505410032346845,0.0014061051558245641,1.117221700027585,51,"{'C': 86.94918649987437, 'degree': 3, 'a': -1, 'q': 0.31}",10,10,bayesian
blood,linear,0,0.7647207207207207,0.005862255685091959,0.6674484885793845,0.012228395513192101,0.4835124183755804,0.0064383218765037865,0.017865179944783448,0.0012295863333029139,1.6944452999159694,42,{'C': 95.07147992668521},10,10,bayesian
blood,linear,1,0.766072072072072,0.008111730922370095,0.6705166653880194,0.015869016655241566,0.4844017442603869,0.0034404872112576926,0.015006870077922941,0.0013327123575291719,1.5643187002278864,43,{'C': 60.907044861408856},10,10,bayesian
blood,linear,2,0.766072072072072,0.008111730922370095,0.6724088697138526,0.018575691888699387,0.4841045674401788,0.004724087038331258,0.016165699902921916,0.0015833085252671293,1.7425692002288997,44,{'C': 74.46430352747011},10,10,bayesian
blood,linear,3,0.7633873873873874,0.007934395396372775,0.6645486647391027,0.01263163272841077,0.48246789035321713,0.0071831906147686525,0.016617559967562555,0.0018392367712246655,1.4753594999201596,45,{'C': 98.90116233604654},10,10,bayesian
blood,linear,4,0.7634054054054055,0.0074510332353743365,0.6667025113620534,0.014565193929180896,0.4826180219663935,0.005362129287389665,0.016568159917369485,0.001493047728058565,1.7473583999089897,46,{'C': 78.38345124822426},10,10,bayesian
blood,linear,5,0.7674054054054054,0.01005800884471168,0.6736715550142629,0.017029764454680216,0.48365924312503034,0.003989845894807416,0.018252000072970988,0.0017021099235042317,1.8189432001672685,47,{'C': 97.44833496055122},10,10,bayesian
blood,linear,6,0.7634054054054055,0.009543241159596061,0.6645894848144748,0.015715141709494788,0.4846991415381766,0.0058323736557036165,0.016569080064073205,0.0017266009851961688,1.6799520999193192,48,{'C': 89.15743514475867},10,10,bayesian
blood,linear,7,0.7687207207207207,0.008336016125255273,0.674045076081878,0.01840539974076828,0.48499720018871173,0.0036053433747824516,0.018034320091828704,0.0015187577019184547,1.8367947000078857,49,{'C': 89.62311386559638},10,10,bayesian
blood,linear,8,0.7674054054054054,0.00809987570057362,0.6731956670065559,0.018990429396938676,0.48380849290787964,0.003841884523544619,0.016374289989471436,0.001949772468125882,1.7335409000515938,50,{'C': 77.18962758997651},10,10,bayesian
blood,linear,9,0.7633873873873874,0.005234412550652276,0.6621805724055625,0.00983467877386265,0.4857403626968136,0.005022544518868823,0.01348528997041285,0.001971853664495152,1.575321499723941,51,{'C': 64.40232868225607},10,10,bayesian
blood,poly,0,0.7834054054054054,0.020639000623215834,0.7353201522204105,0.030657540921960588,0.5181200700173278,0.012089021410979766,0.03279722002334893,0.00047747262319742736,2.5012188996188343,42,"{'C': 37.454637344617396, 'degree': 6, 'gamma': 2.9321633619048173}",10,10,bayesian
blood,poly,1,0.7767747747747749,0.020299270546229823,0.7161796751953146,0.03241808208975639,0.49821671862117006,0.014531426624235096,0.030058739986270667,0.0006216627541334587,2.7749235001392663,43,"{'C': 44.576390325611044, 'degree': 5, 'gamma': 0.34433613551210357}",10,10,bayesian
blood,poly,2,0.7847927927927927,0.026035281637501018,0.7384888701654533,0.039433299146049615,0.557043178821963,0.017843262946859416,0.03619786007329821,0.003103874793270481,2.939973699860275,44,"{'C': 71.01508918471401, 'degree': 6, 'gamma': 1.8349747309285782}",10,10,bayesian
blood,poly,3,0.7754414414414416,0.031153986827042606,0.718891798277862,0.047780146756759345,0.5530277644278464,0.017481364047151025,0.03466681996360421,0.0006655168522325369,2.8376509002409875,45,"{'C': 62.73954087875989, 'degree': 6, 'gamma': 2.6058768340207172}",10,10,bayesian
blood,poly,4,0.778054054054054,0.02360481394324788,0.7250631089296116,0.04085734286738552,0.510104673259818,0.016589579165754504,0.031138719944283366,0.0006186822220610098,2.6812016000039876,46,"{'C': 26.24225722762328, 'degree': 6, 'gamma': 1.5900322463481311}",10,10,bayesian
blood,poly,5,0.7874774774774774,0.02598686088314983,0.7378100064840998,0.03847556631193775,0.5314903814357079,0.014113248243112886,0.033157999999821185,0.001015593999250258,2.7991567999124527,47,"{'C': 85.67920399582866, 'degree': 5, 'gamma': 2.2190867903095297}",10,10,bayesian
blood,poly,6,0.7821261261261261,0.018432670205330157,0.7272865161058955,0.033083997015099724,0.4974753197737224,0.011653094400065647,0.030646649934351445,0.0006050120648106834,2.804929899983108,48,"{'C': 44.49646271214178, 'degree': 5, 'gamma': 1.8488408310945195}",10,10,bayesian
blood,poly,7,0.7808288288288288,0.024089113027414063,0.7276566159944318,0.03449023654041782,0.5341671773933978,0.02048954862789251,0.03307367009110749,0.0006547507133568613,2.9723720997571945,49,"{'C': 89.16045222433813, 'degree': 5, 'gamma': 2.274306065194007}",10,10,bayesian
blood,poly,8,0.7767387387387388,0.028007494909800004,0.7293722728936921,0.03922614314286639,0.5335706191771641,0.014228400098164173,0.03344313986599445,0.00047961002274095647,2.7146672001108527,50,"{'C': 52.41082616290873, 'degree': 6, 'gamma': 2.2921895719519734}",10,10,bayesian
blood,poly,9,0.7740900900900902,0.01588649782820864,0.6921660318772525,0.02612640430486207,0.47831358768259397,0.008433658139458188,0.014145450061187148,0.0013024892217691842,2.140548299998045,51,"{'C': 64.67490767496166, 'degree': 2, 'gamma': 1.650206819623588}",10,10,bayesian
blood,rbf,0,0.7994414414414415,0.02936444439997536,0.776551229141331,0.035172570958211066,0.4857399217816501,0.00806180359617738,0.01923478995449841,0.0012855121741977636,1.9150541997514665,42,"{'C': 60.11190005930913, 'gamma': 2.8368516771561185}",10,10,bayesian
blood,rbf,1,0.7994234234234234,0.03183124482432293,0.7754983534946438,0.043940886502500776,0.4855911129139642,0.006375434182458033,0.016023049922659995,0.001510048314728868,1.786498500034213,43,"{'C': 32.71457844205816, 'gamma': 3.438750940498319}",10,10,bayesian
blood,rbf,2,0.7954414414414414,0.018062296944055038,0.7696227996079539,0.025491270339652348,0.4887088240351674,0.008707490780240234,0.01485576997511089,0.0019465868555811083,2.1120400996878743,44,"{'C': 21.79066903578307, 'gamma': 3.8305527751924835}",10,10,bayesian
blood,rbf,3,0.7888828828828829,0.03410559520161594,0.7645373965105446,0.043457404867139914,0.48291563970176493,0.007073825503864108,0.019931620033457876,0.000576425496669602,2.0412834002636373,45,"{'C': 85.61834867751385, 'gamma': 2.6058768340207172}",10,10,bayesian
blood,rbf,4,0.7913693693693693,0.04319535261038836,0.765361918369275,0.05200146835701394,0.4897515883968765,0.01149729327167056,0.01654527010396123,0.0015781779462970583,1.9793758001178503,46,"{'C': 31.308380486232352, 'gamma': 3.749930096242834}",10,10,bayesian
blood,rbf,5,0.79809009009009,0.029285704076803164,0.7742947346379861,0.03107252732008,0.4870763356422591,0.006074477566479839,0.019478739984333516,0.0003412782200538476,1.920625100377947,47,"{'C': 70.76080622076984, 'gamma': 3.201549584739277}",10,10,bayesian
blood,rbf,6,0.7953873873873875,0.01876214754079353,0.7729973029187602,0.019480175282841888,0.48589027385240807,0.005699307402789185,0.017376090027391912,0.0012007410090582626,1.908147799782455,48,"{'C': 44.49646271214178, 'gamma': 2.932108709729102}",10,10,bayesian
blood,rbf,7,0.7914774774774774,0.04250236581354498,0.7689234479870152,0.049284715101372875,0.48544208358869667,0.0077302038944735505,0.017580589931458234,0.001107338808942743,2.133072200231254,49,"{'C': 44.22183607663652, 'gamma': 3.212809134220757}",10,10,bayesian
blood,rbf,8,0.7982342342342342,0.027696430843533987,0.7743196124424199,0.030630795645022243,0.4860342326532952,0.009273220783577002,0.016351439943537115,0.0012214767262735834,2.0693779001012444,50,"{'C': 31.35976105892396, 'gamma': 3.554547024509242}",10,10,bayesian
blood,rbf,9,0.7914594594594595,0.03817602620158512,0.7647617746959857,0.045039403101488996,0.4845514349583996,0.010790637390961753,0.015512059954926372,0.001537872715599672,1.7906356998719275,51,"{'C': 28.42201566103021, 'gamma': 3.7981428233711143}",10,10,bayesian
blood,custom_hermite,0,0.7713693693693694,0.017578504334141615,0.6958679050649854,0.029267198517484296,0.477719234042178,0.00543515276143287,0.02290758998133242,0.0010688014341427008,2.717434300109744,42,"{'C': 37.454637344617396, 'degree': 6}",10,10,bayesian
blood,custom_hermite,1,0.7727567567567568,0.016473198997284125,0.6969248731762147,0.02605232845043963,0.47979770812298,0.005156828923233987,0.02216004002839327,0.0014750309942566377,2.6268155998550355,43,"{'C': 32.71457844205816, 'degree': 6}",10,10,bayesian
blood,custom_hermite,2,0.77409009009009,0.012111217961849993,0.6965059980772352,0.016135560128461884,0.4774209549340611,0.0029210998035770217,0.021414979919791223,0.00033851918307005056,2.714673399925232,44,"{'C': 96.05266199434153, 'degree': 3}",10,10,bayesian
blood,custom_hermite,3,0.7714594594594594,0.02282978872673512,0.6914236016676834,0.03740279973545182,0.4789052958320289,0.00567200018502376,0.021998720010742545,0.0017519976939666837,2.728384899906814,45,"{'C': 99.07217775409525, 'degree': 3}",10,10,bayesian
blood,custom_hermite,4,0.7754414414414416,0.0108276295598903,0.6962943465892475,0.023656957718102226,0.4774218367643881,0.00306179808180381,0.023745189979672433,0.0008755745955195506,2.731682099867612,46,"{'C': 78.38345124822426, 'degree': 4}",10,10,bayesian
blood,custom_hermite,5,0.7700900900900901,0.016131107992866135,0.6895781741181326,0.026532415588419234,0.4793515019775044,0.0027412777237840772,0.019765649968758226,0.00039303185126575077,2.6442745001986623,47,"{'C': 11.349733700893058, 'degree': 6}",10,10,bayesian
blood,custom_hermite,6,0.7714414414414413,0.01868725602816494,0.6937597792110421,0.0314315052946044,0.48291674198967377,0.004496694863069377,0.020685339951887725,0.0007928078063560396,2.709981999825686,48,"{'C': 44.49646271214178, 'degree': 5}",10,10,bayesian
blood,custom_hermite,7,0.7727207207207207,0.014657234056460355,0.6929469638444296,0.022279304438387684,0.48291784427758255,0.0035273311253451226,0.02288747993297875,0.0012494290154636998,2.7858735998161137,49,"{'C': 44.22183607663652, 'degree': 5}",10,10,bayesian
blood,custom_hermite,8,0.7740180180180181,0.011973999915285945,0.69795981423229,0.01921760195820257,0.47905564790278693,0.003926240996623312,0.022378550050780176,0.0014774284780882743,2.703841400332749,50,"{'C': 37.73213245401471, 'degree': 6}",10,10,bayesian
blood,custom_hermite,9,0.770054054054054,0.018645262346508627,0.6912278465496389,0.030828156433762993,0.4775693228865833,0.005519181708559378,0.020231129974126814,0.0006221392585413217,2.6575436000712216,51,"{'C': 28.42201566103021, 'degree': 6}",10,10,bayesian
blood,custom_gegen,0,0.7807927927927928,0.019498159715376745,0.7384703441624617,0.027309480445254594,0.49168235589790166,0.005425291190496996,0.06871675993315876,0.0013110542248614126,6.347395000047982,42,"{'C': 5.809303133207778, 'degree': 6, 'alpha': 0.7062188733689856}",10,10,bayesian
blood,custom_gegen,1,0.7847387387387388,0.034602481270690225,0.7454387153856459,0.04705080534445247,0.4976217036080087,0.010403973296013055,0.03881072998046875,0.001700576616745874,5.959161400329322,43,"{'C': 66.60935521958947, 'degree': 4, 'alpha': -0.4322624893955228}",10,10,bayesian
blood,custom_gegen,2,0.7927747747747748,0.028187512006745602,0.7609769138530821,0.037372230883114595,0.4695481942319478,0.0047347513213987225,0.07944555003196001,0.0016371195597663546,7.6132851000875235,44,"{'C': 39.37856132927404, 'degree': 3, 'alpha': 0.5247057950833167}",10,10,bayesian
blood,custom_gegen,3,0.7941441441441441,0.024502020276832175,0.7618038843010563,0.02937162494780313,0.47534115810776856,0.00900755503977361,0.07523390999995172,0.0020711993568607884,6.5517881996929646,45,"{'C': 99.07217775409525, 'degree': 3, 'alpha': 0.7404060222990427}",10,10,bayesian
blood,custom_gegen,4,0.782036036036036,0.03662350426773267,0.7581952864745364,0.04295647946707991,0.4899003972645624,0.009983156586925787,0.037069180002436045,0.0009752651797775917,5.774010700173676,46,"{'C': 26.24225722762328, 'degree': 6, 'alpha': 0.29633924272509005}",10,10,bayesian
blood,custom_gegen,5,0.7994234234234234,0.022703532088382352,0.7726909005743224,0.027395345758167756,0.4722221242410748,0.006545492633674224,0.08162059988826513,0.001908031721089986,7.5205592000857,47,"{'C': 85.67920399582866, 'degree': 5, 'alpha': 0.6105211514267519}",10,10,bayesian
blood,custom_gegen,6,0.7954054054054055,0.021238230005466947,0.7654772730182469,0.02069553603100272,0.47266943267445916,0.005518447826131487,0.07944771000184118,0.0022543929308411963,5.387652799952775,48,"{'C': 86.47117395863914, 'degree': 3, 'alpha': 0.6009775136366875}",10,10,bayesian
blood,custom_gegen,7,0.7995135135135134,0.04109009305293005,0.7730636383178815,0.05238286415449245,0.4732606999087305,0.005362947758723388,0.08013216997496783,0.0011540551210098694,8.22415449982509,49,"{'C': 89.16045222433813, 'degree': 5, 'alpha': 0.6381004724043478}",10,10,bayesian
blood,custom_gegen,8,0.7955675675675675,0.029814697036908585,0.7701934212557039,0.029314628212100517,0.4792029135674004,0.005107270068266141,0.07746879998594522,0.0017735828407755615,7.401840700302273,50,"{'C': 52.41082616290873, 'degree': 6, 'alpha': 0.647032407387464}",10,10,bayesian
blood,custom_gegen,9,0.782108108108108,0.025126712399363454,0.7291807240759944,0.032315153528674166,0.48915635292613346,0.007974841597358567,0.036068510031327605,0.0014747278791748916,5.9775535999797285,51,"{'C': 64.67490767496166, 'degree': 2, 'alpha': 0.3263934923421967}",10,10,bayesian
blood,custom_alsalam,0,0.7901261261261261,0.026550611839336172,0.7616244242316842,0.029569531663267333,0.5311984955974621,0.009873878037202714,0.02968979994766414,0.0008141591956747521,2.54654059978202,42,"{'C': 51.42392960692274, 'degree': 4, 'a': -1, 'q': 0.05}",10,10,bayesian
blood,custom_alsalam,1,0.7927747747747748,0.028777708053372316,0.7604976927619038,0.042763288184655544,0.48692973135039097,0.007098941308320389,0.02312219003215432,0.0004610938042100828,2.3985573002137244,43,"{'C': 11.506341584411505, 'degree': 4, 'a': -1, 'q': 0.14}",10,10,bayesian
blood,custom_alsalam,2,0.7914054054054054,0.019507123807229552,0.7621857834554012,0.025560379481511176,0.4888591761059254,0.006943708412729559,0.023442110046744347,0.0003758135945905194,2.1556997997686267,44,"{'C': 14.885657456358848, 'degree': 4, 'a': -1, 'q': 0.16}",10,10,bayesian
blood,custom_alsalam,3,0.7928468468468468,0.02703327855626935,0.7623445763921958,0.033016534573255825,0.4838069497048073,0.011258023851080684,0.021513830125331878,0.0005235827281458952,2.237675099633634,45,"{'C': 7.455003975369499, 'degree': 6, 'a': -1, 'q': 0.23}",10,10,bayesian
blood,custom_alsalam,4,0.7887027027027027,0.03145019625653082,0.757509772946424,0.0383376695993939,0.5279271255417745,0.01313791035822388,0.02874526008963585,0.0007420261800021661,2.452388800214976,46,"{'C': 39.483800086062594, 'degree': 4, 'a': -1, 'q': 0.04}",10,10,bayesian
blood,custom_alsalam,5,0.79409009009009,0.020242150665937195,0.7641957563321429,0.023567005586561482,0.4942065952090159,0.005730370546163235,0.024515439989045262,0.0006809217549722428,2.2415735004469752,47,"{'C': 12.712329991335293, 'degree': 5, 'a': -1, 'q': 0.01}",10,10,bayesian
blood,custom_alsalam,6,0.7940900900900901,0.01264469536023649,0.7638491071682054,0.016870992553677955,0.49064311885750067,0.009395761750771635,0.024666890036314726,0.0010534179599707336,2.687678599730134,48,"{'C': 29.89833876951833, 'degree': 5, 'a': -1, 'q': 0.33}",10,10,bayesian
blood,custom_alsalam,7,0.7861621621621622,0.04512575112389354,0.7574449789043888,0.055373341415595245,0.4950965824665676,0.01142186368727746,0.025857780128717422,0.0006266154147695799,2.2558208000846207,49,"{'C': 22.91459130306838, 'degree': 6, 'a': -1, 'q': 0.060000000000000005}",10,10,bayesian
blood,custom_alsalam,8,0.7861441441441442,0.026333991355704963,0.7523186356952871,0.026870460928209446,0.48440042151489626,0.009762420166881043,0.02294366988353431,0.0007961214005088436,2.176620800048113,50,"{'C': 31.001624859184517, 'degree': 3, 'a': -1, 'q': 0.35000000000000003}",10,10,bayesian
blood,custom_alsalam,9,0.7834414414414415,0.024256890176718254,0.7354359214918812,0.02634979228806519,0.48425513996851866,0.00922062872166781,0.024077560007572173,0.0007381201707517476,2.2852675998583436,51,"{'C': 64.67490767496166, 'degree': 2, 'a': -1, 'q': 0.41000000000000003}",10,10,bayesian
statlog,linear,0,0.8130952380952381,0.034214184208061334,0.80890260742768,0.034105678507491875,0.4882320699910091,0.00586697221693098,0.01679713004268706,0.0005840557584051682,2.7638766998425126,42,{'C': 15.602708025603208},10,10,bayesian
statlog,linear,1,0.8082913165266106,0.020912460659513656,0.8044442719430114,0.021744063381687804,0.5008546579984785,0.003576318766870687,0.015427389973774552,0.0005825586706037408,2.5995811000466347,43,{'C': 11.506341584411505},10,10,bayesian
statlog,linear,2,0.8083473389355742,0.03752033660940853,0.8035995612310189,0.040121086878239225,0.5049322221453766,0.0069398819451015215,0.014228950068354607,0.0008279919454034413,2.784660100005567,44,{'C': 10.480505640882603},10,10,bayesian
statlog,linear,3,0.8107002801120448,0.03527428191881326,0.8071684726576898,0.0372538745947909,0.4524662839753787,0.005333445309589528,0.02374710999429226,0.0007380089758647281,2.5528250001370907,45,{'C': 44.44750512768433},10,10,bayesian
statlog,linear,4,0.8072408963585435,0.046229904794680324,0.8038989538952283,0.047721090225166976,0.44089217788228785,0.009141063716186374,0.027900499943643808,0.0009369672589157506,2.959845199715346,46,{'C': 78.38345124822426},10,10,bayesian
statlog,linear,5,0.808249299719888,0.03560076702690526,0.8052238449557203,0.034843303560933944,0.44076509440486894,0.007708637184216762,0.027240750007331373,0.0009701531314288131,2.9912495999597013,47,{'C': 70.60339509628965},10,10,bayesian
statlog,linear,6,0.8082212885154061,0.03406656829173096,0.8056452268190609,0.034112122492168134,0.44654868939760706,0.009352417872285341,0.02589941001497209,0.0006493812476578208,2.8792162998579443,48,{'C': 54.82344240510306},10,10,bayesian
statlog,linear,7,0.8071428571428572,0.03571521940889677,0.8043472754271246,0.03624455666418366,0.4360284252022962,0.005692429886662109,0.02956925006583333,0.0012687039143632285,3.1098430999554694,49,{'C': 89.62311386559638},10,10,bayesian
statlog,linear,8,0.8047478991596639,0.042229872938439786,0.8010129291510649,0.04250822889911003,0.4387905456808908,0.008516063795131553,0.02794256992638111,0.00106435696856088,2.9334408002905548,50,{'C': 77.18962758997651},10,10,bayesian
statlog,linear,9,0.8071148459383753,0.030787028067405325,0.8048246314134211,0.03155586293381239,0.4452313437997096,0.0066192165576405846,0.026416280027478933,0.0009845801952625874,2.777493600267917,51,{'C': 67.57346581893972},10,10,bayesian
statlog,poly,0,0.8496638655462185,0.036860190796367945,0.848971699963875,0.03616853845677847,0.41354502386057124,0.008807862641682481,0.031590780010446906,0.0007891193302064117,2.412044500000775,42,"{'C': 37.454637344617396, 'degree': 6, 'gamma': 2.9321633619048173}",10,10,bayesian
statlog,poly,1,0.8638095238095238,0.03568319622269921,0.8625351226910996,0.036510275636352646,0.42485285981049864,0.003995681849465641,0.03066194001585245,0.0004254593728259,2.9131610998883843,43,"{'C': 66.60935521958947, 'degree': 4, 'gamma': 0.13122695669081097}",10,10,bayesian
statlog,poly,2,0.8603781512605042,0.04251098048292867,0.859448607124983,0.04295640922064831,0.3957899923922817,0.009344631801321219,0.03504467005841434,0.0004512784831886516,2.9759789002127945,44,"{'C': 95.74724943472268, 'degree': 6, 'gamma': 3.5291436202329205}",10,10,bayesian
statlog,poly,3,0.8533053221288516,0.03456696128776965,0.8521738613516187,0.03482756329832782,0.42682377757797907,0.009754876807612564,0.03127375999465585,0.001161930909679811,2.9480928000994027,45,"{'C': 28.26743798591021, 'degree': 6, 'gamma': 2.6973803090402684}",10,10,bayesian
statlog,poly,4,0.8591456582633054,0.018876003332084734,0.8573970879246554,0.019907922647601644,0.4429957120132789,0.006739321874845999,0.029025050066411495,0.0007073585687296472,2.759310900233686,46,"{'C': 45.50093688875895, 'degree': 4, 'gamma': 0.3539301323851334}",10,10,bayesian
statlog,poly,5,0.8578571428571429,0.03362041536046269,0.8563695104366194,0.034787767538773925,0.4084172487723909,0.009109501819662849,0.0320161699783057,0.0006483574278881602,2.7903326000086963,47,"{'C': 93.52364450917413, 'degree': 4, 'gamma': 0.7232980738582272}",10,10,bayesian
statlog,poly,6,0.8532913165266105,0.037276128091029134,0.8514308282535819,0.037632530352371435,0.422220243446988,0.01134546098671218,0.03090884992852807,0.0011175790480273176,3.02212980017066,48,"{'C': 44.49646271214178, 'degree': 5, 'gamma': 1.8488408310945195}",10,10,bayesian
statlog,poly,7,0.8591736694677872,0.029175202445902913,0.8582133872757334,0.029792316386599203,0.423538280655647,0.004517580847154398,0.030737660080194473,0.000721226015141353,2.9251020001247525,49,"{'C': 44.22183607663652, 'degree': 5, 'gamma': 3.381749733807492}",10,10,bayesian
statlog,poly,8,0.8579691876750701,0.027586944626847573,0.8561893015574988,0.02841484554047239,0.4071005947852549,0.008214812693184005,0.03324769991450012,0.0006831148597768116,2.769848800264299,50,"{'C': 52.41082616290873, 'degree': 6, 'gamma': 2.2921895719519734}",10,10,bayesian
statlog,poly,9,0.8638935574229691,0.01860235035105178,0.8623864895402648,0.017832102030449135,0.42866813057611175,0.006539907813673049,0.02959336997009814,0.0010086814918209212,2.388786199968308,51,"{'C': 58.23602569893819, 'degree': 4, 'gamma': 3.1839949340859026}",10,10,bayesian
statlog,rbf,0,0.8188515406162464,0.042958047486030305,0.8179348086667202,0.04193582939859093,0.5855361712428245,0.00809845607397009,0.01626733997836709,0.00029322479040969,2.245672299992293,42,"{'C': 15.602708025603208, 'gamma': 0.6371656669645575}",10,10,bayesian
statlog,rbf,1,0.8425210084033614,0.03596944060612992,0.8405321754320434,0.0366244880445739,0.5070373124005809,0.008682835370115334,0.015429960004985333,0.0002792836235647295,2.200294699985534,43,"{'C': 25.44285816486207, 'gamma': 0.24227591946943294}",10,10,bayesian
statlog,rbf,2,0.8260784313725489,0.030518062662997107,0.8245711200183035,0.0310804798894478,0.5324126841413652,0.008220448234618856,0.018198120035231115,0.0005879700748194072,2.301574199926108,44,"{'C': 42.76572445463983, 'gamma': 0.46770693414988207}",10,10,bayesian
statlog,rbf,3,0.8496498599439775,0.033231504775354984,0.8474244157395703,0.03304685073212072,0.509137907185836,0.00799650235233265,0.01667085001245141,0.0009524556089022799,2.1875005001202226,45,"{'C': 28.14544874820433, 'gamma': 0.3235756148467037}",10,10,bayesian
statlog,rbf,4,0.8366806722689075,0.019676993909690663,0.8343935673743411,0.021244208923717946,0.4948049657652673,0.008079884142341677,0.018362040026113392,0.0006118581501104296,2.2483657002449036,46,"{'C': 50.79392613603845, 'gamma': 0.3539301323851334}",10,10,bayesian
statlog,rbf,5,0.8437675070028012,0.027962019142252357,0.8403722608285875,0.028561012526247206,0.5207104571547134,0.007297390992757753,0.013707569940015674,0.0003375920012402014,2.1474595996551216,47,"{'C': 25.599987137364938, 'gamma': 0.11129523917292246}",10,10,bayesian
statlog,rbf,6,0.8178851540616247,0.03878626683371318,0.8151237798664767,0.039614000273683656,0.5827738778615394,0.00782952053067489,0.015181409986689686,0.0002265306590163182,2.1833492000587285,48,"{'C': 11.232090227245585, 'gamma': 0.5809964763486839}",10,10,bayesian
statlog,rbf,7,0.8461484593837534,0.03547446530676692,0.8451156468601916,0.03642439853665975,0.4586442700048412,0.008934012155754224,0.020855440106242896,0.0009934083409901219,2.3484288998879492,49,"{'C': 96.21679197288353, 'gamma': 0.2503777431897933}",10,10,bayesian
statlog,rbf,8,0.8117647058823529,0.03676944080487217,0.809180774733604,0.038737796273799835,0.6186684763814924,0.008851385170361215,0.01832804000005126,0.000538900513442001,2.290899300016463,50,"{'C': 49.4606699521566, 'gamma': 0.9243936192903239}",10,10,bayesian
statlog,rbf,9,0.8450700280112045,0.024983482055802492,0.8425936513936056,0.025251739502032338,0.4824443253337022,0.007847265214706559,0.01610767999663949,0.00048459087082151724,2.235502100083977,51,"{'C': 41.02538836217453, 'gamma': 0.20578241662639743}",10,10,bayesian
statlog,custom_hermite,0,0.795252100840336,0.0447866421795522,0.7882666699233607,0.04644496810216246,0.5802766443045855,0.005431093677000034,0.10292514995671809,0.006630610836050557,12.110766499768943,42,"{'C': 60.11190005930913, 'degree': 5}",10,10,bayesian
statlog,custom_hermite,1,0.7821988795518208,0.024846542330000332,0.7741693567801515,0.027397523785180983,0.5975025935403555,0.007953750677097398,0.10616705999709666,0.009399174559460044,12.180325500201434,43,"{'C': 32.71457844205816, 'degree': 6}",10,10,bayesian
statlog,custom_hermite,2,0.8189775910364145,0.03992089261458578,0.8136047525387337,0.042217184065847776,0.5307037139497891,0.00815701792188067,0.10700351996347308,0.005754098586716197,12.114556000102311,44,"{'C': 94.3351286897191, 'degree': 6}",10,10,bayesian
statlog,custom_hermite,3,0.8082212885154062,0.0346335662502657,0.8012187407901411,0.038694589320509364,0.5489805657376029,0.007450842542788673,0.10611468991264701,0.008581872104080755,12.062708400189877,45,"{'C': 97.60035557843834, 'degree': 5}",10,10,bayesian
statlog,custom_hermite,4,0.7846498599439775,0.02319305741516078,0.7761946511218972,0.023368659783559828,0.5986831731101735,0.007271524766418452,0.1054182100109756,0.008017281332321243,12.340916999615729,46,"{'C': 31.308380486232352, 'degree': 6}",10,10,bayesian
statlog,custom_hermite,5,0.8011204481792717,0.030309301146747094,0.7935424489726925,0.032244992091013704,0.5676559582267101,0.007027872875136518,0.1041711200028658,0.006481231102284588,12.064488800242543,47,"{'C': 70.76080622076984, 'degree': 5}",10,10,bayesian
statlog,custom_hermite,6,0.7704481792717087,0.035594184835221455,0.7585188172644439,0.03912182706824061,0.616700843765129,0.005065514243997026,0.10180089995265007,0.006286750587375972,12.057999100070447,48,"{'C': 86.47117395863914, 'degree': 3}",10,10,bayesian
statlog,custom_hermite,7,0.8105882352941176,0.030324130971998146,0.8055687635599945,0.0314944367047801,0.5342528874749292,0.009087325843529843,0.10559699009172618,0.008294064188707102,12.179029200226068,49,"{'C': 92.6335871707825, 'degree': 6}",10,10,bayesian
statlog,custom_hermite,8,0.7904481792717086,0.034366037983588095,0.7811890352232914,0.03699032534376474,0.5868547271595547,0.008213364600945901,0.11569788004271686,0.006764503007203518,12.358017500024289,50,"{'C': 37.73213245401471, 'degree': 6}",10,10,bayesian
statlog,custom_hermite,9,0.776498599439776,0.03336502506820967,0.7657848461805499,0.0352681618689363,0.6046004218825645,0.003944861486450162,0.11339205992408097,0.006299853213474855,12.180496599990875,51,"{'C': 28.42201566103021, 'degree': 6}",10,10,bayesian
statlog,custom_gegen,0,0.8473109243697479,0.039419080386287254,0.8467658887208446,0.038053877286549076,0.4637729096064735,0.009192007892221176,0.17128731007687747,0.00933257196483034,35.193593099713326,42,"{'C': 13.95024657134353, 'degree': 2, 'alpha': 0.23906006815444647}",10,10,bayesian
statlog,custom_gegen,1,0.8437114845938375,0.03625397956819994,0.842555505739053,0.03577399255294478,0.5095354104709869,0.006638195030980566,0.1707521699834615,0.008728812494970735,34.96312530012801,43,"{'C': 22.103678559441246, 'degree': 3, 'alpha': 0.1390319773262353}",10,10,bayesian
statlog,custom_gegen,2,0.8437675070028012,0.033516213830589156,0.8415053159931027,0.03435379642659791,0.5096637042672384,0.00593546703059895,0.16919671995565294,0.009914900309194428,41.03270360035822,44,"{'C': 14.885657456358848, 'degree': 4, 'alpha': -0.17328102501183607}",10,10,bayesian
statlog,custom_gegen,3,0.8284453781512605,0.04058694248588205,0.8251454418135117,0.04225064745851742,0.5409606473476727,0.004446253045323435,0.1677308099810034,0.009448731501310606,35.22147989971563,45,"{'C': 4.853151568643681, 'degree': 1, 'alpha': -0.25925808411909057}",10,10,bayesian
statlog,custom_gegen,4,0.8438515406162465,0.023100452448853215,0.8420990253058944,0.023424311326165237,0.45285946469327065,0.0030932988901503783,0.17275926996953786,0.008874196896543403,32.0534900999628,46,"{'C': 29.99148509430352, 'degree': 1, 'alpha': 0.25070004483418906}",10,10,bayesian
statlog,custom_gegen,5,0.8472549019607843,0.02951663310587549,0.8456103726808151,0.03020479908163317,0.4560161491112801,0.0058348720730353205,0.17214063997380435,0.00972363973568339,41.5826202002354,47,"{'C': 93.52364450917413, 'degree': 4, 'alpha': -0.1365519894643772}",10,10,bayesian
statlog,custom_gegen,6,0.8390336134453781,0.02270506836854881,0.8371503346913356,0.02378103715581363,0.4520699910090601,0.007753463944589708,0.17688364000059664,0.009473346425430147,26.091389100067317,48,"{'C': 18.713590155279643, 'degree': 3, 'alpha': -0.22711694050762699}",10,10,bayesian
statlog,custom_gegen,7,0.8532633053221289,0.01990028516670947,0.8528119234257524,0.020244895592964038,0.42932101113493326,0.007261061500555095,0.17743580010719598,0.007729552989978883,44.34994720015675,49,"{'C': 25.193648320991734, 'degree': 2, 'alpha': -0.3386652195968104}",10,10,bayesian
statlog,custom_gegen,8,0.843767507002801,0.025301208637189973,0.8428244932408144,0.025099690225246846,0.4678487447264679,0.011486100964859917,0.17177162007428706,0.009888425491428661,41.049237200059,50,"{'C': 31.001624859184517, 'degree': 3, 'alpha': 0.21001198681815925}",10,10,bayesian
statlog,custom_gegen,9,0.8509383753501402,0.03073603044801965,0.849896216042952,0.030504470698616684,0.4549628259215714,0.003992597183246516,0.1717621201183647,0.010271136314546216,34.87378959963098,51,"{'C': 86.94918649987437, 'degree': 3, 'alpha': 0.12272045734288906}",10,10,bayesian
statlog,custom_alsalam,0,0.8378151260504202,0.03468794964479497,0.8373800823447606,0.0335363294364205,0.5200553288609171,0.010507150272093702,0.06384756988845766,0.003923018108039666,6.792453600093722,42,"{'C': 83.24443163740138, 'degree': 2, 'a': -1, 'q': 0.19}",10,10,bayesian
statlog,custom_alsalam,1,0.8270728291316527,0.044394403375907575,0.826029435106818,0.044886460010434344,0.5287327961823086,0.009130526100238914,0.059284179983660576,0.0013649192397081822,6.50645379954949,43,"{'C': 89.70996089957345, 'degree': 2, 'a': -1, 'q': 0.26}",10,10,bayesian
statlog,custom_alsalam,2,0.8117086834733893,0.03431573766466341,0.8103493282426191,0.03393957280445398,0.5902693823915899,0.006666459807632468,0.05895516993477941,0.0028717256421075467,6.523359899874777,44,"{'C': 39.37856132927404, 'degree': 3, 'a': -1, 'q': 0.51}",10,10,bayesian
statlog,custom_alsalam,3,0.8367226890756303,0.03710204313827164,0.832980227862706,0.03874782037606809,0.4472095234801854,0.00885756190477594,0.06443830011412502,0.0020327479121399145,6.769619900267571,45,"{'C': 4.853151568643681, 'degree': 1, 'a': -1, 'q': 0.12}",10,10,bayesian
statlog,custom_alsalam,4,0.8379411764705882,0.025404900076419944,0.8364547318350576,0.025600864856722763,0.543721211702054,0.00803971236743376,0.057201349968090655,0.0017494095561751727,6.618192199617624,46,"{'C': 30.75461872064403, 'degree': 2, 'a': -1, 'q': 0.49}",10,10,bayesian
statlog,custom_alsalam,5,0.8449159663865548,0.03309681465108351,0.8434568786015744,0.03387302039024077,0.505327996403624,0.005677772019862038,0.061896510003134605,0.002363178014001324,6.498300699982792,47,"{'C': 24.665691528082416, 'degree': 2, 'a': -1, 'q': 0.03}",10,10,bayesian
statlog,custom_alsalam,6,0.8284453781512605,0.021681418678659116,0.8266120944642761,0.021586776505949087,0.46193529981326514,0.006884764480507931,0.06415642006322742,0.0017576060632591402,7.016484499908984,48,"{'C': 3.711994388168878, 'degree': 1, 'a': -1, 'q': 0.22}",10,10,bayesian
statlog,custom_alsalam,7,0.835518207282913,0.015137872753077278,0.8350523098432376,0.015944457579962584,0.5087435161491113,0.00883711835997346,0.06020916998386383,0.0023401327554589263,6.523326099850237,49,"{'C': 25.193648320991734, 'degree': 2, 'a': -1, 'q': 0.08}",10,10,bayesian
statlog,custom_alsalam,8,0.8212044817927172,0.03579412178456677,0.8192405455969028,0.037202551688914315,0.5314905940936441,0.005875450914283953,0.06197826000861824,0.002631805555912471,6.5453572999686,50,"{'C': 49.4606699521566, 'degree': 2, 'a': -1, 'q': 0.26}",10,10,bayesian
statlog,custom_alsalam,9,0.8320588235294117,0.03948216036864425,0.8307606368461693,0.03980745202232855,0.5283373677294418,0.007886405617716925,0.06124278004281223,0.0034924648184164195,6.633000900037587,51,"{'C': 48.78009133549274, 'degree': 2, 'a': -1, 'q': 0.22}",10,10,bayesian
hepatitis,linear,0,0.8,0.11456439237389601,0.7951864801864803,0.1125617957942685,0.24027777777777776,0.017623024361735455,0.0008290500380098819,9.721335522796093e-05,0.28253239998593926,42,{'C': 5.809303133207778},10,10,bayesian
hepatitis,linear,1,0.85,0.09354143466934853,0.8331818181818182,0.1066009067563255,0.24166666666666664,0.014163943093313298,0.0008162001613527536,9.723746221746692e-05,0.270968500059098,43,{'C': 11.506341584411505},10,10,bayesian
hepatitis,linear,2,0.8125,0.1505199322349037,0.7951098901098901,0.15452362717671386,0.2375,0.019094065395649337,0.0008411700837314129,0.00016238516027428812,0.2682449999265373,44,{'C': 83.48438002441628},10,10,bayesian
hepatitis,linear,3,0.8125,0.10077822185373188,0.8163228438228437,0.08930296444675981,0.23472222222222222,0.015774745405000762,0.00078125,0.00010296160329511491,0.2634958000853658,45,{'C': 7.729879318351191},10,10,bayesian
hepatitis,linear,4,0.8125,0.128086884574495,0.8108333333333334,0.12720457323412757,0.22777777777777777,0.016666666666666666,0.0008246699348092079,0.0001388270599106122,0.2633066000416875,46,{'C': 78.38345124822426},10,10,bayesian
hepatitis,linear,5,0.825,0.15,0.824102564102564,0.14278137842514188,0.2375,0.014500425706820209,0.0008294799830764532,0.00013714886073653757,0.2676348998211324,47,{'C': 11.349733700893058},10,10,bayesian
hepatitis,linear,6,0.8125,0.1789727632909544,0.8074908424908424,0.17332810135961058,0.2763888888888889,0.027393170726827818,0.0007013799622654915,9.04998820614592e-05,0.26125269988551736,48,{'C': 1.7500096028443315},10,10,bayesian
hepatitis,linear,7,0.7875,0.1772180859844728,0.7824575424575425,0.1653364128561806,0.23194444444444445,0.016492141787552664,0.0008053500670939684,0.00010714790503378081,0.2624174002557993,49,{'C': 30.0971446211356},10,10,bayesian
hepatitis,linear,8,0.825,0.1,0.8067857142857143,0.11915482950732673,0.23055555555555557,0.01416394309331329,0.0008142199832946063,0.00010288975930701594,0.26415840024128556,50,{'C': 49.4606699521566},10,10,bayesian
hepatitis,linear,9,0.8,0.1274754878398196,0.7983333333333333,0.12084759828740628,0.23888888888888887,0.017347216662217772,0.0008530200459063054,0.00015666759893118246,0.26727010030299425,51,{'C': 67.57346581893972},10,10,bayesian
hepatitis,poly,0,0.825,0.1,0.8239102564102565,0.08721626769374709,0.3222222222222222,0.017347216662217765,0.0006708999630063772,3.8117068650683047e-05,0.26054879976436496,42,"{'C': 83.24443163740138, 'degree': 2, 'gamma': 0.7400838537157916}",10,10,bayesian
hepatitis,poly,1,0.8375,0.1375,0.8291025641025641,0.1377880701230864,0.3958333333333333,0.027251967875484145,0.0007619699928909541,2.9491939084356236e-05,0.26401179982349277,43,"{'C': 11.506341584411505, 'degree': 4, 'gamma': 0.547104622928547}",10,10,bayesian
hepatitis,poly,2,0.85,0.15612494995995996,0.8341341991341992,0.16583559168631432,0.3666666666666667,0.026498311150470723,0.0007970300503075123,4.343699970176383e-05,0.28365119965747,44,"{'C': 36.05072312479231, 'degree': 3, 'gamma': 2.443059172775448}",10,10,bayesian
hepatitis,poly,3,0.8375,0.1125,0.8156959706959708,0.11509070801034121,0.33611111111111114,0.01944444444444444,0.0006380100268870593,1.470250807794098e-05,0.26235330011695623,45,"{'C': 4.853151568643681, 'degree': 1, 'gamma': 0.4776161161246224}",10,10,bayesian
hepatitis,poly,4,0.85,0.10897247358851683,0.8447435897435899,0.10084366338270563,0.3208333333333333,0.0385150683996168,0.000655980035662651,2.077078800146698e-05,0.2597075002267957,46,"{'C': 75.80782838911712, 'degree': 2, 'gamma': 3.749930096242834}",10,10,bayesian
hepatitis,poly,5,0.8375,0.14842927608797396,0.8216666666666667,0.14568802284333465,0.44444444444444436,0.025609845714702456,0.0007666800171136856,2.5493203875012492e-05,0.2581225000321865,47,"{'C': 35.14742912146425, 'degree': 5, 'gamma': 3.201549584739277}",10,10,bayesian
hepatitis,poly,6,0.8375,0.1681703005884214,0.8348717948717947,0.1620817076273662,0.4027777777777778,0.029133579115837548,0.0007684100419282913,2.5601974136452084e-05,0.260508400388062,48,"{'C': 54.52338114221105, 'degree': 4, 'gamma': 2.3615768520639593}",10,10,bayesian
hepatitis,poly,7,0.8375,0.1375,0.8246736596736597,0.141915798695176,0.4458333333333333,0.021916296997304848,0.0007613800466060638,2.4663120652789142e-05,0.26013810001313686,49,"{'C': 89.16045222433813, 'degree': 5, 'gamma': 2.274306065194007}",10,10,bayesian
hepatitis,poly,8,0.875,0.11180339887498948,0.8675641025641025,0.12459012353438881,0.3736111111111111,0.029430027917245975,0.0007746899966150523,3.1499634228352404e-05,0.259950399864465,50,"{'C': 39.63359464236797, 'degree': 3, 'gamma': 3.986350448272431}",10,10,bayesian
hepatitis,poly,9,0.8375,0.1375,0.8297202797202796,0.137836190753129,0.3597222222222222,0.03998938902468881,0.0007553600240498781,1.3026782475216598e-05,0.2585698999464512,51,"{'C': 15.76785920720762, 'degree': 3, 'gamma': 2.3663810546943775}",10,10,bayesian
hepatitis,rbf,0,0.8375,0.057282196186948006,0.7645238095238094,0.07964952993613723,1.0,0.0,0.0007819599471986294,1.9986513392205797e-05,0.2727791997604072,42,"{'C': 37.454637344617396, 'gamma': 3.80362731460201}",10,10,bayesian
hepatitis,rbf,1,0.8625,0.10383279828647594,0.8162087912087911,0.12517859479212548,0.861111111111111,0.010758287072798385,0.0007530500181019307,2.2861095343329803e-05,0.2742017996497452,43,"{'C': 25.44285816486207, 'gamma': 0.24227591946943294}",10,10,bayesian
hepatitis,rbf,2,0.8375,0.057282196186948006,0.7645238095238094,0.07964952993613723,0.9777777777777776,0.009212846639876126,0.0008438900113105774,0.00010644087443045458,0.2764944997616112,44,"{'C': 74.46430352747011, 'gamma': 1.4519955194586383}",10,10,bayesian
hepatitis,rbf,3,0.8375,0.057282196186948006,0.7645238095238094,0.07964952993613723,0.9888888888888889,0.005555555555555537,0.0008078600279986858,7.644674554587114e-05,0.2723026997409761,45,"{'C': 98.90116233604654, 'gamma': 2.205217271021953}",10,10,bayesian
hepatitis,rbf,4,0.8375,0.057282196186948006,0.7645238095238094,0.07964952993613723,0.9916666666666668,0.006804138174397692,0.0007869000546634197,1.625157662541896e-05,0.2757809995673597,46,"{'C': 78.38345124822426, 'gamma': 2.545040547553847}",10,10,bayesian
hepatitis,rbf,5,0.8375,0.057282196186948006,0.7645238095238094,0.07964952993613723,1.0,0.0,0.0007945600431412458,4.2268857762561584e-05,0.2729571000672877,47,"{'C': 11.349733700893058, 'gamma': 3.898331079395257}",10,10,bayesian
hepatitis,rbf,6,0.8375,0.057282196186948006,0.7645238095238094,0.07964952993613723,1.0,0.0,0.000789229990914464,3.479793392691806e-05,0.2742343000136316,48,"{'C': 1.7500096028443315, 'gamma': 3.567987236421342}",10,10,bayesian
hepatitis,rbf,7,0.8625,0.06731456008918131,0.8076739926739925,0.09937363204453759,0.8722222222222221,0.017347216662217762,0.0007648800034075976,3.6888946068051356e-05,0.27225610008463264,49,"{'C': 96.21679197288353, 'gamma': 0.2503777431897933}",10,10,bayesian
hepatitis,rbf,8,0.8375,0.057282196186948006,0.7645238095238094,0.07964952993613723,0.9666666666666668,0.0092128466398761,0.0007804699707776308,2.409964910772637e-05,0.2908568996936083,50,"{'C': 49.4606699521566, 'gamma': 0.9243936192903239}",10,10,bayesian
hepatitis,rbf,9,0.8375,0.057282196186948006,0.7645238095238094,0.07964952993613723,0.9902777777777777,0.006364688465216423,0.0007951800245791674,2.7029535533061058e-05,0.27334610000252724,51,"{'C': 34.33102395058668, 'gamma': 2.5816410998446386}",10,10,bayesian
hepatitis,custom_hermite,0,0.8375,0.057282196186948006,0.7645238095238094,0.07964952993613723,0.5958333333333334,0.03483315612217905,0.0020967000164091587,5.434930655987896e-05,0.4566671000793576,42,"{'C': 37.454637344617396, 'degree': 6}",10,10,bayesian
hepatitis,custom_hermite,1,0.8375,0.057282196186948006,0.7645238095238094,0.07964952993613723,0.3249999999999999,0.01272937693043287,0.001695089926943183,3.634680245978394e-05,0.44184729969128966,43,"{'C': 11.506341584411505, 'degree': 4}",10,10,bayesian
hepatitis,custom_hermite,2,0.8375,0.057282196186948006,0.7645238095238094,0.07964952993613723,0.35833333333333334,0.01619708859679251,0.0012133199721574782,5.800426741337223e-05,0.43973900005221367,44,"{'C': 83.48438002441628, 'degree': 1}",10,10,bayesian
hepatitis,custom_hermite,3,0.8375,0.057282196186948006,0.7645238095238094,0.07964952993613723,0.5111111111111111,0.03611111111111111,0.0017924200277775527,0.00010755940735895588,0.42469519982114434,45,"{'C': 98.90116233604654, 'degree': 4}",10,10,bayesian
hepatitis,custom_hermite,4,0.8375,0.057282196186948006,0.7645238095238094,0.07964952993613723,0.47638888888888886,0.02156135374480559,0.001731219980865717,8.96026463836392e-05,0.45165379997342825,46,"{'C': 78.38345124822426, 'degree': 4}",10,10,bayesian
hepatitis,custom_hermite,5,0.8375,0.057282196186948006,0.7645238095238094,0.07964952993613723,0.3763888888888889,0.021916296997304872,0.0020314900670200587,3.2847280951301075e-05,0.43389480002224445,47,"{'C': 11.349733700893058, 'degree': 6}",10,10,bayesian
hepatitis,custom_hermite,6,0.8375,0.057282196186948006,0.7645238095238094,0.07964952993613723,0.3249999999999999,0.01272937693043287,0.002036079950630665,3.335731788692314e-05,0.4344522999599576,48,"{'C': 1.7500096028443315, 'degree': 6}",10,10,bayesian
hepatitis,custom_hermite,7,0.8375,0.057282196186948006,0.7645238095238094,0.07964952993613723,0.3249999999999999,0.01272937693043287,0.001352940034121275,2.6222276390515158e-05,0.4250138998031616,49,"{'C': 30.0971446211356, 'degree': 2}",10,10,bayesian
hepatitis,custom_hermite,8,0.8375,0.057282196186948006,0.7645238095238094,0.07964952993613723,0.33611111111111114,0.012108052620946321,0.0013542299624532462,2.4506825114747566e-05,0.44873989978805184,50,"{'C': 49.4606699521566, 'degree': 2}",10,10,bayesian
hepatitis,custom_hermite,9,0.8375,0.057282196186948006,0.7645238095238094,0.07964952993613723,0.34444444444444444,0.01944444444444445,0.001225050026550889,5.8255899831146176e-05,0.3998823002912104,51,"{'C': 67.57346581893972, 'degree': 1}",10,10,bayesian
hepatitis,custom_gegen,0,0.8625,0.0673145600891813,0.8524358974358973,0.07062101256831123,0.35694444444444445,0.024883990093290176,0.001362350070849061,2.8814330440944863e-05,0.4170691999606788,42,"{'C': 45.607542351719374, 'degree': 5, 'alpha': -0.09264917350486412}",10,10,bayesian
hepatitis,custom_gegen,1,0.875,0.07905694150420949,0.8335164835164834,0.10041274559698025,0.8625,0.015774745405000744,0.001368510164320469,4.2735792100839126e-05,0.4128157999366522,43,"{'C': 44.576390325611044, 'degree': 5, 'alpha': -0.3258249011026607}",10,10,bayesian
hepatitis,custom_gegen,2,0.85,0.1224744871391589,0.83008658008658,0.13137180158640116,0.3347222222222222,0.01695354946629681,0.0011163899209350348,4.7439447905337126e-05,0.43961849994957447,44,"{'C': 42.76572445463983, 'degree': 1, 'alpha': -0.05638125000041694}",10,10,bayesian
hepatitis,custom_gegen,3,0.8375,0.057282196186948006,0.7645238095238094,0.07964952993613723,0.9680555555555556,0.008893228107545614,0.0012419699225574732,2.7618488031440203e-05,0.4132841001264751,45,"{'C': 7.729879318351191, 'degree': 3, 'alpha': 0.45088785981341584}",10,10,bayesian
hepatitis,custom_gegen,4,0.8625,0.10383279828647594,0.8128571428571428,0.1399149401464707,0.8555555555555555,0.0188398055086813,0.001306159980595112,4.2613732478457927e-05,0.4176635001786053,46,"{'C': 45.50093688875895, 'degree': 4, 'alpha': -0.3210331699585467}",10,10,bayesian
hepatitis,custom_gegen,5,0.8375,0.057282196186948006,0.7645238095238094,0.07964952993613723,0.3249999999999999,0.01272937693043287,0.002670179959386587,7.26550528000227e-05,0.456337200012058,47,"{'C': 11.349733700893058, 'degree': 6, 'alpha': 0.9601819206672013}",10,10,bayesian
hepatitis,custom_gegen,6,0.8625,0.10383279828647594,0.8311538461538461,0.11429118664694864,0.8319444444444445,0.02007893374277912,0.0012287299148738384,4.578355047300157e-05,0.3706759000197053,48,"{'C': 57.49878373151376, 'degree': 3, 'alpha': 0.2673391530069128}",10,10,bayesian
hepatitis,custom_gegen,7,0.8625,0.06731456008918131,0.8076739926739925,0.09937363204453759,0.8708333333333332,0.021561353744805577,0.0011883899569511414,3.0137663862478556e-05,0.4535786001943052,49,"{'C': 25.193648320991734, 'degree': 2, 'alpha': -0.3386652195968104}",10,10,bayesian
hepatitis,custom_gegen,8,0.875,0.11180339887498948,0.8675641025641025,0.12459012353438881,0.41388888888888886,0.01842569327975222,0.001079539954662323,2.479086516845269e-05,0.433808000292629,50,"{'C': 66.83408854009923, 'degree': 1, 'alpha': 0.16084403508539902}",10,10,bayesian
hepatitis,custom_gegen,9,0.85,0.1346291201783626,0.8363869463869463,0.13541003810056293,0.31527777777777777,0.037807382191156105,0.0011788200587034225,3.4924537854716534e-05,0.3988446998409927,51,"{'C': 48.78009133549274, 'degree': 2, 'alpha': -0.05581670324541077}",10,10,bayesian
hepatitis,custom_alsalam,0,0.8375,0.057282196186948006,0.7645238095238094,0.07964952993613723,0.3249999999999999,0.01272937693043287,0.0023280200082808735,2.4883735223178487e-05,0.47681850008666515,42,"{'C': 37.454637344617396, 'degree': 6, 'a': -1, 'q': 0.73}",10,10,bayesian
hepatitis,custom_alsalam,1,0.8375,0.057282196186948006,0.7645238095238094,0.07964952993613723,0.3249999999999999,0.01272937693043287,0.0014345699921250344,4.04282494048677e-05,0.46646149968728423,43,"{'C': 24.059721406914914, 'degree': 2, 'a': -1, 'q': 0.86}",10,10,bayesian
hepatitis,custom_alsalam,2,0.8375,0.057282196186948006,0.7645238095238094,0.07964952993613723,0.3249999999999999,0.01272937693043287,0.0012015999760478734,2.8114274705692684e-05,0.4642060003243387,44,"{'C': 83.48438002441628, 'degree': 1, 'a': -1, 'q': 0.74}",10,10,bayesian
hepatitis,custom_alsalam,3,0.8375,0.057282196186948006,0.7645238095238094,0.07964952993613723,0.3249999999999999,0.01272937693043287,0.002436570031568408,0.00010726564212522091,0.5041752997785807,45,"{'C': 62.73954087875989, 'degree': 6, 'a': -1, 'q': 0.65}",10,10,bayesian
hepatitis,custom_alsalam,4,0.8375,0.057282196186948006,0.7645238095238094,0.07964952993613723,0.3249999999999999,0.01272937693043287,0.001491260016337037,6.125756519316935e-05,0.47291359957307577,46,"{'C': 75.80782838911712, 'degree': 2, 'a': -1, 'q': 0.93}",10,10,bayesian
hepatitis,custom_alsalam,5,0.8375,0.057282196186948006,0.7645238095238094,0.07964952993613723,0.3249999999999999,0.01272937693043287,0.0024685000069439413,0.00010229541188551118,0.5102721001021564,47,"{'C': 11.349733700893058, 'degree': 6, 'a': -1, 'q': 0.73}",10,10,bayesian
hepatitis,custom_alsalam,6,0.8375,0.057282196186948006,0.7645238095238094,0.07964952993613723,0.9305555555555556,0.01242259987499885,0.0020600799936801193,7.605441005229582e-05,0.49735449999570847,48,"{'C': 54.52338114221105, 'degree': 4, 'a': -1, 'q': 0.59}",10,10,bayesian
hepatitis,custom_alsalam,7,0.8375,0.057282196186948006,0.7645238095238094,0.07964952993613723,0.3249999999999999,0.01272937693043287,0.0014345701318234205,2.6176899315699893e-05,0.4950757999904454,49,"{'C': 30.0971446211356, 'degree': 2, 'a': -1, 'q': 0.92}",10,10,bayesian
hepatitis,custom_alsalam,8,0.8375,0.057282196186948006,0.7645238095238094,0.07964952993613723,0.3249999999999999,0.01272937693043287,0.0017383400816470384,7.75917662810525e-05,0.4800884001888335,50,"{'C': 39.63359464236797, 'degree': 3, 'a': -1, 'q': 0.99}",10,10,bayesian
hepatitis,custom_alsalam,9,0.8375,0.057282196186948006,0.7645238095238094,0.07964952993613723,0.3249999999999999,0.01272937693043287,0.001489529898390174,7.140011072001867e-05,0.44037039997056127,51,"{'C': 64.40232868225607, 'degree': 2, 'a': -1, 'q': 0.9400000000000001}",10,10,bayesian
wine,linear,0,0.9718954248366012,0.028119770933724135,0.9719502211659075,0.028059518720468326,0.14795419254658385,0.013839806206619122,0.0007617900613695383,4.3172779107286064e-05,0.25776050006970763,42,{'C': 37.454637344617396},10,10,bayesian
wine,linear,1,0.9666666666666668,0.036851386559504457,0.9665259431926099,0.037082123947383805,0.16480201863354038,0.011345875603034319,0.0007856700103729963,5.3320748990747005e-05,0.27552219992503524,43,{'C': 2.9023534286116157},10,10,bayesian
wine,linear,2,0.961111111111111,0.04339027597725921,0.961017686017686,0.04359711903550855,0.14669642857142856,0.010605423101229373,0.0007783298846334219,7.62922297790248e-05,0.2570819999091327,44,{'C': 83.48438002441628},10,10,bayesian
wine,linear,3,0.961111111111111,0.04339027597725921,0.961149961149961,0.04337550728253659,0.1485636645962733,0.006699910203019237,0.000859250035136938,0.00015869918054257478,0.26035179989412427,45,{'C': 98.90116233604654},10,10,bayesian
wine,linear,4,0.9722222222222221,0.03726779962499651,0.9722610722610723,0.03723901364599886,0.1460753105590062,0.00710637986186613,0.0007830600254237652,4.0539119987130345e-05,0.2585140001028776,46,{'C': 78.38345124822426},10,10,bayesian
wine,linear,5,0.9549019607843137,0.06059073822131655,0.9539786466257054,0.061976085432411,0.14856754658385093,0.010780754780988876,0.0007996300235390663,5.0866868857817315e-05,0.2562069999985397,47,{'C': 11.349733700893058},10,10,bayesian
wine,linear,6,0.9718954248366012,0.03752339893962701,0.9718108180853278,0.0375873768074603,0.1467003105590062,0.009495900249180105,0.0007713299710303545,3.257085043295599e-05,0.25602350011467934,48,{'C': 89.15743514475867},10,10,bayesian
wine,linear,7,0.9663398692810456,0.027499567956093377,0.9663329626074724,0.02750865926812293,0.14730590062111804,0.011100437417156352,0.0008422599639743567,8.240179835174617e-05,0.2570437998510897,49,{'C': 30.0971446211356},10,10,bayesian
wine,linear,8,0.9607843137254901,0.02569051504187393,0.9608487082996886,0.02564520484640057,0.1485636645962733,0.010733186699602375,0.0007771200500428677,4.112942670008728e-05,0.257693599909544,50,{'C': 49.4606699521566},10,10,bayesian
wine,linear,9,0.9718954248366014,0.03752339893962701,0.9719700270680663,0.037601565637885456,0.14980201863354037,0.01234815582205458,0.0007730199024081231,3.793400663598605e-05,0.25268569961190224,51,{'C': 67.57346581893972},10,10,bayesian
wine,poly,0,0.9663398692810456,0.027499567956093377,0.9663558155715017,0.027479794224917604,0.19975155279503107,0.011864870659292396,0.0013617299497127532,3.0478986737130025e-05,0.2922966997139156,42,"{'C': 37.454637344617396, 'degree': 6, 'gamma': 2.9321633619048173}",10,10,bayesian
wine,poly,1,0.9833333333333334,0.02545875386086579,0.9834110334110333,0.025340263573605047,0.16854037267080746,0.01046202782330881,0.0013622701168060302,2.4040594884507462e-05,0.3098057000897825,43,"{'C': 73.37509587973202, 'degree': 3, 'gamma': 3.211281488286093}",10,10,bayesian
wine,poly,2,0.9666666666666666,0.036851386559504457,0.9667055167055167,0.03682813607684156,0.1710364906832298,0.007997110177695778,0.001353189954534173,2.7937754731644952e-05,0.3118358999490738,44,"{'C': 36.05072312479231, 'degree': 3, 'gamma': 2.443059172775448}",10,10,bayesian
wine,poly,3,0.9888888888888889,0.022222222222222233,0.9889665889665888,0.02206682206682209,0.310236801242236,0.017213829453890064,0.0007667400408536196,3.6815015349405204e-05,0.30426150001585484,45,"{'C': 4.853151568643681, 'degree': 1, 'gamma': 0.4776161161246224}",10,10,bayesian
wine,poly,4,0.9774509803921569,0.02763129388748755,0.9773045908340026,0.027841113173207224,0.2153454968944099,0.009924247146329761,0.0013395900838077067,3.4452423113484246e-05,0.303460200317204,46,"{'C': 4.287501969778039, 'degree': 3, 'gamma': 3.652252873960553}",10,10,bayesian
wine,poly,5,0.9663398692810456,0.051069345889913735,0.9658207613224914,0.052074176824464816,0.18477096273291924,0.009757251253920646,0.0007536699064075947,2.631163700394002e-05,0.3149818000383675,47,"{'C': 9.873496758926203, 'degree': 2, 'gamma': 2.569034341275915}",10,10,bayesian
wine,poly,6,0.9830065359477125,0.0359417701565164,0.9831372549019608,0.03579146077193537,0.3414557453416149,0.010306694564325172,0.0007427199743688107,2.2384783013060265e-05,0.31088249990716577,48,"{'C': 3.711994388168878, 'degree': 1, 'gamma': 0.8660498050857349}",10,10,bayesian
wine,poly,7,0.9663398692810456,0.027499567956093377,0.9663654138163942,0.027474977490324095,0.15980201863354038,0.00937443737622226,0.0007772300392389298,3.186073059200906e-05,0.29610879998654127,49,"{'C': 30.0971446211356, 'degree': 2, 'gamma': 3.706491553751403}",10,10,bayesian
wine,poly,8,0.9718954248366014,0.02811977093372413,0.9717259672276972,0.028324067891631752,0.23221661490683232,0.009744955666195385,0.0007786300033330917,5.2689271947216316e-05,0.2979981997050345,50,"{'C': 5.641107515510172, 'degree': 2, 'gamma': 3.7048899841838416}",10,10,bayesian
wine,poly,9,0.9777777777777779,0.027216552697590882,0.977608564275231,0.027428598684439042,0.23907608695652177,0.008837508209236782,0.0007573400624096393,3.116078357140311e-05,0.2836857996881008,51,"{'C': 4.77353057385992, 'degree': 2, 'gamma': 1.1798663823605715}",10,10,bayesian
wine,rbf,0,0.9888888888888889,0.022222222222222233,0.9888042821376155,0.02239437677967667,0.4045069875776398,0.013382022014582023,0.00107677998021245,8.152015189196277e-05,0.3193460004404187,42,"{'C': 15.602708025603208, 'gamma': 0.6371656669645575}",10,10,bayesian
wine,rbf,1,0.9833333333333334,0.02545875386086579,0.9831252697919364,0.025779982591791095,0.561789596273292,0.016840857193530425,0.0011553899385035038,3.356161442076614e-05,0.3207391002215445,43,"{'C': 13.33996302763464, 'gamma': 0.9742242670494365}",10,10,bayesian
wine,rbf,2,0.9774509803921569,0.02763129388748755,0.9773736358050084,0.027716864911808643,0.34019021739130434,0.01318550725541848,0.001071140030398965,8.590379640384499e-05,0.3189787003211677,44,"{'C': 83.48438002441628, 'gamma': 0.43317197834869975}",10,10,bayesian
wine,rbf,3,0.9888888888888889,0.03333333333333335,0.9888888888888889,0.03333333333333335,0.6111024844720496,0.009174870480364767,0.0011914700735360384,5.666072093235669e-05,0.3207461000420153,45,"{'C': 61.82983006225224, 'gamma': 1.14187715102262}",10,10,bayesian
wine,rbf,4,0.988562091503268,0.02288748535280148,0.9883768519062637,0.02328366885689006,0.3027329192546584,0.01855022457952808,0.0009891000576317311,2.3313134538953968e-05,0.32314549991860986,46,"{'C': 50.79392613603845, 'gamma': 0.3539301323851334}",10,10,bayesian
wine,rbf,5,0.9888888888888889,0.022222222222222233,0.9888042821376155,0.02239437677967667,0.6972360248447206,0.01905356698360734,0.0013061100617051125,8.423491981058582e-05,0.3254640996456146,47,"{'C': 72.87373461547712, 'gamma': 1.4160045391037324}",10,10,bayesian
wine,rbf,6,0.9777777777777779,0.036851386559504457,0.9775308641975309,0.03707734432200156,0.6360869565217391,0.009383000874592309,0.0011945600155740977,2.9267873605734332e-05,0.3250472997315228,48,"{'C': 28.48683188622436, 'gamma': 1.2068590039380354}",10,10,bayesian
wine,rbf,7,0.9888888888888889,0.022222222222222233,0.9888042821376155,0.02239437677967667,0.5686607142857143,0.009548506623966198,0.0011925099883228541,4.9681863520644266e-05,0.32109150011092424,49,"{'C': 30.0971446211356, 'gamma': 1.0000119867228543}",10,10,bayesian
wine,rbf,8,0.988562091503268,0.02288748535280148,0.9883537838555139,0.023332703496533522,0.5380667701863354,0.01279643725689527,0.001135089946910739,3.7720572024894145e-05,0.3243110002949834,50,"{'C': 49.4606699521566, 'gamma': 0.9243936192903239}",10,10,bayesian
wine,rbf,9,0.9833333333333334,0.02545875386086579,0.9831252697919364,0.025779982591791095,0.5199689440993789,0.012185944230810349,0.0011271798983216285,5.4131961692410684e-05,0.31681030010804534,51,"{'C': 17.435164259026102, 'gamma': 0.884946142214355}",10,10,bayesian
wine,custom_hermite,0,0.9833333333333334,0.035572912430182506,0.9832098765432098,0.03570954309094505,0.26404114906832304,0.011770312448110819,0.0024652999360114335,0.0001353076181845396,0.4964188998565078,42,"{'C': 37.454637344617396, 'degree': 6}",10,10,bayesian
wine,custom_hermite,1,0.9774509803921569,0.03715874530327943,0.9777236606893469,0.036708658044418495,0.21661878881987578,0.011786016683041068,0.0021552799735218287,9.02556091169829e-05,0.4720336999744177,43,"{'C': 66.60935521958947, 'degree': 4}",10,10,bayesian
wine,custom_hermite,2,0.9774509803921569,0.03715874530327943,0.9774185291832349,0.03719469661904061,0.20788431677018632,0.011843045775167262,0.0018386100884526968,6.327206846404315e-05,0.45992100005969405,44,"{'C': 64.64140982977695, 'degree': 2}",10,10,bayesian
wine,custom_hermite,3,0.9774509803921569,0.03715874530327943,0.9773360434260088,0.037277382227368684,0.21222437888198759,0.011642305973519262,0.0019910100381821394,5.952957495755432e-05,0.4497457002289593,45,"{'C': 99.07217775409525, 'degree': 3}",10,10,bayesian
wine,custom_hermite,4,0.9944444444444445,0.016666666666666673,0.9944832944832944,0.016550116550116567,0.21472049689440995,0.014664069211250222,0.0021135499700903893,4.471522562031557e-05,0.4784078001976013,46,"{'C': 78.38345124822426, 'degree': 4}",10,10,bayesian
wine,custom_hermite,5,0.9722222222222221,0.05121969142940492,0.9718440818440819,0.05218529170403781,0.2415916149068323,0.01282720779621302,0.0017998300027102232,7.288029892590842e-05,0.45365009969100356,47,"{'C': 27.092809416673624, 'degree': 2}",10,10,bayesian
wine,custom_hermite,6,0.9888888888888889,0.03333333333333335,0.9888888888888889,0.03333333333333335,0.20225155279503104,0.01020916974625814,0.0018201300408691168,6.338805242642977e-05,0.44697719998657703,48,"{'C': 79.20363403128228, 'degree': 2}",10,10,bayesian
wine,custom_hermite,7,0.9833333333333334,0.02545875386086579,0.9831813865147199,0.025693501164628724,0.2621622670807453,0.012568555135892345,0.00242935991846025,4.773998535440767e-05,0.4660848998464644,49,"{'C': 92.6335871707825, 'degree': 6}",10,10,bayesian
wine,custom_hermite,8,0.9888888888888889,0.022222222222222233,0.988860398860399,0.022280467586899413,0.21598602484472051,0.005913907075878495,0.0017923701088875532,5.19421613972418e-05,0.4689402999356389,50,"{'C': 49.4606699521566, 'degree': 2}",10,10,bayesian
wine,custom_hermite,9,0.9833333333333334,0.02545875386086579,0.9831813865147199,0.025693501164628724,0.22285326086956525,0.010228695469674625,0.0016979800071567296,7.336339482177913e-05,0.42909369990229607,51,"{'C': 67.57346581893972, 'degree': 1}",10,10,bayesian
wine,custom_gegen,0,0.9830065359477125,0.025971655537654292,0.983145939028292,0.025752962983383684,0.23282608695652174,0.01616430167212644,0.0026910999789834023,0.0001183980606281712,0.9995019999332726,42,"{'C': 45.607542351719374, 'degree': 5, 'alpha': -0.09264917350486412}",10,10,bayesian
wine,custom_gegen,1,0.9888888888888889,0.022222222222222233,0.9889277389277389,0.02214469253877384,0.31024844720496897,0.011806540470519976,0.0026818899437785148,0.00014452889192282398,1.0025284001603723,43,"{'C': 44.576390325611044, 'degree': 5, 'alpha': -0.3258249011026607}",10,10,bayesian
wine,custom_gegen,2,0.9944444444444445,0.016666666666666673,0.9944444444444445,0.016666666666666673,0.8308307453416148,0.010323413000819775,0.003339059930294752,0.00023565882193932118,1.2224137000739574,44,"{'C': 71.01508918471401, 'degree': 6, 'alpha': 0.41867600678848516}",10,10,bayesian
wine,custom_gegen,3,0.9944444444444445,0.016666666666666673,0.9944444444444445,0.016666666666666673,0.5517857142857142,0.016380948055093547,0.0026899400167167188,0.00016257638389892526,1.037490100134164,45,"{'C': 7.729879318351191, 'degree': 3, 'alpha': 0.45088785981341584}",10,10,bayesian
wine,custom_gegen,4,0.9944444444444445,0.016666666666666673,0.9944444444444445,0.016666666666666673,0.5187344720496894,0.012883827272547674,0.0030719799920916556,0.00020024226715135898,0.9328991998918355,46,"{'C': 26.24225722762328, 'degree': 6, 'alpha': 0.29633924272509005}",10,10,bayesian
wine,custom_gegen,5,0.9718954248366014,0.04500321564732553,0.9711885416902717,0.0460328074980464,0.3689052795031056,0.017112433550671758,0.0031024700962007045,0.0007983493904328404,1.2412191000767052,47,"{'C': 12.712329991335293, 'degree': 5, 'alpha': -0.47957646815918376}",10,10,bayesian
wine,custom_gegen,6,0.988562091503268,0.02288748535280148,0.988600941542118,0.022812773288225074,0.5443206521739131,0.013311867482378587,0.0028568699955940245,0.00015211770829199223,0.7174794999882579,48,"{'C': 1.7500096028443315, 'degree': 6, 'alpha': 0.0768737232730975}",10,10,bayesian
wine,custom_gegen,7,0.9833333333333334,0.02545875386086579,0.98324872658206,0.025590799596540426,0.3489557453416149,0.013054731747950868,0.002893070038408041,0.00016198475526941296,1.3480869000777602,49,"{'C': 22.91459130306838, 'degree': 6, 'alpha': -0.37275251226410955}",10,10,bayesian
wine,custom_gegen,8,0.9830065359477125,0.025971655537654292,0.9831555372731842,0.02574156344203104,0.28465450310559004,0.018929576530950232,0.0024860099889338016,0.0001366552210486072,1.2120990003459156,50,"{'C': 31.001624859184517, 'degree': 3, 'alpha': 0.21001198681815925}",10,10,bayesian
wine,custom_gegen,9,0.9888888888888889,0.022222222222222233,0.9889277389277389,0.02214469253877384,0.3620535714285714,0.015406417351818604,0.0022978899534791706,6.010452178183782e-05,0.9763886998407543,51,"{'C': 4.77353057385992, 'degree': 2, 'alpha': 0.09148149983310738}",10,10,bayesian
wine,custom_alsalam,0,0.9888888888888889,0.022222222222222233,0.9888042821376155,0.02239437677967667,0.36330745341614906,0.013905361867757215,0.0017570500262081624,3.569667498684443e-05,0.470913200173527,42,"{'C': 83.24443163740138, 'degree': 2, 'a': -1, 'q': 0.19}",10,10,bayesian
wine,custom_alsalam,1,0.9888888888888889,0.022222222222222233,0.9888042821376155,0.02239437677967667,0.4101358695652174,0.018799103125715214,0.002265219949185848,0.00025356686575837666,0.48568079993128777,43,"{'C': 66.60935521958947, 'degree': 4, 'a': -1, 'q': 0.03}",10,10,bayesian
wine,custom_alsalam,2,0.9830065359477125,0.025971655537654292,0.9830526481506874,0.025893095803624994,0.504988354037267,0.011700908812865299,0.002601560018956661,4.464006065167976e-05,0.4930993998423219,44,"{'C': 71.01508918471401, 'degree': 6, 'a': -1, 'q': 0.46}",10,10,bayesian
wine,custom_alsalam,3,0.9888888888888889,0.03333333333333335,0.9888888888888889,0.03333333333333335,0.46315993788819865,0.010185347105897052,0.0022036498878151177,9.548436429119905e-05,0.49322539987042546,45,"{'C': 98.90116233604654, 'degree': 4, 'a': -1, 'q': 0.28}",10,10,bayesian
wine,custom_alsalam,4,0.9944444444444445,0.016666666666666673,0.9944832944832944,0.016550116550116567,0.4538004658385093,0.012800890973486802,0.0021569198928773404,6.234611570375025e-05,0.48197800014168024,46,"{'C': 78.38345124822426, 'degree': 4, 'a': -1, 'q': 0.25}",10,10,bayesian
wine,custom_alsalam,5,0.9888888888888889,0.022222222222222233,0.9889665889665888,0.02206682206682209,0.4325698757763975,0.01772751186169256,0.0021995699498802423,5.604816281444334e-05,0.48729450022801757,47,"{'C': 93.52364450917413, 'degree': 4, 'a': -1, 'q': 0.18000000000000002}",10,10,bayesian
wine,custom_alsalam,6,0.9888888888888889,0.022222222222222233,0.9886980920314254,0.02260416422594303,0.4107298136645962,0.016256809208054876,0.001935010077431798,2.664732920253384e-05,0.4865675996989012,48,"{'C': 18.713590155279643, 'degree': 3, 'a': -1, 'q': 0.14}",10,10,bayesian
wine,custom_alsalam,7,0.9888888888888889,0.022222222222222233,0.9888042821376155,0.02239437677967667,0.4207298136645963,0.010316070656971186,0.0025242599193006756,5.021311446682706e-05,0.5035032997839153,49,"{'C': 22.91459130306838, 'degree': 6, 'a': -1, 'q': 0.060000000000000005}",10,10,bayesian
wine,custom_alsalam,8,0.9888888888888889,0.022222222222222233,0.9889665889665888,0.02206682206682209,0.3776630434782608,0.013138474407648168,0.0019258400425314903,0.00021438731469727832,0.47791479993611574,50,"{'C': 49.4606699521566, 'degree': 2, 'a': -1, 'q': 0.26}",10,10,bayesian
wine,custom_alsalam,9,0.9833333333333334,0.02545875386086579,0.9831252697919364,0.025779982591791095,0.45380822981366453,0.01604252631531944,0.002034720126539469,0.00010819397781119287,0.44791000010445714,51,"{'C': 86.94918649987437, 'degree': 3, 'a': -1, 'q': 0.31}",10,10,bayesian
haberman,linear,0,0.7187096774193549,0.024378978755408644,0.6148211686899168,0.017044637666771965,0.5450355731225296,0.014380321823703072,0.003770430060103536,0.001050111789338463,0.6309492001309991,42,{'C': 37.454637344617396},10,10,bayesian
haberman,linear,1,0.7287096774193549,0.025445731634428932,0.6294433531186856,0.028753292147378408,0.5446482213438735,0.013939931647790305,0.004907799838110805,0.0009636159170939016,0.6003000997006893,43,{'C': 73.37509587973202},10,10,bayesian
haberman,linear,2,0.7288172043010752,0.013026294813684116,0.6199167668066025,0.011907764403144564,0.5501040843214755,0.007599982919963088,0.005866829957813025,0.0008170038694660522,0.7008388000540435,44,{'C': 83.48438002441628},10,10,bayesian
haberman,linear,3,0.7252688172043011,0.04378140235357159,0.6343056701419453,0.04846295301150326,0.5479328063241108,0.012996895097840709,0.005815100111067295,0.0006820725235220605,0.6036569997668266,45,{'C': 98.90116233604654},10,10,bayesian
haberman,linear,4,0.7219354838709677,0.02509411121860616,0.6251438209503049,0.0209385821032964,0.5410461133069828,0.012767981551522783,0.0016817900817841292,0.00024866973409000105,0.6473357998766005,46,{'C': 4.287501969778039},10,10,bayesian
haberman,linear,5,0.7254838709677419,0.021158765912893944,0.6181958236317191,0.014783935629831085,0.5428484848484849,0.013440694269354554,0.0025281899608671663,0.0006100196604155437,0.6686914996244013,47,{'C': 11.349733700893058},10,10,bayesian
haberman,linear,6,0.7287096774193549,0.015206977605056167,0.6317857362842505,0.031077122431050305,0.547935441370224,0.01428565049121951,0.005160269932821393,0.0011101044651255386,0.623668699990958,48,{'C': 89.15743514475867},10,10,bayesian
haberman,linear,7,0.7319354838709679,0.0205994678029738,0.638998762608147,0.034718642544315545,0.5421185770750989,0.007062601485563955,0.005914379935711622,0.0005549002923757886,0.7418308001942933,49,{'C': 89.62311386559638},10,10,bayesian
haberman,linear,8,0.7223655913978495,0.028129328202053726,0.6269149954670007,0.019103980173654892,0.5457470355731224,0.013281524846105086,0.0040166100487113,0.000821953654967265,0.6308710998855531,50,{'C': 49.4606699521566},10,10,bayesian
haberman,linear,9,0.7320430107526882,0.01902830892750422,0.6270075269939219,0.025471946626629764,0.539935441370224,0.012041273395144995,0.0017668900545686483,0.0002884114670785597,0.6171311996877193,51,{'C': 4.472173508112401},10,10,bayesian
haberman,poly,0,0.7449462365591397,0.058247024996266675,0.7033120815717853,0.07295517746888923,0.5370408432147562,0.017000341809198953,0.006764569971710444,0.0007471884163861147,0.8188622002489865,42,"{'C': 5.809303133207778, 'degree': 6, 'gamma': 2.4106926249143474}",10,10,bayesian
haberman,poly,1,0.7521505376344086,0.05285523218594347,0.6993017974501158,0.07233711377822379,0.5403030303030303,0.021480580108640113,0.008632960030809045,0.0005138469727965617,0.9258328997530043,43,"{'C': 97.14653767844736, 'degree': 3, 'gamma': 3.818663623479838}",10,10,bayesian
haberman,poly,2,0.7387096774193548,0.037465056753084626,0.6893901026527665,0.048226155117423036,0.537764163372859,0.014658379327976085,0.006308380048722029,0.0007840359207887777,0.9177852002903819,44,"{'C': 36.05072312479231, 'degree': 3, 'gamma': 2.443059172775448}",10,10,bayesian
haberman,poly,3,0.7316129032258065,0.05819817352814256,0.6829576682179851,0.07078454170138138,0.5414189723320159,0.019285434325990784,0.00855288994498551,0.0006516057927977892,0.9263817998580635,45,"{'C': 99.07217775409525, 'degree': 3, 'gamma': 2.4791420829636928}",10,10,bayesian
haberman,poly,4,0.738494623655914,0.03296290883356322,0.6631919444035015,0.049289006877965065,0.530509881422925,0.0101000943714297,0.003191740019246936,0.0006403171180630741,0.8425634000450373,46,"{'C': 30.75461872064403, 'degree': 2, 'gamma': 1.984005958930137}",10,10,bayesian
haberman,poly,5,0.738494623655914,0.02963843473438589,0.6719391160938444,0.03928961263242165,0.5290487483530962,0.006637130904673101,0.0031010300386697053,0.000567282656620137,0.8491548001766205,47,"{'C': 32.221472598999824, 'degree': 2, 'gamma': 3.6700680469463474}",10,10,bayesian
haberman,poly,6,0.7448387096774194,0.04669948303573924,0.6948933370166364,0.06266307556489624,0.5355876152832674,0.015178508863638309,0.00796548998914659,0.0006913290095322873,0.8986951000988483,48,"{'C': 86.47117395863914, 'degree': 3, 'gamma': 2.1999785331136565}",10,10,bayesian
haberman,poly,7,0.7352688172043012,0.03444151651555601,0.6660815671376732,0.037821845699120116,0.5315823451910408,0.011434440129547342,0.0030694599729031323,0.00035325429774127554,0.9316009003669024,49,"{'C': 30.0971446211356, 'degree': 2, 'gamma': 3.706491553751403}",10,10,bayesian
haberman,poly,8,0.7353763440860216,0.06052235334934331,0.6862368158212809,0.05322521017010781,0.5315876152832676,0.010866896706013042,0.007537269964814186,0.000627886809987066,0.8771510999649763,50,"{'C': 67.45763200916058, 'degree': 3, 'gamma': 2.036436743715766}",10,10,bayesian
haberman,poly,9,0.7451612903225807,0.03783968593191016,0.6750019308949898,0.055044660728562136,0.5290474308300396,0.010160710222110033,0.0036481200251728295,0.0004999468046114388,0.7336354004219174,51,"{'C': 48.78009133549274, 'degree': 2, 'gamma': 0.884946142214355}",10,10,bayesian
haberman,rbf,0,0.7449462365591397,0.050319363926231944,0.6928491233985135,0.06294677968030002,0.537764163372859,0.014478158958696202,0.0024194499477744103,0.0002330147926013158,0.6524148001335561,42,"{'C': 15.602708025603208, 'gamma': 0.6371656669645575}",10,10,bayesian
haberman,rbf,1,0.7291397849462365,0.06736960315526719,0.6830138594826858,0.07000373337620709,0.5424808959156786,0.014759919847323017,0.0026918599382042886,0.00031925410784401767,0.6139018000103533,43,"{'C': 13.33996302763464, 'gamma': 0.9742242670494365}",10,10,bayesian
haberman,rbf,2,0.732258064516129,0.03633708655637808,0.6830801131817837,0.05617358417697749,0.5359380764163373,0.010882775619067345,0.004687660047784448,0.0005465712816541272,0.7668532999232411,44,"{'C': 83.48438002441628, 'gamma': 0.43317197834869975}",10,10,bayesian
haberman,rbf,3,0.7283870967741936,0.060651643060919073,0.6723539115384309,0.0644601924390325,0.5366811594202898,0.011874724212069147,0.0024218400940299034,0.00026827536333282525,0.737829000223428,45,"{'C': 28.14544874820433, 'gamma': 0.3235756148467037}",10,10,bayesian
haberman,rbf,4,0.7317204301075269,0.039866959931266065,0.6733584716638799,0.05744663574323341,0.5348682476943347,0.010973513815277862,0.0031073700170964,0.00033835660610149587,0.728099700063467,46,"{'C': 50.79392613603845, 'gamma': 0.3539301323851334}",10,10,bayesian
haberman,rbf,5,0.7319354838709679,0.035847114371186074,0.6520715821662338,0.044317678118620564,0.5399420289855072,0.005562869434232639,0.0020857898984104396,0.00016483117250047898,0.678789799567312,47,"{'C': 25.599987137364938, 'gamma': 0.11129523917292246}",10,10,bayesian
haberman,rbf,6,0.728494623655914,0.03465386380091728,0.6761972902938501,0.0425226197712755,0.5374044795783925,0.00953116978117525,0.0021591101307421924,0.0001545495088034027,0.6364140999503434,48,"{'C': 11.232090227245585, 'gamma': 0.5809964763486839}",10,10,bayesian
haberman,rbf,7,0.7321505376344086,0.04721507702705109,0.6832013551732447,0.04530626396600367,0.5359420289855072,0.010956154486890177,0.0037458700593560935,0.00040058396051701546,0.7744639003649354,49,"{'C': 96.21679197288353, 'gamma': 0.2503777431897933}",10,10,bayesian
haberman,rbf,8,0.728494623655914,0.059434748296951515,0.6899134280476067,0.05351089948221827,0.5370355731225296,0.010458298517817302,0.004617050010710955,0.0008065653966828184,0.72002620017156,50,"{'C': 49.4606699521566, 'gamma': 0.9243936192903239}",10,10,bayesian
haberman,rbf,9,0.7449462365591398,0.04190459297865417,0.6751220370987839,0.058883566443728746,0.5366693017127802,0.010326213854015382,0.002508110040798783,0.00023814370689557098,0.5957823996432126,51,"{'C': 41.02538836217453, 'gamma': 0.20578241662639743}",10,10,bayesian
haberman,custom_hermite,0,0.7416129032258064,0.04348674782821498,0.6805221081533812,0.05708490587307296,0.5352345191040844,0.013885352991524198,0.0036013399716466666,0.00030912586828056983,0.5309791998006403,42,"{'C': 73.1996621871987, 'degree': 4}",10,10,bayesian
haberman,custom_hermite,1,0.7553763440860215,0.049042750245080494,0.696352038759464,0.07074656115624668,0.5373899868247694,0.012625318870230391,0.0031924200244247912,0.00017277284250194144,0.5207789000123739,43,"{'C': 32.71457844205816, 'degree': 6}",10,10,bayesian
haberman,custom_hermite,2,0.7483870967741936,0.032561298773605855,0.6788945192508693,0.05318127201548874,0.5275942028985507,0.0048448861021347525,0.0028118400368839502,0.0003226872354639176,0.5571480998769403,44,"{'C': 83.48438002441628, 'degree': 1}",10,10,bayesian
haberman,custom_hermite,3,0.7449462365591397,0.044635443448965174,0.679714776752127,0.054936097123875254,0.5345046113306982,0.010667435817879286,0.0028733999002724885,0.00019067027881690244,0.5349003002047539,45,"{'C': 61.82983006225224, 'degree': 2}",10,10,bayesian
haberman,custom_hermite,4,0.741720430107527,0.02803875553176616,0.6616441510418233,0.04943459918057564,0.5305111989459815,0.010677736838603636,0.0024666999466717242,0.00018524445864052653,0.5431567998602986,46,"{'C': 50.79392613603845, 'degree': 1}",10,10,bayesian
haberman,custom_hermite,5,0.7515053763440861,0.022938536060138286,0.6904189499763593,0.036022017711747886,0.5352226613965745,0.011722824114540245,0.0032334300223737953,0.00016996117125945087,0.5180114000104368,47,"{'C': 72.87373461547712, 'degree': 3}",10,10,bayesian
haberman,custom_hermite,6,0.7350537634408603,0.0358314678990761,0.6757396421064353,0.046203415791533836,0.5359565217391303,0.0111863052739257,0.003133500041440129,0.00014501095454623968,0.525505100376904,48,"{'C': 46.010662718398954, 'degree': 4}",10,10,bayesian
haberman,custom_hermite,7,0.7451612903225807,0.03783968593191015,0.6798910896272717,0.04382171543179602,0.5341291172595519,0.008249725511463562,0.0023728100582957267,0.0001241886677928726,0.5725327003747225,49,"{'C': 30.0971446211356, 'degree': 2}",10,10,bayesian
haberman,custom_hermite,8,0.7487096774193549,0.05477552759160854,0.68761202806431,0.055883431417934976,0.5304927536231884,0.012772983704349601,0.0032260000240057706,0.00027822235081249684,0.5585471000522375,50,"{'C': 67.45763200916058, 'degree': 3}",10,10,bayesian
haberman,custom_hermite,9,0.7482795698924731,0.029827615878227222,0.6761289966502813,0.0511032165628621,0.5304993412384718,0.00695593893534259,0.0024860700126737357,0.00021950908094328363,0.5061154002323747,51,"{'C': 41.02538836217453, 'degree': 1}",10,10,bayesian
haberman,custom_gegen,0,0.7418279569892473,0.04928544797529088,0.7007946513107117,0.06053106975475858,0.5250619235836627,0.010868261669749057,0.008335199998691678,0.00019660938576611755,0.975598799996078,42,"{'C': 18.341267580833527, 'degree': 2, 'alpha': 0.5542652989481534}",10,10,bayesian
haberman,custom_gegen,1,0.7521505376344086,0.06698372403402582,0.6969173649846983,0.08389734300602708,0.533764163372859,0.009410276978675271,0.008090139925479889,8.506601072679104e-05,0.9929708000272512,43,"{'C': 24.059721406914914, 'degree': 2, 'alpha': 1.2196836069877095}",10,10,bayesian
haberman,custom_gegen,2,0.7420430107526881,0.04356749879316707,0.6916292954718545,0.05749996215705429,0.5446613965744401,0.007136057600318433,0.0035446301102638245,0.0003286413108087317,1.1097960998304188,44,"{'C': 14.885657456358848, 'degree': 4, 'alpha': -0.17328102501183607}",10,10,bayesian
haberman,custom_gegen,3,0.7511827956989247,0.05125142232148995,0.7109929477648642,0.05319241418653751,0.5381370223978921,0.011331907279924879,0.0033832200802862643,0.00019346668738496166,0.972967800218612,45,"{'C': 98.90116233604654, 'degree': 4, 'alpha': 0.07008013089057508}",10,10,bayesian
haberman,custom_gegen,4,0.735268817204301,0.009445243550966771,0.6231313020966095,0.0125539749377742,0.5581014492753622,0.006967949475954796,0.003017799975350499,0.0001845316775216897,0.9532996998168528,46,"{'C': 78.38345124822426, 'degree': 4, 'alpha': 0.00559575211634028}",10,10,bayesian
haberman,custom_gegen,5,0.7516129032258064,0.03335067186939962,0.7131517393568483,0.03981733113329198,0.5308629776021081,0.005844521735556837,0.008818319998681545,0.00027725535203013027,1.11680500023067,47,"{'C': 11.349733700893058, 'degree': 6, 'alpha': 0.9601819206672013}",10,10,bayesian
haberman,custom_gegen,6,0.7353763440860215,0.021695130586796927,0.6466114993796783,0.04034544266800797,0.5344993412384718,0.007467637119094153,0.0037764300126582385,0.0003483991645979741,0.9063929999247193,48,"{'C': 35.71784231100412, 'degree': 1, 'alpha': -0.20762466185188871}",10,10,bayesian
haberman,custom_gegen,7,0.7452688172043012,0.042557966155502155,0.698359798388311,0.04077496051775395,0.5315942028985506,0.00980221393331013,0.007932239957153798,0.00019057434381889062,1.1633764998987317,49,"{'C': 28.984498812192676, 'degree': 2, 'alpha': 0.9067934723667803}",10,10,bayesian
haberman,custom_gegen,8,0.7451612903225807,0.03746505675308463,0.6790711070177707,0.04168539037674249,0.5388511198945981,0.009781986822747852,0.007673809956759215,0.0001365679458458612,1.070100300014019,50,"{'C': 5.641107515510172, 'degree': 2, 'alpha': 1.3526070132770747}",10,10,bayesian
haberman,custom_gegen,9,0.7450537634408603,0.035504881365286865,0.6928725280891158,0.05530534730602195,0.5297707509881423,0.008032379995148357,0.007041309913620353,0.00034439733099602115,0.9550668001174927,51,"{'C': 64.67490767496166, 'degree': 2, 'alpha': 0.3263934923421967}",10,10,bayesian
haberman,custom_alsalam,0,0.7383870967741937,0.04245896048232826,0.680609274339305,0.05774799564823504,0.5268735177865612,0.01120085707943752,0.004189569968730211,0.00028234623299581204,0.8204220002517104,42,"{'C': 43.19506991919293, 'degree': 2, 'a': -1, 'q': 0.61}",10,10,bayesian
haberman,custom_alsalam,1,0.7453763440860215,0.06050964803164752,0.7036552155814828,0.07486380838420678,0.5508432147562582,0.01688378320636217,0.009012739872559905,0.00036432814323008824,0.8528984999284148,43,"{'C': 89.70996089957345, 'degree': 2, 'a': -1, 'q': 0.26}",10,10,bayesian
haberman,custom_alsalam,2,0.7450537634408603,0.02856837685831398,0.6663632413530376,0.046620490582083944,0.5344940711462451,0.006067403102649971,0.0027593400795012713,0.00017676377828403574,0.7287028999999166,44,"{'C': 13.915486052238363, 'degree': 3, 'a': -1, 'q': 0.87}",10,10,bayesian
haberman,custom_alsalam,3,0.7481720430107528,0.04709824714149772,0.7010949133442896,0.05989113580956356,0.5261515151515151,0.007291528870381939,0.005494429962709546,0.0004612489048808433,0.750831600278616,45,"{'C': 44.05364834656567, 'degree': 2, 'a': -1, 'q': 0.51}",10,10,bayesian
haberman,custom_alsalam,4,0.7382795698924731,0.0348400371444959,0.6590602102766508,0.04482856419213351,0.5276034255599472,0.00883454070189465,0.004929629992693663,0.00042567093136315084,0.8165954002179205,46,"{'C': 29.99148509430352, 'degree': 1, 'a': -1, 'q': 0.37}",10,10,bayesian
haberman,custom_alsalam,5,0.7513978494623657,0.0319837801418304,0.6941472975301339,0.0422996473530585,0.5330395256916997,0.008446504678676406,0.002361739939078689,0.00012296784876378403,0.7160521000623703,47,"{'C': 9.873496758926203, 'degree': 2, 'a': -1, 'q': 0.64}",10,10,bayesian
haberman,custom_alsalam,6,0.7449462365591397,0.025670790376465507,0.6640093265649244,0.04778100929500378,0.5301501976284586,0.01391736368426861,0.006631549960002303,0.0006586544339093731,0.9037580001167953,48,"{'C': 35.71784231100412, 'degree': 1, 'a': -1, 'q': 0.15000000000000002}",10,10,bayesian
haberman,custom_alsalam,7,0.7551612903225806,0.048140470644384814,0.7020935274181319,0.0503989890268373,0.5330395256916995,0.010284058784592055,0.0025190900545567275,0.0001741324889345345,0.7305470001883805,49,"{'C': 28.984498812192676, 'degree': 2, 'a': -1, 'q': 0.7000000000000001}",10,10,bayesian
haberman,custom_alsalam,8,0.7355913978494624,0.04498544875923072,0.6670006102747501,0.038271074400852596,0.5464743083003952,0.03221770744259699,0.006588860088959337,0.0008585621908892769,0.7568815001286566,50,"{'C': 66.83408854009923, 'degree': 1, 'a': -1, 'q': 0.33}",10,10,bayesian
haberman,custom_alsalam,9,0.7482795698924731,0.04669799750997666,0.6947764430952267,0.06094315624955394,0.5294084321475625,0.008131210613164828,0.0031557600013911724,0.00042605219167182984,0.7439164998941123,51,"{'C': 4.77353057385992, 'degree': 2, 'a': -1, 'q': 0.29000000000000004}",10,10,bayesian
ionosphere,linear,0,0.8858730158730159,0.051289494488617825,0.8814338212879953,0.05413545820651441,0.23425557564798072,0.012420075199461741,0.004171620029956103,0.0007773058827105794,1.0552567997947335,42,{'C': 5.809303133207778},10,10,bayesian
ionosphere,linear,1,0.868888888888889,0.057530431659195996,0.8630026901439944,0.06240422367507601,0.24564998995378745,0.011995177817962626,0.0026108600199222566,0.00024606785698568667,0.9541599997319281,43,{'C': 2.9023534286116157},10,10,bayesian
ionosphere,linear,2,0.8887301587301586,0.0620163828841359,0.8832062672770615,0.06865960933948086,0.22190878038979306,0.016391441695734976,0.005420660087838769,0.0006644038619725564,1.073100599925965,44,{'C': 10.480505640882603},10,10,bayesian
ionosphere,linear,3,0.8746825396825397,0.044493241352784096,0.8702005280662268,0.047866970496162765,0.23931283905967446,0.0071326408501174625,0.004307129979133606,0.0007107335973811993,0.9551994004286826,45,{'C': 4.853151568643681},10,10,bayesian
ionosphere,linear,4,0.8944444444444445,0.04632772931410906,0.8901353563850165,0.049592935966631446,0.23995177817962626,0.010044400881448833,0.0035005599725991487,0.0005344595842662288,1.0489475997164845,46,{'C': 4.287501969778039},10,10,bayesian
ionosphere,linear,5,0.8859523809523809,0.05582254439368588,0.8822945546766346,0.059400573126888685,0.20987643158529234,0.01415281707403852,0.006330889975652098,0.0003817344346738306,1.0898270001634955,47,{'C': 24.665691528082416},10,10,bayesian
ionosphere,linear,6,0.8803968253968254,0.048985744605988917,0.8756407981202573,0.051519441864016094,0.26020293349407275,0.010237752324390045,0.0023002001456916333,0.0002829800374925129,0.9860219997353852,48,{'C': 1.7500096028443315},10,10,bayesian
ionosphere,linear,7,0.8802380952380954,0.06247040115453205,0.8759190738534561,0.06729258525259187,0.20481816355234078,0.01604232889737957,0.00843620002269745,0.0006061342203712368,1.151295700110495,49,{'C': 56.68889906530772},10,10,bayesian
ionosphere,linear,8,0.8831746031746033,0.03249280401758472,0.8779459748670317,0.036079956191542854,0.20544605183845688,0.01489025651253891,0.009421040024608373,0.0006671471482128881,1.0967065002769232,50,{'C': 76.05390826420042},10,10,bayesian
ionosphere,linear,9,0.8916666666666666,0.03584499889214994,0.8882482336305226,0.03755019372686942,0.23836648583484027,0.01281579789159331,0.003825020045042038,0.000841959446105805,1.0022269003093243,51,{'C': 4.472173508112401},10,10,bayesian
ionosphere,poly,0,0.9114285714285714,0.05182387756347731,0.908220130021325,0.05382242924599577,0.2602159935704239,0.012717991256556005,0.0019936099648475646,9.229508807992761e-05,0.5398935000412166,42,"{'C': 18.341267580833527, 'degree': 2, 'gamma': 2.106451407284698}",10,10,bayesian
ionosphere,poly,1,0.9200000000000002,0.05827450872677469,0.91590191824278,0.06265968184252602,0.22665862969660439,0.014794957496755665,0.004174029920250177,0.00013490098199779406,0.6478713001124561,43,"{'C': 22.103678559441246, 'degree': 3, 'gamma': 1.2750718767131752}",10,10,bayesian
ionosphere,poly,2,0.917142857142857,0.05917804336345137,0.9130511643518314,0.06558848219090957,0.24248241912798876,0.013961734583505334,0.004052970046177507,6.333622564424654e-05,0.6387875997461379,44,"{'C': 13.915486052238363, 'degree': 3, 'gamma': 3.4974236283572053}",10,10,bayesian
ionosphere,poly,3,0.926031746031746,0.044354784846457204,0.9237261709202504,0.04669676599359732,0.2295047217199116,0.01064977710576432,0.002298079943284392,0.00020943775646528376,0.5988080999813974,45,"{'C': 44.05364834656567, 'degree': 2, 'gamma': 2.0464596786253284}",10,10,bayesian
ionosphere,poly,4,0.925873015873016,0.04469346338038975,0.9230914770902514,0.04879675075783686,0.29186859553948163,0.013426070005226994,0.003896970022469759,8.280686362567067e-05,0.5959832002408803,46,"{'C': 4.287501969778039, 'degree': 3, 'gamma': 3.652252873960553}",10,10,bayesian
ionosphere,poly,5,0.9202380952380953,0.04569009776760832,0.9173024662360234,0.04846761811905733,0.24754571026722924,0.011010980844497847,0.0022208900190889835,0.00018809966883833937,0.5805485001765192,47,"{'C': 27.092809416673624, 'degree': 2, 'gamma': 3.8183630314316934}",10,10,bayesian
ionosphere,poly,6,0.9173809523809524,0.034863680105178096,0.9148995983520214,0.03697607955789358,0.27824794052642154,0.011250000580326705,0.003944960050284862,8.91011207060991e-05,0.6440794002264738,48,"{'C': 1.7500096028443315, 'degree': 6, 'gamma': 1.1506187141538933}",10,10,bayesian
ionosphere,poly,7,0.925952380952381,0.052945550261726496,0.9234178369163762,0.055918513497490246,0.22444444444444445,0.012416037512105176,0.004681059950962662,0.00026450564671768494,0.6274131997488439,49,"{'C': 35.523373755365085, 'degree': 3, 'gamma': 3.6274592367604006}",10,10,bayesian
ionosphere,poly,8,0.923015873015873,0.04255182248002879,0.9193434836575772,0.04689395274343754,0.2231675708257987,0.00963262216576892,0.004320239974185824,0.0001154040140698347,0.6200639000162482,50,"{'C': 31.001624859184517, 'degree': 3, 'gamma': 1.417187944712866}",10,10,bayesian
ionosphere,poly,9,0.9230952380952381,0.04611985273530836,0.9204439495430867,0.04865540846368162,0.21652300582680328,0.007611082587271595,0.0023003699257969855,0.0001288266899611692,0.572635100223124,51,"{'C': 64.40232868225607, 'degree': 2, 'gamma': 3.7981428233711143}",10,10,bayesian
ionosphere,rbf,0,0.9400000000000001,0.03714285714285715,0.9405849660535528,0.0364999016740344,0.5887934498693992,0.00756427272802487,0.003125259978696704,0.00013748749805269806,0.5857615997083485,42,"{'C': 15.602708025603208, 'gamma': 0.6371656669645575}",10,10,bayesian
ionosphere,rbf,1,0.9400793650793651,0.04136626403790311,0.9389826007860338,0.0428520969697031,0.43969760900140653,0.016384203129756403,0.002970009995624423,6.929575628907597e-05,0.5972884995862842,43,"{'C': 25.44285816486207, 'gamma': 0.24227591946943294}",10,10,bayesian
ionosphere,rbf,2,0.9486507936507935,0.028059905143175225,0.9482283301327479,0.029000149332793393,0.5378280088406671,0.005851722124490554,0.0030777200125157835,9.013123923234229e-05,0.5793967000208795,44,"{'C': 83.48438002441628, 'gamma': 0.43317197834869975}",10,10,bayesian
ionosphere,rbf,3,0.9457936507936509,0.0371985236095488,0.9453572438100201,0.0378367383116588,0.4846513964235483,0.011967348321034596,0.0030217799358069897,8.943753629756565e-05,0.5735268997959793,45,"{'C': 28.14544874820433, 'gamma': 0.3235756148467037}",10,10,bayesian
ionosphere,rbf,4,0.9458730158730159,0.029818042294196715,0.9457652460528608,0.029869316370582485,0.5055334538878842,0.01191672131828586,0.0031074199359863997,0.00017169932808939705,0.5870910999365151,46,"{'C': 50.79392613603845, 'gamma': 0.3539301323851334}",10,10,bayesian
ionosphere,rbf,5,0.9373809523809523,0.04735701716567391,0.9366786613201674,0.04822913743257296,0.2339300783604581,0.012369998435208305,0.0029222100507467984,0.00013185698266448247,0.5803474001586437,47,"{'C': 25.599987137364938, 'gamma': 0.11129523917292246}",10,10,bayesian
ionosphere,rbf,6,0.9457142857142855,0.048571428571428585,0.9461937651765858,0.04788579741967504,0.5808810528430783,0.007173933436164342,0.00312152998521924,0.00012174311049728883,0.5834037000313401,48,"{'C': 11.232090227245585, 'gamma': 0.5809964763486839}",10,10,bayesian
ionosphere,rbf,7,0.9373809523809523,0.033163683932470316,0.936797791562119,0.033742441636756416,0.43811030741410484,0.011217496102216394,0.0029268999584019183,5.0247353336601414e-05,0.577927699778229,49,"{'C': 96.21679197288353, 'gamma': 0.2503777431897933}",10,10,bayesian
ionosphere,rbf,8,0.9343650793650793,0.04962958027321244,0.9351425357721432,0.048956408496299404,0.6400743419730761,0.006420944640864711,0.0031736099626868963,0.00010088932050481635,0.5847674999386072,50,"{'C': 49.4606699521566, 'gamma': 0.9243936192903239}",10,10,bayesian
ionosphere,rbf,9,0.9546031746031746,0.040282449490584016,0.953846205413458,0.04109928207614221,0.4400150693188668,0.013792924097831146,0.002991570020094514,7.762500572099691e-05,0.5729075004346669,51,"{'C': 44.54160488284843, 'gamma': 0.25578242867619827}",10,10,bayesian
ionosphere,custom_hermite,0,0.6923015873015873,0.04195411055296311,0.6158053594509287,0.0592120107216931,0.6451426562186056,0.010084122014554628,0.01794656999409199,0.0012514273202117484,2.3468545000068843,42,"{'C': 37.454637344617396, 'degree': 6}",10,10,bayesian
ionosphere,custom_hermite,1,0.6951587301587303,0.02857242061769792,0.6147109862430183,0.05161066111101979,0.6514747840064297,0.012454765697133706,0.0183200700674206,0.0009767554678479702,2.3299872996285558,43,"{'C': 32.71457844205816, 'degree': 6}",10,10,bayesian
ionosphere,custom_hermite,2,0.6950000000000001,0.039389473368463546,0.6133910888673593,0.06705955484742933,0.6584398231866586,0.009826592256285311,0.018453919934108852,0.0008753062726285771,2.224589299876243,44,"{'C': 21.79066903578307, 'degree': 6}",10,10,bayesian
ionosphere,custom_hermite,3,0.6892857142857143,0.04417613170304638,0.6124307247091955,0.06689567473154694,0.639127988748242,0.008877219993087689,0.017166189942508937,0.0005265745983642338,2.1759367999620736,45,"{'C': 97.60035557843834, 'degree': 5}",10,10,bayesian
ionosphere,custom_hermite,4,0.6923015873015873,0.0399610070714916,0.6133133919827193,0.0609004267382138,0.6514677516576252,0.008363100524472278,0.017889980087056757,0.0009588501330019391,2.3556405999697745,46,"{'C': 31.308380486232352, 'degree': 6}",10,10,bayesian
ionosphere,custom_hermite,5,0.6923015873015874,0.03564199031932565,0.6148222699437265,0.046732090757866905,0.664132007233273,0.01218698180428367,0.01845567999407649,0.0009454953095279446,2.290666399989277,47,"{'C': 18.55022831345097, 'degree': 6}",10,10,bayesian
ionosphere,custom_hermite,6,0.6894444444444445,0.023772590402010654,0.61058885560522,0.043564730786328644,0.6540054249547921,0.01189614027691173,0.01810376001521945,0.0009993674843687273,2.2456998000852764,48,"{'C': 44.49646271214178, 'degree': 5}",10,10,bayesian
ionosphere,custom_hermite,7,0.6950793650793651,0.06424337229904532,0.6220614914840226,0.09288416638328839,0.6201316053847699,0.013158662117173724,0.01819880004040897,0.0007671791902107514,2.2881283001042902,49,"{'C': 76.97567706407538, 'degree': 6}",10,10,bayesian
ionosphere,custom_hermite,8,0.6952380952380952,0.030416608424135842,0.6161683951330172,0.04877832521369123,0.6388055053244927,0.008249011216770385,0.017545960005372764,0.0007895148373747116,2.442629700060934,50,"{'C': 90.91793462081102, 'degree': 4}",10,10,bayesian
ionosphere,custom_hermite,9,0.6924603174603174,0.03396092859746057,0.612042742971215,0.06272041322094006,0.6546333132409081,0.010953843830935693,0.01755672008730471,0.0007446349656757661,2.0686481995508075,51,"{'C': 28.42201566103021, 'degree': 6}",10,10,bayesian
ionosphere,custom_gegen,0,0.9315873015873016,0.03880587187024637,0.930641132580012,0.03920738734831094,0.31908278079164154,0.06459250267895938,0.030775690032169224,0.0007943723864383114,7.7035690997727215,42,"{'C': 51.42392960692274, 'degree': 4, 'alpha': -0.39756367868720455}",10,10,bayesian
ionosphere,custom_gegen,1,0.9344444444444445,0.04959930143608723,0.9328490765570944,0.051129121278047,0.2443791440626884,0.010898368526948204,0.030494219996035098,0.0006179497930762607,7.786596199963242,43,"{'C': 11.506341584411505, 'degree': 4, 'alpha': -0.2245519812698833}",10,10,bayesian
ionosphere,custom_gegen,2,0.9342857142857144,0.04615855548972434,0.932698073544446,0.04776734202617732,0.23266726943942131,0.0048883244525524195,0.03136708005331457,0.0011007254110719478,9.338144300039858,44,"{'C': 14.885657456358848, 'degree': 4, 'alpha': -0.17328102501183607}",10,10,bayesian
ionosphere,custom_gegen,3,0.9287301587301589,0.02643178873595795,0.9295820469993334,0.025954552781348002,0.6008227848101266,0.01285308876195292,0.03050185991451144,0.0007573807105453074,7.787888899911195,45,"{'C': 7.729879318351191, 'degree': 3, 'alpha': 0.45088785981341584}",10,10,bayesian
ionosphere,custom_gegen,4,0.9287301587301589,0.05155407965672261,0.9259929512808268,0.055358906009887236,0.7151044806108097,0.010748650538775023,0.03299531992524862,0.0009541757982209566,6.994033399969339,46,"{'C': 26.24225722762328, 'degree': 6, 'alpha': 0.29633924272509005}",10,10,bayesian
ionosphere,custom_gegen,5,0.9203174603174602,0.03762808812407318,0.9191569123975343,0.038703776784257946,0.2554450472171991,0.07666892104817215,0.030637709936127067,0.0017657295874003664,9.465436700265855,47,"{'C': 24.665691528082416, 'degree': 2, 'alpha': -0.4422174052507317}",10,10,bayesian
ionosphere,custom_gegen,6,0.9400793650793651,0.03494813131036005,0.9387446815648139,0.03625082311988035,0.4855947357846092,0.018297211647250605,0.029813790041953326,0.0008743504626940376,5.354553000070155,48,"{'C': 57.49878373151376, 'degree': 3, 'alpha': 0.2673391530069128}",10,10,bayesian
ionosphere,custom_gegen,7,0.9345238095238095,0.03128484451932981,0.9337241051741085,0.031830438115932835,0.41658227848101265,0.03950077021553597,0.03257450992241502,0.0008735262948621625,10.330113499891013,49,"{'C': 22.91459130306838, 'degree': 6, 'alpha': -0.37275251226410955}",10,10,bayesian
ionosphere,custom_gegen,8,0.9288095238095238,0.03878029866602179,0.9266597193536239,0.04064845099736836,0.3399768937110709,0.008228990088708124,0.02986864005215466,0.002194643600002736,9.359749900177121,50,"{'C': 49.4606699521566, 'degree': 2, 'alpha': 0.01839310827685059}",10,10,bayesian
ionosphere,custom_gegen,9,0.9458730158730159,0.03244042158143067,0.9447800902550831,0.033235303059066995,0.2690747438215793,0.009343400114894181,0.02872517998330295,0.0005923465164412946,7.5921009997837245,51,"{'C': 4.77353057385992, 'degree': 2, 'alpha': 0.09148149983310738}",10,10,bayesian
ionosphere,custom_alsalam,0,0.9428571428571428,0.03833259389999641,0.9433209779375071,0.037833045905837394,0.6115862969660437,0.0073328172721350785,0.012904260028153657,0.0002961723732954966,1.7129464000463486,42,"{'C': 51.42392960692274, 'degree': 4, 'a': -1, 'q': 0.05}",10,10,bayesian
ionosphere,custom_alsalam,1,0.9457936507936509,0.04690476190476192,0.9459773321029884,0.046359361105248256,0.6229827205143661,0.009712775841199716,0.012587849982082844,0.0003019612591329094,1.7686402001418173,43,"{'C': 22.103678559441246, 'degree': 3, 'a': -1, 'q': 0.32}",10,10,bayesian
ionosphere,custom_alsalam,2,0.9345238095238095,0.03379359114863481,0.9347565488118592,0.03427565308412078,0.622982720514366,0.01141884097877904,0.013094879919663072,0.0005492683592923235,1.7040817001834512,44,"{'C': 14.885657456358848, 'degree': 4, 'a': -1, 'q': 0.16}",10,10,bayesian
ionosphere,custom_alsalam,3,0.9486507936507937,0.04004603360204649,0.948902843583101,0.03936114019070315,0.5948061080972474,0.007475597326797233,0.01196229993365705,0.000418570331457404,1.7796048000454903,45,"{'C': 11.246977118703663, 'degree': 2, 'a': -1, 'q': 0.48000000000000004}",10,10,bayesian
ionosphere,custom_alsalam,4,0.9401587301587302,0.029848445608028237,0.9407474479783502,0.02916347266519347,0.5875296363271048,0.0060358813145733005,0.011934470059350133,0.00023111653907088736,1.6988450000062585,46,"{'C': 30.75461872064403, 'degree': 2, 'a': -1, 'q': 0.49}",10,10,bayesian
ionosphere,custom_alsalam,5,0.9318253968253968,0.06620631876181403,0.9326818713164153,0.06512127419818792,0.6049417319670484,0.007133492130011199,0.013413059990853071,0.00019417811695364697,1.858566400129348,47,"{'C': 12.712329991335293, 'degree': 5, 'a': -1, 'q': 0.01}",10,10,bayesian
ionosphere,custom_alsalam,6,0.9542857142857143,0.036589281356759144,0.954423737492937,0.03629405823833475,0.6046232670283304,0.009984837435591642,0.01252648001536727,0.0001690222786479818,1.7502015000209212,48,"{'C': 18.713590155279643, 'degree': 3, 'a': -1, 'q': 0.14}",10,10,bayesian
ionosphere,custom_alsalam,7,0.9400793650793652,0.04862333827436484,0.9377432985507674,0.05132732627008052,0.562195097448262,0.01317881713735522,0.01211602003313601,0.0004525755523329712,1.853459700010717,49,"{'C': 25.193648320991734, 'degree': 2, 'a': -1, 'q': 0.08}",10,10,bayesian
ionosphere,custom_alsalam,8,0.9515079365079364,0.03147993638109556,0.951560302491535,0.03109755792822825,0.6242485432991762,0.007732266484085282,0.012462480133399368,0.0001645718885395593,1.750758900307119,50,"{'C': 31.001624859184517, 'degree': 3, 'a': -1, 'q': 0.35000000000000003}",10,10,bayesian
ionosphere,custom_alsalam,9,0.9516666666666665,0.03821484200752196,0.9518214543859445,0.03780346489950574,0.6217148884870405,0.008432909862013047,0.012511639902368189,0.0002984363785618455,1.6369592999108136,51,"{'C': 86.94918649987437, 'degree': 3, 'a': -1, 'q': 0.31}",10,10,bayesian
breast,linear,0,0.9692668371696506,0.018950440211300962,0.9691981154979358,0.0191416403368645,0.07450756071078626,0.004160985736752283,0.006745239952579141,0.0004073636161381323,0.8895828002132475,42,{'C': 59.86624976121946},10,10,bayesian
breast,linear,1,0.9648337595907929,0.021011293417587645,0.9649246042107267,0.02085479597979423,0.07401975583273748,0.004063930517451842,0.003983519971370697,0.00037937558297460646,0.8062221999280155,43,{'C': 11.506341584411505},10,10,bayesian
breast,linear,2,0.9692881500426257,0.018968564709407793,0.9693342377280498,0.018881863359193812,0.07287969068615768,0.005464921085294463,0.005689939903095365,0.0004874863469000164,0.8696141997352242,44,{'C': 40.90785191348},10,10,bayesian
breast,linear,3,0.9677109974424554,0.017179616688616912,0.9677450250297234,0.017107742847035236,0.07434681284923599,0.005842857667508212,0.008237270032986998,0.0004246351595617946,0.8101087003014982,45,{'C': 98.90116233604654},10,10,bayesian
breast,linear,4,0.9678175618073315,0.022393532087481818,0.9678527642877895,0.022354278346087473,0.07369428775720982,0.005541720029639161,0.005870299926027655,0.0002559639327672826,0.8976123998872936,46,{'C': 44.08727947577701},10,10,bayesian
breast,linear,5,0.963469735720375,0.017471408802713573,0.9635913082961254,0.017243515301501613,0.07271602976616084,0.004624201953035463,0.008027210040017963,0.0006781015896492345,0.9254509997554123,47,{'C': 97.44833496055122},10,10,bayesian
breast,linear,6,0.967774936061381,0.014392991981966231,0.9678417160650248,0.014349395008179134,0.07646036916395223,0.0027302993600545056,0.003019440034404397,0.00031833105880484433,0.8213961003348231,48,{'C': 1.7500096028443315},10,10,bayesian
breast,linear,7,0.9678175618073317,0.01931209743982176,0.9678270619684156,0.01921697072721131,0.07288101480363336,0.004762041951537483,0.004817389929667115,0.00037418953272886474,0.9046073998324573,49,{'C': 30.0971446211356},10,10,bayesian
breast,linear,8,0.9648337595907929,0.015048458025347183,0.9647836590192597,0.01520780622985373,0.07288127962712851,0.0032405809648508492,0.0060281801037490364,0.0004545150443046469,0.8666048999875784,50,{'C': 49.4606699521566},10,10,bayesian
breast,linear,9,0.9663043478260871,0.013232342247283957,0.9663480409120864,0.01319435859707861,0.07369455258070497,0.0029160137739883255,0.003339219931513071,0.00023235574737062964,0.8223772002384067,51,{'C': 4.472173508112401},10,10,bayesian
breast,poly,0,0.9677962489343563,0.018205597814806573,0.9677349100866772,0.018406076777489545,0.0732062180556659,0.003559693589226636,0.0038425100035965444,0.00028098698741120146,1.0467048999853432,42,"{'C': 59.86624976121946, 'degree': 1, 'gamma': 0.6371656669645575}",10,10,bayesian
breast,poly,1,0.9648337595907929,0.021011293417587645,0.9649246042107267,0.02085479597979423,0.07515902650883188,0.0039112271063293114,0.0035810399800539016,0.0003871333914573788,1.3455715999007225,43,"{'C': 25.44285816486207, 'degree': 1, 'gamma': 3.468678178582751}",10,10,bayesian
breast,poly,2,0.9693094629156009,0.02105383934071256,0.9694095529504428,0.020919051536603717,0.07287942586266254,0.004845448938689973,0.0038214600645005703,0.00046332908287085786,1.329854200128466,44,"{'C': 42.76572445463983, 'degree': 1, 'gamma': 0.8838158075525571}",10,10,bayesian
breast,poly,3,0.9677109974424554,0.019535721637022347,0.9677796871649363,0.019444455978549192,0.08248033685548582,0.0032037591233114227,0.0025759301148355006,0.00016620792763101728,1.2972166002728045,45,"{'C': 4.853151568643681, 'degree': 1, 'gamma': 0.4776161161246224}",10,10,bayesian
breast,poly,4,0.9663469735720376,0.020646542499767623,0.9663887303983717,0.02061249699505308,0.07434522390826513,0.005731386810626816,0.0035909599624574184,0.00012420665008472306,1.2285679997876287,46,"{'C': 32.367259024240155, 'degree': 1, 'gamma': 3.211524249181703}",10,10,bayesian
breast,poly,5,0.9678388746803069,0.015698330761988365,0.9680038612015925,0.015489593364825137,0.0844286433092344,0.004634678167447717,0.003221450001001358,0.00034582509673293976,1.2197368000634015,47,"{'C': 9.873496758926203, 'degree': 2, 'gamma': 2.569034341275915}",10,10,bayesian
breast,poly,6,0.967774936061381,0.014392991981966231,0.9678417160650248,0.014349395008179134,0.0844312915441858,0.002562632377238997,0.0026783600449562074,0.00021916751228807094,1.3943604999221861,48,"{'C': 3.711994388168878, 'degree': 1, 'gamma': 0.8660498050857349}",10,10,bayesian
breast,poly,7,0.9590366581415175,0.027455381610925644,0.9588610852697108,0.027694741567160966,0.08377956092264506,0.007381836337414916,0.0036796499509364365,0.0002194940383942038,1.224011399783194,49,"{'C': 25.193648320991734, 'degree': 2, 'gamma': 0.3186272691803812}",10,10,bayesian
breast,poly,8,0.9721653878942881,0.01536455641101406,0.9722563023594436,0.015305307915149112,0.08280474563703291,0.004453711825072215,0.002995000081136823,0.00016129000867910154,1.2125491998158395,50,"{'C': 5.641107515510172, 'degree': 2, 'gamma': 3.7048899841838416}",10,10,bayesian
breast,poly,9,0.9692242114237001,0.010341114903397048,0.9693067320759787,0.010344948385743942,0.08199094303646622,0.004888376200989169,0.002902339957654476,0.00026057895393137397,1.0319151999428868,51,"{'C': 4.77353057385992, 'degree': 2, 'gamma': 1.1798663823605715}",10,10,bayesian
breast,rbf,0,0.964855072463768,0.016335576798822724,0.9652201169287583,0.016028098095145882,0.44590847700007946,0.0033389612205223895,0.006322249863296747,0.00013376472465423506,0.9618501998484135,42,"{'C': 60.11190005930913, 'gamma': 2.8368516771561185}",10,10,bayesian
breast,rbf,1,0.9633418584825233,0.017770897912119575,0.9637382551300192,0.017387821283645133,0.4480246815497472,0.00309764466771012,0.00646819993853569,0.00020756029225736384,0.9589066999033093,43,"{'C': 2.9023534286116157, 'gamma': 2.9391533679917523}",10,10,bayesian
breast,rbf,2,0.964919011082694,0.023607352655932345,0.9652989647302206,0.023162479291378015,0.4338706602049734,0.004155288314934353,0.00643071997910738,0.00019288629142731706,0.9604059001430869,44,"{'C': 35.93172446996938, 'gamma': 2.443059172775448}",10,10,bayesian
breast,rbf,3,0.9648124467178176,0.019933507500577735,0.9650134940857187,0.01969181054091401,0.3123489844018962,0.006574862620639887,0.006058119935914874,0.00019597668587034855,0.9499802999198437,45,"{'C': 44.05364834656567, 'gamma': 1.1698479963169404}",10,10,bayesian
breast,rbf,4,0.9633631713554986,0.015091395382213449,0.9637170260653892,0.014879311699413913,0.43777336405285877,0.004447741182807878,0.006390570057556033,0.0004046430278247105,0.9592554001137614,46,"{'C': 78.38345124822426, 'gamma': 2.545040547553847}",10,10,bayesian
breast,rbf,5,0.9634271099744245,0.018784417107245457,0.9637346675618744,0.018519007238396227,0.35139217711395354,0.0038853619138395318,0.006220620078966022,0.00014600721894403966,0.951625999994576,47,"{'C': 72.87373461547712, 'gamma': 1.4160045391037324}",10,10,bayesian
breast,rbf,6,0.9619565217391303,0.018741821165133055,0.9623012907817072,0.018459694689180593,0.39645507269404945,0.005403132085283422,0.006390310032293201,0.00026023511857353466,0.94889170024544,48,"{'C': 86.47117395863914, 'gamma': 1.798683143977155}",10,10,bayesian
breast,rbf,7,0.9633418584825233,0.021996289202247925,0.9637030997551257,0.021681846952744437,0.40865469664468623,0.0027930597571273735,0.006438979972153902,0.0001576639915486681,0.9453700999729335,49,"{'C': 72.1653240061406, 'gamma': 2.0029529566657467}",10,10,bayesian
breast,rbf,8,0.9663043478260868,0.019719752276571842,0.9666929144815238,0.019399209080159453,0.42150711051084455,0.005212588610906422,0.006594030093401671,0.00021891413498954074,0.9806881998665631,50,"{'C': 90.91793462081102, 'gamma': 2.246704085142842}",10,10,bayesian
breast,rbf,9,0.963384484228474,0.014998509417828803,0.9637768583599012,0.014736317038920838,0.4392378379809857,0.0045093810378182865,0.006580359814688563,0.0001858305418445496,0.9662524997256696,51,"{'C': 34.33102395058668, 'gamma': 2.5816410998446386}",10,10,bayesian
breast,custom_hermite,0,0.9721867007672635,0.013725970058277281,0.9721799822854633,0.01372453710247948,0.15584968618415826,0.008440251778903887,0.03215569998137653,0.0016520486877653548,4.04830259969458,42,"{'C': 83.24443163740138, 'degree': 2}",10,10,bayesian
breast,custom_hermite,1,0.9721653878942883,0.01663829803749472,0.9722284510301524,0.016511878905414338,0.22319880299780198,0.005871714220684237,0.03233740986324847,0.0013352862696552133,4.02227140031755,43,"{'C': 7.667193336944729, 'degree': 6}",10,10,bayesian
breast,custom_hermite,2,0.9751065643648763,0.013224564691666989,0.975096654850786,0.01320776408364376,0.1600778581075713,0.009760231569005549,0.0320475799497217,0.001746737951575274,4.003372400067747,44,"{'C': 64.64140982977695, 'degree': 2}",10,10,bayesian
breast,custom_hermite,3,0.9735933503836316,0.012830792066528488,0.9736052396023682,0.012833373079704408,0.21360106988692035,0.0039687824940914974,0.03218399998731911,0.00203977256863466,4.010528000071645,45,"{'C': 11.595955199082946, 'degree': 4}",10,10,bayesian
breast,custom_hermite,4,0.9736572890025574,0.02151000055221723,0.973669495060873,0.021483244574437406,0.1524313445088848,0.010757504861194162,0.032846909994259474,0.0017700451973908166,4.030118599999696,46,"{'C': 86.70827247968342, 'degree': 2}",10,10,bayesian
breast,custom_hermite,5,0.9708013640238704,0.01583820379068138,0.9708204508598023,0.015712349905033347,0.19668043748841396,0.004410636901618565,0.03597629005089402,0.001903609585648882,4.18518939986825,47,"{'C': 11.349733700893058, 'degree': 6}",10,10,bayesian
breast,custom_hermite,6,0.9736146632566071,0.011039903621797105,0.9736376503375828,0.011032187872224179,0.1551992796800932,0.006511358025241629,0.03416253007017076,0.0004378897602248347,3.989803200121969,48,"{'C': 79.20363403128228, 'degree': 2}",10,10,bayesian
breast,custom_hermite,7,0.9721867007672633,0.017837041220669238,0.9721526787221577,0.01782174952215506,0.14738672174995365,0.009322633150513796,0.032682930072769525,0.001799027061237748,4.027320600114763,49,"{'C': 96.21679197288353, 'degree': 1}",10,10,bayesian
breast,custom_hermite,8,0.9736146632566068,0.015863078435338344,0.9736314426317259,0.015843151473039822,0.18025131749688833,0.0072486080189289774,0.03409411995671689,0.0014059240720329664,4.03472839994356,50,"{'C': 25.548136901797378, 'degree': 3}",10,10,bayesian
breast,custom_hermite,9,0.9736572890025575,0.012743672349243083,0.9736813190509281,0.012706350410990018,0.16788723815576917,0.0057766621581810985,0.03386488002724945,0.0021111785422328277,4.011913399677724,51,"{'C': 34.33102395058668, 'degree': 4}",10,10,bayesian
breast,custom_gegen,0,0.9707587382779199,0.019445190679178787,0.9707609863093237,0.019504273309976557,0.09223987712189827,0.004770841540854856,0.04642435000278056,0.002309181101372343,8.652718599885702,42,"{'C': 45.607542351719374, 'degree': 5, 'alpha': -0.09264917350486412}",10,10,bayesian
breast,custom_gegen,1,0.9692455242966751,0.020196699634937875,0.9693342971089087,0.020076762077760237,0.08524509414475252,0.003936404561227444,0.04701312007382512,0.0026115769503332717,8.605802699923515,43,"{'C': 89.70996089957345, 'degree': 2, 'alpha': 0.031986596966799064}",10,10,bayesian
breast,custom_gegen,2,0.9678388746803069,0.020389068846270647,0.9679150886588206,0.020259574693098296,0.0819896189189905,0.004917945064472465,0.04726679008454084,0.002160462844098266,9.871578400023282,44,"{'C': 42.76572445463983, 'degree': 1, 'alpha': -0.05638125000041694}",10,10,bayesian
breast,custom_gegen,3,0.9721227621483376,0.016716358962963983,0.9721471650301801,0.01669928882979618,0.11696830062763168,0.0038316118424014537,0.046770719904452564,0.002866361443377037,8.639017700217664,45,"{'C': 7.455003975369499, 'degree': 6, 'alpha': -0.04245679680117881}",10,10,bayesian
breast,custom_gegen,4,0.976619778346121,0.0186040872712187,0.9766741466148847,0.018563748824161435,0.20172479542385,0.0035085225581656812,0.04674427006393671,0.0027318742337926805,8.06186190014705,46,"{'C': 78.38345124822426, 'degree': 4, 'alpha': 0.00559575211634028}",10,10,bayesian
breast,custom_gegen,5,0.9546462063086103,0.0211317538591715,0.9546853047562573,0.021094789054474136,0.12087073965202193,0.004795999413161796,0.046304839989170433,0.0021929173614288686,9.87561220023781,47,"{'C': 12.712329991335293, 'degree': 5, 'alpha': -0.47957646815918376}",10,10,bayesian
breast,custom_gegen,6,0.9736359761295821,0.012821442473362166,0.9737066418557122,0.01272206332517634,0.12136013347104155,0.0032728791683144126,0.044679610058665276,0.0006839928362773692,6.872461199760437,48,"{'C': 1.7500096028443315, 'degree': 6, 'alpha': 0.0768737232730975}",10,10,bayesian
breast,custom_gegen,7,0.9501918158567774,0.02780934667965766,0.950235749629536,0.027718455756857874,0.11355101824633881,0.005849231660134142,0.048826150177046654,0.0008014541952761833,10.48545840010047,49,"{'C': 22.91459130306838, 'degree': 6, 'alpha': -0.37275251226410955}",10,10,bayesian
breast,custom_gegen,8,0.9706947996589939,0.014728182185515686,0.9707618380678212,0.014683488366514574,0.11306347819178517,0.004560642342166801,0.04702766998670995,0.0021705644668703,9.871377800125629,50,"{'C': 49.4606699521566, 'degree': 2, 'alpha': 0.01839310827685059}",10,10,bayesian
breast,custom_gegen,9,0.9692242114236997,0.012255254081452992,0.9692779586300931,0.012252504890206196,0.0834554169645931,0.0031755266114225997,0.043672640109434724,0.0007094987734101971,8.518614300061017,51,"{'C': 48.78009133549274, 'degree': 2, 'alpha': -0.05581670324541077}",10,10,bayesian
breast,custom_alsalam,0,0.9648550724637681,0.011708684122612044,0.9649779448975139,0.011634761155884325,0.26305606313392127,0.005389880609871482,0.015640659909695386,0.0007430608785520752,2.1279408000409603,42,"{'C': 5.809303133207778, 'degree': 6, 'a': -1, 'q': 0.6}",10,10,bayesian
breast,custom_alsalam,1,0.9589727195225916,0.024338190478159553,0.9592217715707833,0.024111978100431416,0.1891989089272,0.007406983274182877,0.01602949998341501,0.0008092594530375852,2.083751699887216,43,"{'C': 11.506341584411505, 'degree': 4, 'a': -1, 'q': 0.14}",10,10,bayesian
breast,custom_alsalam,2,0.9634057971014492,0.02090879739710827,0.9635639513186849,0.02079011616949599,0.2414173353459919,0.005396526789628906,0.017613650113344193,0.00035516662862673446,2.1654529999941587,44,"{'C': 71.01508918471401, 'degree': 6, 'a': -1, 'q': 0.46}",10,10,bayesian
breast,custom_alsalam,3,0.9648124467178176,0.02099041010631518,0.9649110989680109,0.020902032168201204,0.26744736633034083,0.0073457673467186724,0.016651070071384312,0.0006680484679176665,2.1909276000224054,45,"{'C': 62.73954087875989, 'degree': 6, 'a': -1, 'q': 0.65}",10,10,bayesian
breast,custom_alsalam,4,0.964855072463768,0.016297437090260995,0.965041111107056,0.016137222408505434,0.2297041921559281,0.007512055186952595,0.01645027999766171,0.0009221915122462994,2.1157104996964335,46,"{'C': 26.24225722762328, 'degree': 6, 'a': -1, 'q': 0.4}",10,10,bayesian
breast,custom_alsalam,5,0.972229326513214,0.01008846592653851,0.9722798224683785,0.00996781069688641,0.3704231879452345,0.004596998312445916,0.014659860031679272,0.000474741631373991,2.102193500380963,47,"{'C': 9.873496758926203, 'degree': 2, 'a': -1, 'q': 0.64}",10,10,bayesian
breast,custom_alsalam,6,0.9648550724637681,0.018764638179896598,0.9650008370041274,0.018677843091998048,0.23963004157728873,0.006781056376956846,0.015294199995696544,0.00041496273448888774,2.1293565002270043,48,"{'C': 44.49646271214178, 'degree': 5, 'a': -1, 'q': 0.46}",10,10,bayesian
breast,custom_alsalam,7,0.9618925831202045,0.019786520490857176,0.9620310550690709,0.019647476253701456,0.24532374672280924,0.004959424767898167,0.015408350061625243,0.00042337404220591407,2.1385526000522077,49,"{'C': 89.62311386559638, 'degree': 5, 'a': -1, 'q': 0.5}",10,10,bayesian
breast,custom_alsalam,8,0.9604859335038363,0.0244413588962652,0.9606305272693033,0.024299511461675714,0.22645374857657372,0.004841770909286049,0.01603202000260353,0.00124264684473479,2.136791500262916,50,"{'C': 67.45763200916058, 'degree': 3, 'a': -1, 'q': 0.51}",10,10,bayesian
breast,custom_alsalam,9,0.9633631713554986,0.01765690169920165,0.9635117367834187,0.017588984194529343,0.23458594846534786,0.0061154995417219875,0.01663559996522963,0.0008689376059014989,2.093608600087464,51,"{'C': 15.76785920720762, 'degree': 3, 'a': -1, 'q': 0.59}",10,10,bayesian
australian,linear,0,0.855072463768116,0.056503155622080935,0.8552445773502406,0.056508204120143686,0.38405797101449274,0.01770238277584247,0.026670869998633863,0.0014521209169246299,2.8215202996507287,42,{'C': 95.07147992668521},10,10,bayesian
australian,linear,1,0.8550724637681159,0.025925425826084526,0.8553058487978294,0.026004243312177808,0.3695652173913043,0.014550787367481444,0.02447820999659598,0.0013620148444925685,2.6685402002185583,43,{'C': 60.907044861408856},10,10,bayesian
australian,linear,2,0.8492753623188405,0.03502332166259295,0.8495262598367738,0.034945117108611506,0.3837359098228664,0.01685906514041576,0.025624249968677758,0.0014035552370281754,2.792541400063783,44,{'C': 83.48438002441628},10,10,bayesian
australian,linear,3,0.855072463768116,0.04150093061819233,0.8553148311912203,0.041597975522892884,0.3826086956521739,0.022684176042435212,0.026032690005376936,0.0013753549853643674,2.699123500380665,45,{'C': 98.90116233604654},10,10,bayesian
australian,linear,4,0.8565217391304347,0.03576510921522626,0.8566223746666791,0.03593025376869173,0.37745571658615135,0.02260401564620495,0.025608110008761287,0.0015537483770421234,2.8226123000495136,46,{'C': 78.38345124822426},10,10,bayesian
australian,linear,5,0.8536231884057971,0.03858993320491115,0.8536901966938499,0.03888489848937979,0.361352657004831,0.02115821926654666,0.020428409986197948,0.002663372681462332,2.761840300168842,47,{'C': 24.665691528082416},10,10,bayesian
australian,linear,6,0.8565217391304347,0.031386098301025664,0.8566286083785626,0.031514518169213454,0.37971014492753624,0.014929889837680201,0.02644421998411417,0.0011110823178572726,2.7211227999068797,48,{'C': 89.15743514475867},10,10,bayesian
australian,linear,7,0.855072463768116,0.037232558199029375,0.8552438262097308,0.03729798756599279,0.3761674718196457,0.019724769079268997,0.02445801002904773,0.0016532763041786124,2.8336066999472678,49,{'C': 68.32799272073872},10,10,bayesian
australian,linear,8,0.855072463768116,0.03490317269215159,0.8550855356349698,0.03512598197108343,0.38888888888888884,0.027206546874460086,0.026843780046328904,0.0013878002750644409,2.8415402001701295,50,{'C': 99.65742644123478},10,10,bayesian
australian,linear,9,0.8507246376811594,0.027536231884057953,0.8508598767956222,0.02751690134163008,0.37793880837359095,0.02867113468684108,0.024717479990795255,0.0021328180657119405,2.7407566998153925,51,{'C': 67.57346581893972},10,10,bayesian
australian,poly,0,0.8594202898550725,0.06318907059881634,0.8593375960025842,0.06345451134998786,0.31481481481481477,0.015229953321933162,0.007523769978433847,0.0008871391635690653,1.9750220999121666,42,"{'C': 18.341267580833527, 'degree': 2, 'gamma': 2.106451407284698}",10,10,bayesian
australian,poly,1,0.8594202898550725,0.03837160085470645,0.8593580703519169,0.03834613499886064,0.31223832528180356,0.008744717540989023,0.008217509975656867,0.0009196661442715842,2.2974032000638545,43,"{'C': 24.059721406914914, 'degree': 2, 'gamma': 3.438750940498319}",10,10,bayesian
australian,poly,2,0.8507246376811594,0.031117261671860685,0.8507591454159644,0.031103197634900926,0.3001610305958132,0.005540950252523435,0.011822089878842234,0.00048275367659899606,2.4282237999141216,44,"{'C': 64.64140982977695, 'degree': 2, 'gamma': 2.553002555011625}",10,10,bayesian
australian,poly,3,0.8579710144927535,0.050120627437074135,0.858244171635819,0.04994502856775399,0.31545893719806767,0.007534098270717925,0.005820889910683036,0.0005733941037744209,2.1824207003228366,45,"{'C': 11.246977118703663, 'degree': 2, 'gamma': 1.9223568388864396}",10,10,bayesian
australian,poly,4,0.8608695652173914,0.03502332166259296,0.860242586207432,0.03525018350828921,0.3091787439613527,0.0075872586083025675,0.009308369969949127,0.0007227769042894177,2.3228189004585147,46,"{'C': 30.75461872064403, 'degree': 2, 'gamma': 1.984005958930137}",10,10,bayesian
australian,poly,5,0.8608695652173914,0.038453620757743764,0.8608768442690197,0.03869219026344134,0.3209339774557166,0.00827546870050216,0.006011600000783801,0.00047479559548158865,2.1408554003573954,47,"{'C': 9.873496758926203, 'degree': 2, 'gamma': 2.569034341275915}",10,10,bayesian
australian,poly,6,0.855072463768116,0.03304856304635181,0.8552178357834483,0.03317152236293948,0.31674718196457335,0.013377175153584626,0.012706340011209249,0.0009742893022977632,2.4522289000451565,48,"{'C': 35.71784231100412, 'degree': 1, 'gamma': 0.5809964763486839}",10,10,bayesian
australian,poly,7,0.855072463768116,0.026723317267515628,0.8548809968199118,0.026675286422897414,0.3082125603864735,0.008527022412156979,0.008911120053380728,0.0009250168726843235,2.305543599650264,49,"{'C': 30.0971446211356, 'degree': 2, 'gamma': 3.706491553751403}",10,10,bayesian
australian,poly,8,0.8579710144927537,0.03877996568191202,0.857975969353966,0.03881526385995058,0.31948470209339774,0.0068773450898752374,0.004956199880689382,0.00025360361045700605,2.197134300135076,50,"{'C': 5.641107515510172, 'degree': 2, 'gamma': 3.7048899841838416}",10,10,bayesian
australian,poly,9,0.8637681159420291,0.027650411635273778,0.8632767393060355,0.02872178281089397,0.30241545893719807,0.0071943020623796,0.012029210012406111,0.0005649269136240635,2.0030815000645816,51,"{'C': 64.40232868225607, 'degree': 2, 'gamma': 3.7981428233711143}",10,10,bayesian
australian,rbf,0,0.8217391304347826,0.058350209099122884,0.8206959462802242,0.059547192947207984,0.49597423510467,0.013180922337958855,0.00851976005360484,0.00024681022694805337,1.3081209999509156,42,"{'C': 15.602708025603208, 'gamma': 0.6371656669645575}",10,10,bayesian
australian,rbf,1,0.8492753623188406,0.038996011730648435,0.8492017823221634,0.0390151600111889,0.3711755233494364,0.010036999705151312,0.0087075000628829,0.00027787503773423015,1.3468174999579787,43,"{'C': 25.44285816486207, 'gamma': 0.24227591946943294}",10,10,bayesian
australian,rbf,2,0.7985507246376812,0.036347641170969405,0.7982311150001762,0.03586264222352191,0.41046698872785836,0.008625289366081859,0.008864330034703017,0.0003846247759496115,1.4104132000356913,44,"{'C': 42.76572445463983, 'gamma': 0.46770693414988207}",10,10,bayesian
australian,rbf,3,0.8420289855072465,0.046035884563097366,0.8420153945754578,0.04589844550488352,0.5276972624798713,0.014403914508092319,0.007948529999703169,0.0002386838020801757,1.3184223999269307,45,"{'C': 4.853151568643681, 'gamma': 0.6663708483298129}",10,10,bayesian
australian,rbf,4,0.8246376811594203,0.05080738592161767,0.8239238418716933,0.05100212189017179,0.7228663446054748,0.011995428384195612,0.008689639903604985,0.00022853241413471221,1.3034441000781953,46,"{'C': 4.287501969778039, 'gamma': 1.7722052636656271}",10,10,bayesian
australian,rbf,5,0.844927536231884,0.046308826981653485,0.8449578422258893,0.046321404807684596,0.344927536231884,0.008422993127614832,0.009229430090636015,0.0004597354125460739,1.3126900997012854,47,"{'C': 25.599987137364938, 'gamma': 0.11129523917292246}",10,10,bayesian
australian,rbf,6,0.8246376811594203,0.02628747412640153,0.8244501464911954,0.02625459081695382,0.4829307568438003,0.013766938767466335,0.008225830039009452,0.00031049588433986646,1.2947145998477936,48,"{'C': 11.232090227245585, 'gamma': 0.5809964763486839}",10,10,bayesian
australian,rbf,7,0.8217391304347826,0.05501522578580377,0.8214837016191293,0.055119980181173395,0.3592592592592593,0.012749922200848666,0.010298170056194067,0.0003355752550539635,1.3487821999005973,49,"{'C': 96.21679197288353, 'gamma': 0.2503777431897933}",10,10,bayesian
australian,rbf,8,0.8028985507246377,0.049445571331107184,0.8018641106201378,0.050298737950309695,0.6608695652173914,0.011137917208238706,0.009513370087370276,0.0005835225337572414,1.3468129998072982,50,"{'C': 25.548136901797378, 'gamma': 1.5947519840516893}",10,10,bayesian
australian,rbf,9,0.8507246376811596,0.02828872651585962,0.8506004315762002,0.028462611886916706,0.35990338164251207,0.011882486836955402,0.00937788006849587,0.00031232564628068545,1.3285643002018332,51,"{'C': 41.02538836217453, 'gamma': 0.20578241662639743}",10,10,bayesian
australian,custom_hermite,0,0.844927536231884,0.05307198093797263,0.8441248762087741,0.05384776095580574,0.559098228663446,0.011128600671929794,0.05413832999765873,0.003025132507218323,6.663675600197166,42,"{'C': 73.1996621871987, 'degree': 4}",10,10,bayesian
australian,custom_hermite,1,0.8536231884057971,0.04222841241835784,0.8527143710569474,0.04291252035484757,0.5752012882447665,0.006269862265356481,0.057444030046463014,0.002803065761479864,6.665073799900711,43,"{'C': 32.71457844205816, 'degree': 6}",10,10,bayesian
australian,custom_hermite,2,0.8521739130434783,0.029559533412132088,0.8520655123061782,0.029366277853306106,0.5397745571658614,0.0054274716735435305,0.05593480989336967,0.003764542606636321,6.5889141000807285,44,"{'C': 96.05266199434153, 'degree': 3}",10,10,bayesian
australian,custom_hermite,3,0.8536231884057971,0.05554715332387479,0.8534806833457509,0.05586346204563554,0.5346215780998389,0.010107796989678073,0.05082005001604557,0.0011770517515901737,6.4783013998530805,45,"{'C': 99.07217775409525, 'degree': 3}",10,10,bayesian
australian,custom_hermite,4,0.8521739130434783,0.038234510023979464,0.8516383532398178,0.03852914597423352,0.5484702093397745,0.007386373553094832,0.05769394002854824,0.002237165212455026,6.6214081002399325,46,"{'C': 78.38345124822426, 'degree': 4}",10,10,bayesian
australian,custom_hermite,5,0.8492753623188406,0.029842406205759422,0.848849848430729,0.03010006547774239,0.5251207729468599,0.005870443199213587,0.055301470076665284,0.0036028901646121356,6.582611300051212,47,"{'C': 70.76080622076984, 'degree': 5}",10,10,bayesian
australian,custom_hermite,6,0.8536231884057971,0.03692098319668694,0.8534813604656757,0.036605136910420555,0.5531400966183575,0.005861602165282247,0.05267863995395601,0.003029176643742857,6.527927399612963,48,"{'C': 86.47117395863914, 'degree': 3}",10,10,bayesian
australian,custom_hermite,7,0.855072463768116,0.0360866655014166,0.8548864030132786,0.036155038482952644,0.46908212560386475,0.006523229984067344,0.05481354994699359,0.0033106769474734957,6.601306499913335,49,"{'C': 92.6335871707825, 'degree': 6}",10,10,bayesian
australian,custom_hermite,8,0.8507246376811594,0.02054702446196786,0.8501890077375268,0.020164757572461136,0.5571658615136876,0.008147575291899196,0.05673672002740204,0.0036238879512214433,6.745303200092167,50,"{'C': 37.73213245401471, 'degree': 6}",10,10,bayesian
australian,custom_hermite,9,0.844927536231884,0.05187110193673415,0.8422227453512571,0.05436138887116062,0.6676328502415461,0.0045088566827697135,0.05445090001448989,0.0027384239711302086,6.531251899898052,51,"{'C': 34.33102395058668, 'degree': 4}",10,10,bayesian
australian,custom_gegen,0,0.8579710144927537,0.05217391304347825,0.8573446487190939,0.05315437113626236,0.3251207729468599,0.011396825944747502,0.09379048994742334,0.005956658500678258,16.338972500059754,42,"{'C': 45.607542351719374, 'degree': 5, 'alpha': -0.09264917350486412}",10,10,bayesian
australian,custom_gegen,1,0.8536231884057971,0.027839670597534127,0.8538723451322937,0.02786135958293141,0.32302737520128827,0.008913592594588118,0.09198210001923143,0.006431213337798229,16.352848299778998,43,"{'C': 89.70996089957345, 'degree': 2, 'alpha': 0.031986596966799064}",10,10,bayesian
australian,custom_gegen,2,0.8492753623188405,0.03502332166259295,0.8495262598367738,0.034945117108611506,0.32302737520128827,0.0047333135126244935,0.09034658009186387,0.005023255752177267,18.234775200020522,44,"{'C': 42.76572445463983, 'degree': 1, 'alpha': -0.05638125000041694}",10,10,bayesian
australian,custom_gegen,3,0.855072463768116,0.04150093061819233,0.8553148311912203,0.041597975522892884,0.3494363929146537,0.008731363421401591,0.09256830993108452,0.004534207576139918,16.497474799863994,45,"{'C': 7.455003975369499, 'degree': 6, 'alpha': -0.04245679680117881}",10,10,bayesian
australian,custom_gegen,4,0.855072463768116,0.035499851344683725,0.8551822776205645,0.03565922624080152,0.45330112721417076,0.00717445069563461,0.0890277000144124,0.004026281055530397,15.346191499847919,46,"{'C': 78.38345124822426, 'degree': 4, 'alpha': 0.00559575211634028}",10,10,bayesian
australian,custom_gegen,5,0.8304347826086957,0.04050199597820904,0.8301028116258836,0.04005799301997693,0.34202898550724636,0.010950080515297908,0.0967620700597763,0.005088029598282673,18.515812099911273,47,"{'C': 93.52364450917413, 'degree': 4, 'alpha': -0.1365519894643772}",10,10,bayesian
australian,custom_gegen,6,0.855072463768116,0.03304856304635181,0.8552178357834483,0.03317152236293948,0.36086956521739133,0.007035765628004333,0.09172741998918355,0.007059111685761231,13.363994699902833,48,"{'C': 1.7500096028443315, 'degree': 6, 'alpha': 0.0768737232730975}",10,10,bayesian
australian,custom_gegen,7,0.7855072463768117,0.05297294748549874,0.7851610668058147,0.05326400788585671,0.366988727858293,0.015250371098933107,0.0951232701074332,0.004555185128309881,19.54559369990602,49,"{'C': 22.91459130306838, 'degree': 6, 'alpha': -0.37275251226410955}",10,10,bayesian
australian,custom_gegen,8,0.855072463768116,0.03490317269215159,0.8550855356349698,0.03512598197108343,0.3576489533011273,0.01344292055616125,0.09012565002776682,0.004576767482608868,18.32838540012017,50,"{'C': 49.4606699521566, 'degree': 2, 'alpha': 0.01839310827685059}",10,10,bayesian
australian,custom_gegen,9,0.8536231884057972,0.02707469810473827,0.8537356863310425,0.027119524131443473,0.32270531400966185,0.007928202012941175,0.09306256002746523,0.008223381394195864,16.19536910019815,51,"{'C': 48.78009133549274, 'degree': 2, 'alpha': -0.05581670324541077}",10,10,bayesian
australian,custom_alsalam,0,0.8434782608695652,0.05297294748549873,0.8416081803386481,0.05437821158211746,0.5561996779388083,0.011526911541496461,0.025475569954141974,0.0013969408723429788,3.869019899982959,42,"{'C': 43.19506991919293, 'degree': 2, 'a': -1, 'q': 0.61}",10,10,bayesian
australian,custom_alsalam,1,0.7985507246376812,0.03138609830102568,0.7980730608374379,0.031203740794789516,0.48969404186795484,0.012103032157239004,0.030716879945248365,0.0011073501177625118,3.7972248001024127,43,"{'C': 44.576390325611044, 'degree': 5, 'a': -1, 'q': 0.09}",10,10,bayesian
australian,custom_alsalam,2,0.846376811594203,0.027650411635273785,0.8453205980651072,0.027740782807369864,0.5753623188405796,0.007416153906389353,0.02408741000108421,0.000817032967804211,3.6697704000398517,44,"{'C': 36.05072312479231, 'degree': 3, 'a': -1, 'q': 0.61}",10,10,bayesian
australian,custom_alsalam,3,0.844927536231884,0.054246281948443185,0.8438190592682338,0.05505206881661553,0.5584541062801932,0.010603592678360274,0.026369029982015492,0.00035745296620332673,3.739653200376779,45,"{'C': 99.07217775409525, 'degree': 3, 'a': -1, 'q': 0.62}",10,10,bayesian
australian,custom_alsalam,4,0.7971014492753623,0.05904796749989379,0.7968427625312234,0.05895588637958415,0.4908212560386474,0.010964279890852956,0.030940059944987296,0.0017288161262507987,3.8446737001650035,46,"{'C': 26.24225722762328, 'degree': 6, 'a': -1, 'q': 0.4}",10,10,bayesian
australian,custom_alsalam,5,0.8014492753623189,0.047650093399343764,0.801204118427423,0.04772909078730114,0.5072463768115941,0.008019259000314801,0.027540379855781793,0.0011652041012655753,3.6488197003491223,47,"{'C': 85.67920399582866, 'degree': 5, 'a': -1, 'q': 0.55}",10,10,bayesian
australian,custom_alsalam,6,0.8347826086956521,0.029130074264118525,0.8341255137794323,0.028936758337455248,0.5446054750402576,0.010381166802760826,0.025848340010270476,0.0005800242508322247,4.048798800446093,48,"{'C': 54.52338114221105, 'degree': 4, 'a': -1, 'q': 0.59}",10,10,bayesian
australian,custom_alsalam,7,0.846376811594203,0.033802619680262595,0.8453830524934322,0.034633692743269426,0.5508856682769726,0.010932305360704478,0.026364689925685525,0.0013520717786390355,3.6634698999114335,49,"{'C': 70.76117850962414, 'degree': 6, 'a': -1, 'q': 0.61}",10,10,bayesian
australian,custom_alsalam,8,0.817391304347826,0.04901894065300801,0.8165506900429798,0.04919438276159811,0.5318840579710143,0.012137263888058794,0.029461729992181062,0.0012002309553110488,3.7450768002308905,50,"{'C': 52.41082616290873, 'degree': 6, 'a': -1, 'q': 0.5700000000000001}",10,10,bayesian
australian,custom_alsalam,9,0.8362318840579711,0.037260754006325905,0.8348775592682005,0.038168796702532516,0.5529790660225442,0.010854943347087104,0.0260247100610286,0.0015929257345609505,3.815909399650991,51,"{'C': 15.76785920720762, 'degree': 3, 'a': -1, 'q': 0.59}",10,10,bayesian
german,linear,0,0.766,0.03136877428271625,0.7570349288720581,0.032199425110115955,0.5443333333333334,0.0044011782934085105,0.03168057003058493,0.0008781576227310932,5.0165992002002895,42,{'C': 5.809303133207778},10,10,bayesian
german,linear,1,0.774,0.0290516780926679,0.763488650036795,0.029068287656100353,0.6114444444444445,0.008195903824848881,0.043779969913885,0.0022559385887141897,5.004528499674052,43,{'C': 11.506341584411505},10,10,bayesian
german,linear,2,0.759,0.04276680956068621,0.7494405276309888,0.04194280083116422,0.5973333333333334,0.009977753031397186,0.04167693997733295,0.0007822984116405018,5.373409899882972,44,{'C': 10.480505640882603},10,10,bayesian
german,linear,3,0.768,0.02959729717389751,0.7576461004477861,0.031177300137260517,0.539,0.006449231938191737,0.029024649970233442,0.0006655432105584052,4.859755599871278,45,{'C': 4.853151568643681},10,10,bayesian
german,linear,4,0.7629999999999999,0.055506756345511665,0.7516448486617165,0.057607258985417444,0.538111111111111,0.010932452539047142,0.027008410030975937,0.0006055480657522901,4.915354700293392,46,{'C': 4.287501969778039},10,10,bayesian
german,linear,5,0.752,0.029257477676655614,0.7408580972219276,0.02885950387397953,0.6101111111111112,0.011508987363076597,0.041615469940006734,0.0005336989702355336,5.190855400171131,47,{'C': 11.349733700893058},10,10,bayesian
german,linear,6,0.7729999999999999,0.03769615364994154,0.7623428478275989,0.04238704517764141,0.5346666666666666,0.009399238214469596,0.018005190091207622,0.0004735470197738935,4.739399299956858,48,{'C': 1.7500096028443315},10,10,bayesian
german,linear,7,0.722,0.05723635208501676,0.7185668214101373,0.05814810357903605,0.8402222222222221,0.01417526971894851,0.04503741995431483,0.00026873924841718525,5.296284100040793,49,{'C': 24.70693613434948},10,10,bayesian
german,linear,8,0.724,0.04363484845854286,0.7185909826682841,0.0402607731658947,0.8455555555555556,0.009081251885201135,0.04489410002715886,0.0004035950853514626,5.273557600099593,50,{'C': 25.548136901797378},10,10,bayesian
german,linear,9,0.766,0.04630334761116091,0.7562368523214527,0.04640725179719907,0.5383333333333333,0.008407081083567542,0.027922690007835628,0.0006708311874661318,4.9046069998294115,51,{'C': 4.472173508112401},10,10,bayesian
german,poly,0,0.771,0.03858756276314951,0.7635034444111782,0.03969379841584194,0.5086666666666667,0.007265681210787463,0.02333794003352523,0.00053576985954375,4.285091499798,42,"{'C': 18.341267580833527, 'degree': 2, 'gamma': 2.106451407284698}",10,10,bayesian
german,poly,1,0.767,0.03769615364994154,0.7557322933266365,0.0406016425114235,0.5341111111111111,0.007303812635353248,0.015125270001590252,0.0003351881819251324,5.1176674999296665,43,"{'C': 25.44285816486207, 'degree': 1, 'gamma': 3.468678178582751}",10,10,bayesian
german,poly,2,0.76,0.044497190922573975,0.7494461277844431,0.04499436282854118,0.5332222222222224,0.007293663747678372,0.018083659978583456,0.00023580447965168842,5.164519600104541,44,"{'C': 42.76572445463983, 'degree': 1, 'gamma': 0.8838158075525571}",10,10,bayesian
german,poly,3,0.766,0.030397368307141355,0.753253103121299,0.032406550562143414,0.5452222222222223,0.00397678448181628,0.009213839983567595,0.00018138667871338667,4.74010380031541,45,"{'C': 4.853151568643681, 'degree': 1, 'gamma': 0.4776161161246224}",10,10,bayesian
german,poly,4,0.7619999999999999,0.056178287620752554,0.7508743952156361,0.058019311202230486,0.5344444444444444,0.012039031173850252,0.016498719993978738,0.00067572633845828,4.595567500218749,46,"{'C': 32.367259024240155, 'degree': 1, 'gamma': 3.211524249181703}",10,10,bayesian
german,poly,5,0.752,0.03310589071449373,0.7457414667297768,0.035736269051232304,0.502,0.005811865258054229,0.025796239916235208,0.0012874831329980083,4.886162200011313,47,"{'C': 24.665691528082416, 'degree': 2, 'gamma': 0.11129523917292246}",10,10,bayesian
german,poly,6,0.773,0.03950949253027684,0.7582999413599186,0.04353350958777397,0.5511111111111112,0.007166451331820947,0.009156850026920437,0.00018858396949951307,5.1290378998965025,48,"{'C': 3.711994388168878, 'degree': 1, 'gamma': 0.8660498050857349}",10,10,bayesian
german,poly,7,0.7510000000000001,0.04300000000000002,0.7436312366757902,0.04520071091421756,0.5005555555555555,0.007490735018081396,0.0252384499181062,0.00040507936823470686,4.94488409999758,49,"{'C': 25.193648320991734, 'degree': 2, 'gamma': 0.3186272691803812}",10,10,bayesian
german,poly,8,0.7660000000000001,0.03136877428271627,0.7556168864173953,0.03198290895749985,0.5344444444444444,0.005794846582402356,0.02216870994307101,0.0006756606208629336,4.831534900236875,50,"{'C': 66.83408854009923, 'degree': 1, 'gamma': 1.3187439458760737}",10,10,bayesian
german,poly,9,0.772,0.036276714294434124,0.7618208777100325,0.034006796012926464,0.5354444444444445,0.0075759528594359,0.01241693999618292,0.0002842577489869773,4.145106500014663,51,"{'C': 4.77353057385992, 'degree': 2, 'gamma': 1.1798663823605715}",10,10,bayesian
german,rbf,0,0.712,0.024819347291981722,0.6567110408454846,0.03371668297038785,0.9636666666666667,0.0032979604621457543,0.0191221899818629,0.0003574723879203164,2.5560845001600683,42,"{'C': 18.183314895742853, 'gamma': 0.7463773439472754}",10,10,bayesian
german,rbf,1,0.7100000000000001,0.04195235392680607,0.6989539800621765,0.04277720756534661,0.7589999999999999,0.003529417816504134,0.020944959996268154,0.00045539022749526136,2.5790442996658385,43,"{'C': 25.44285816486207, 'gamma': 0.24227591946943294}",10,10,bayesian
german,rbf,2,0.7230000000000001,0.028301943396169815,0.6927863837793594,0.0285426834605599,0.8772222222222222,0.008975274678557521,0.019408419961109757,0.00030055554736601903,2.5329940002411604,44,"{'C': 83.48438002441628, 'gamma': 0.43317197834869975}",10,10,bayesian
german,rbf,3,0.7110000000000001,0.04867237409455183,0.6926170045871387,0.052298521236386286,0.8253333333333333,0.0069708387294925055,0.019764260016381742,0.000312969517769337,2.528784400317818,45,"{'C': 28.14544874820433, 'gamma': 0.3235756148467037}",10,10,bayesian
german,rbf,4,0.711,0.022113344387495962,0.6251762807552256,0.03576752745658109,0.9924444444444445,0.0014740554623801521,0.018489409936591983,0.0006115627157264368,2.5523191997781396,46,"{'C': 86.70827247968342, 'gamma': 1.3052310290573594}",10,10,bayesian
german,rbf,5,0.7070000000000001,0.023685438564654014,0.6233447408490438,0.027827813556356537,0.9930000000000001,0.0009999999999999885,0.018191710114479065,0.0003119679343843165,2.570610100403428,47,"{'C': 64.08592692536476, 'gamma': 1.2994222930893302}",10,10,bayesian
german,rbf,6,0.7140000000000001,0.01685229954635273,0.6341574816890441,0.030074661121602207,0.9904444444444446,0.0021198648920376486,0.01801004004664719,0.00022059161082240656,2.4797118003480136,48,"{'C': 28.48683188622436, 'gamma': 1.2068590039380354}",10,10,bayesian
german,rbf,7,0.7110000000000001,0.022113344387495983,0.6480950201571438,0.03340618012647249,0.9738888888888889,0.0020637972912229616,0.018736169999465348,0.0003795155649668696,2.54043099982664,49,"{'C': 54.697041058422926, 'gamma': 0.8540324715097701}",10,10,bayesian
german,rbf,8,0.715,0.010246950765959608,0.633678610274401,0.017600749302317552,0.9918888888888888,0.002224998266055637,0.018162919953465462,0.0004214318433147002,2.510404400061816,50,"{'C': 76.05390826420042, 'gamma': 1.25081849866812}",10,10,bayesian
german,rbf,9,0.721,0.05393514624064719,0.7089867194080524,0.0552942247786108,0.7652222222222222,0.00963596657589948,0.020892780041322112,0.00043468807945263243,2.578699799720198,51,"{'C': 44.54160488284843, 'gamma': 0.25578242867619827}",10,10,bayesian
german,custom_hermite,0,0.7,0.0,0.5764705882352941,0.0,0.6165555555555555,0.004170738750916304,0.1998638699296862,0.014013273607938352,23.17250349977985,42,"{'C': 37.454637344617396, 'degree': 6}",10,10,bayesian
german,custom_hermite,1,0.7,0.0,0.5764705882352941,0.0,0.5999999999999999,1.1102230246251565e-16,0.19691764996387065,0.010868962647618096,23.22349370038137,43,"{'C': 11.506341584411505, 'degree': 4}",10,10,bayesian
german,custom_hermite,2,0.7,0.0,0.5764705882352941,0.0,0.5999999999999999,1.1102230246251565e-16,0.19467242998071016,0.01121295603112506,23.053349600173533,44,"{'C': 83.48438002441628, 'degree': 1}",10,10,bayesian
german,custom_hermite,3,0.7,0.0,0.5764705882352941,0.0,0.6035555555555556,0.0015555555555555466,0.1971076799556613,0.012366240890332015,23.074171600397676,45,"{'C': 98.90116233604654, 'degree': 4}",10,10,bayesian
german,custom_hermite,4,0.7,0.0,0.5764705882352941,0.0,0.6031111111111113,0.0009686442096757064,0.20089739998802542,0.012875117010288298,23.423731100279838,46,"{'C': 78.38345124822426, 'degree': 4}",10,10,bayesian
german,custom_hermite,5,0.7,0.0,0.5764705882352941,0.0,0.6024444444444444,0.000666666666666682,0.20697732004337013,0.012206542100548204,23.200232099741697,47,"{'C': 11.349733700893058, 'degree': 6}",10,10,bayesian
german,custom_hermite,6,0.7,0.0,0.5764705882352941,0.0,0.5999999999999999,1.1102230246251565e-16,0.20060938000679016,0.011917765773735019,23.306717099621892,48,"{'C': 1.7500096028443315, 'degree': 6}",10,10,bayesian
german,custom_hermite,7,0.7,0.0,0.5764705882352941,0.0,0.5999999999999999,1.1102230246251565e-16,0.19673898997716605,0.014463848256954395,23.089710499625653,49,"{'C': 30.0971446211356, 'degree': 2}",10,10,bayesian
german,custom_hermite,8,0.7,0.0,0.5764705882352941,0.0,0.5999999999999999,1.1102230246251565e-16,0.19823808996006848,0.010805177581484436,23.193427000194788,50,"{'C': 49.4606699521566, 'degree': 2}",10,10,bayesian
german,custom_hermite,9,0.7,0.0,0.5764705882352941,0.0,0.5999999999999999,1.1102230246251565e-16,0.1953801401425153,0.01225365874152717,22.765133100096136,51,"{'C': 67.57346581893972, 'degree': 1}",10,10,bayesian
german,custom_gegen,0,0.732,0.04019950248448358,0.7288289313374469,0.04074571188460387,0.5612222222222223,0.007208534037026036,0.32721366998739543,0.014024940563615737,52.652703300118446,42,"{'C': 45.607542351719374, 'degree': 5, 'alpha': -0.09264917350486412}",10,10,bayesian
german,custom_gegen,1,0.768,0.03515679166249392,0.7557290852482522,0.03633179754900298,0.542,0.008131633094903105,0.30568008003756403,0.013183528904420141,52.1248294999823,43,"{'C': 89.70996089957345, 'degree': 2, 'alpha': 0.031986596966799064}",10,10,bayesian
german,custom_gegen,2,0.759,0.04570557952810577,0.746256239727275,0.04982955678756282,0.5442222222222223,0.007299585646958591,0.30756634012795986,0.01673688868766433,58.01605480024591,44,"{'C': 42.76572445463983, 'degree': 1, 'alpha': -0.05638125000041694}",10,10,bayesian
german,custom_gegen,3,0.763,0.02410394158638792,0.7467246194040501,0.02695489521347034,0.5692222222222222,0.004555555555555565,0.30593364010564983,0.01562206090806459,52.37218349985778,45,"{'C': 7.455003975369499, 'degree': 6, 'alpha': -0.04245679680117881}",10,10,bayesian
german,custom_gegen,4,0.721,0.03618010503025109,0.6950599913724084,0.04304065914890924,0.8886666666666667,0.0057905840981312675,0.3096867599990219,0.011236980569041835,49.132232800126076,46,"{'C': 26.24225722762328, 'degree': 6, 'alpha': 0.29633924272509005}",10,10,bayesian
german,custom_gegen,5,0.7020000000000001,0.028565713714171388,0.678741843517266,0.03302429030908873,0.8493333333333334,0.006210306049992055,0.3113023199606687,0.014131088208999252,58.49655060004443,47,"{'C': 24.665691528082416, 'degree': 2, 'alpha': -0.4422174052507317}",10,10,bayesian
german,custom_gegen,6,0.759,0.038327535793473616,0.7454460658490996,0.04052957290582089,0.5794444444444443,0.008392383378125201,0.30442274999804797,0.015531708304773663,42.73150059999898,48,"{'C': 1.7500096028443315, 'degree': 6, 'alpha': 0.0768737232730975}",10,10,bayesian
german,custom_gegen,7,0.709,0.02844292530665579,0.68830403194648,0.037867619677186846,0.8354444444444444,0.004593339246354306,0.3186669800430536,0.01763921166447817,61.43479900015518,49,"{'C': 22.91459130306838, 'degree': 6, 'alpha': -0.37275251226410955}",10,10,bayesian
german,custom_gegen,8,0.769,0.027000000000000024,0.7539797637364938,0.02701155934348721,0.5645555555555555,0.004200235149207963,0.3016608901321888,0.01509477585473417,58.28545150021091,50,"{'C': 49.4606699521566, 'degree': 2, 'alpha': 0.01839310827685059}",10,10,bayesian
german,custom_gegen,9,0.762,0.04044749683231336,0.7506227272546085,0.038279257626723545,0.5622222222222222,0.007568616162633956,0.3041869100183249,0.01308214962415258,52.19260920025408,51,"{'C': 4.77353057385992, 'degree': 2, 'alpha': 0.09148149983310738}",10,10,bayesian
german,custom_alsalam,0,0.719,0.020712315177207997,0.658218150450037,0.034093898414209664,0.9722222222222221,0.0024845199749997673,0.09833064996637404,0.0036966417221544275,11.599999899975955,42,"{'C': 45.607542351719374, 'degree': 5, 'a': -1, 'q': 0.2}",10,10,bayesian
german,custom_alsalam,1,0.7150000000000001,0.01688194301613415,0.6565412422422543,0.02427223290227515,0.9716666666666669,0.002236067977499786,0.09525095005519688,0.0032067250236901537,11.341267700307071,43,"{'C': 22.103678559441246, 'degree': 3, 'a': -1, 'q': 0.32}",10,10,bayesian
german,custom_alsalam,2,0.718,0.01536229149573723,0.6583797492382433,0.0230824415385426,0.9655555555555555,0.004581228472908518,0.0966874599456787,0.0032198413788295435,11.332801300100982,44,"{'C': 39.37856132927404, 'degree': 3, 'a': -1, 'q': 0.51}",10,10,bayesian
german,custom_alsalam,3,0.71,0.038987177379235856,0.6603925602587608,0.0489285826640175,0.9451111111111112,0.0031111111111111144,0.0963321499992162,0.003362676162191829,11.535640300251544,45,"{'C': 44.05364834656567, 'degree': 2, 'a': -1, 'q': 0.51}",10,10,bayesian
german,custom_alsalam,4,0.711,0.02022374841615666,0.6478412784829518,0.0294916865272885,0.9681111111111111,0.003550343401926784,0.0960077500436455,0.0033961388671154844,11.377091499976814,46,"{'C': 45.50093688875895, 'degree': 4, 'a': -1, 'q': 0.09}",10,10,bayesian
german,custom_alsalam,5,0.709,0.03014962686336267,0.6485625684023493,0.034277025698421996,0.9706666666666667,0.0025434495871688003,0.0981778500135988,0.003982075509370817,11.407414099667221,47,"{'C': 93.52364450917413, 'degree': 4, 'a': -1, 'q': 0.18000000000000002}",10,10,bayesian
german,custom_alsalam,6,0.715,0.02459674775249769,0.6585839131708731,0.03059484739810758,0.9681111111111111,0.0034084137000395765,0.09677225006744265,0.004048912474514243,11.706552799791098,48,"{'C': 18.713590155279643, 'degree': 3, 'a': -1, 'q': 0.14}",10,10,bayesian
german,custom_alsalam,7,0.714,0.02107130750570548,0.6423437581591481,0.03565765105237534,0.9594444444444445,0.003152502435358045,0.09506384995765985,0.00266551617195719,11.376009600237012,49,"{'C': 89.16045222433813, 'degree': 5, 'a': -1, 'q': 0.5700000000000001}",10,10,bayesian
german,custom_alsalam,8,0.717,0.030675723300355933,0.6659622903579111,0.03975224499301818,0.9467777777777778,0.0037989602216175248,0.09736665999516844,0.0053506667165313885,11.59640539996326,50,"{'C': 49.4606699521566, 'degree': 2, 'a': -1, 'q': 0.26}",10,10,bayesian
german,custom_alsalam,9,0.7190000000000001,0.028792360097775947,0.6595986799863139,0.03742814819099763,0.9725555555555555,0.0027688746209727005,0.09667657013051212,0.004445027962126166,11.308013599831611,51,"{'C': 86.94918649987437, 'degree': 3, 'a': -1, 'q': 0.31}",10,10,bayesian
heart,linear,0,0.837037037037037,0.05785370130301225,0.8355736171471199,0.05830651010871291,0.39753086419753086,0.015959439859806843,0.009187329886481166,0.0005029616721736384,0.9591552000492811,42,{'C': 95.07147992668521},10,10,bayesian
heart,linear,1,0.8296296296296296,0.08795808953361421,0.8273470057660874,0.08931548339091859,0.3806584362139918,0.0156432739166652,0.007594130001962185,0.00033508760553595186,0.8798604998737574,43,{'C': 60.907044861408856},10,10,bayesian
heart,linear,2,0.8444444444444444,0.03628873693012115,0.8433470570375103,0.035708300220714785,0.39218106995884777,0.013900696093872043,0.008692719973623753,0.0004113788416883639,0.9879592997021973,44,{'C': 83.48438002441628},10,10,bayesian
heart,linear,3,0.837037037037037,0.06869347033700521,0.8355929903547269,0.0696397794381647,0.4061728395061729,0.015943514920008662,0.009601160045713186,0.0006292166036380598,0.8761587999761105,45,{'C': 98.90116233604654},10,10,bayesian
heart,linear,4,0.8481481481481481,0.07304845527154083,0.8473708460786131,0.07322562006264,0.36502057613168726,0.01697250257391052,0.0026408601086586716,0.00038536734596078694,0.9171530003659427,46,{'C': 4.287501969778039},10,10,bayesian
heart,linear,5,0.8333333333333333,0.06879324304076559,0.8321857529306108,0.06940957846002604,0.36213991769547327,0.016460905349794233,0.0040122299455106255,0.00022606646550689624,0.9488582001067698,47,{'C': 11.349733700893058},10,10,bayesian
heart,linear,6,0.8333333333333334,0.06252571487457086,0.8310242918180482,0.0642535002522519,0.397119341563786,0.019671470621756577,0.008808230003342032,0.00046119312096807035,0.9263967997394502,48,{'C': 89.15743514475867},10,10,bayesian
heart,linear,7,0.8333333333333334,0.07075915990571408,0.8315967685548976,0.0731028253413482,0.3777777777777777,0.017824203973421993,0.0077840599697083235,0.000278680277996428,0.998072599992156,49,{'C': 68.32799272073872},10,10,bayesian
heart,linear,8,0.837037037037037,0.07257747386024231,0.8349832927932045,0.07364887296435639,0.3691358024691358,0.016771756273510144,0.006169210001826286,0.00022143793831052016,0.9336186000145972,50,{'C': 37.73213245401471},10,10,bayesian
heart,linear,9,0.8444444444444444,0.08080527492322752,0.8435214060652351,0.08080488514407962,0.36995884773662546,0.02053081429344267,0.005474689928814769,0.00038510037530871963,0.8881407999433577,51,{'C': 28.42201566103021},10,10,bayesian
heart,poly,0,0.8333333333333334,0.06676946806414795,0.831333855987698,0.06790170075220206,0.36131687242798355,0.014350284587788236,0.002772439969703555,0.0005547624923452355,0.5735202999785542,42,"{'C': 59.86624976121946, 'degree': 1, 'gamma': 0.6371656669645575}",10,10,bayesian
heart,poly,1,0.825925925925926,0.10482201257840672,0.8241837355851415,0.10563665465382091,0.3716049382716049,0.01913027045130775,0.0018070699647068978,0.00026547193569045283,0.639951900113374,43,"{'C': 25.44285816486207, 'degree': 1, 'gamma': 3.468678178582751}",10,10,bayesian
heart,poly,2,0.837037037037037,0.02962962962962963,0.835573207505185,0.02971137932202788,0.3658436213991769,0.008912101986710995,0.0023738099727779625,0.0003246376506649582,0.6280030002817512,44,"{'C': 42.76572445463983, 'degree': 1, 'gamma': 0.8838158075525571}",10,10,bayesian
heart,poly,3,0.8407407407407407,0.0498282372113841,0.8390727037575795,0.05140274394952354,0.4008230452674898,0.013673454918383673,0.0012925300281494856,4.512559862044485e-05,0.5831484999507666,45,"{'C': 4.853151568643681, 'degree': 1, 'gamma': 0.4776161161246224}",10,10,bayesian
heart,poly,4,0.8481481481481481,0.07304845527154083,0.8473708460786131,0.07322562006264,0.36790123456790125,0.019319661883630452,0.0021395499818027018,0.0004747338360017719,0.6004536002874374,46,"{'C': 32.367259024240155, 'degree': 1, 'gamma': 3.211524249181703}",10,10,bayesian
heart,poly,5,0.7925925925925925,0.0624159242457508,0.7924128904301317,0.062146288475967225,0.36543209876543215,0.016022981344799826,0.005091890087351203,0.00037832932874392634,0.6237637000158429,47,"{'C': 64.55653988897474, 'degree': 3, 'gamma': 2.828717310540896}",10,10,bayesian
heart,poly,6,0.837037037037037,0.062415924245750806,0.8348404063063588,0.06407433394357438,0.4049382716049382,0.01367345491838366,0.0012467400636523962,6.133033568775396e-05,0.631231099832803,48,"{'C': 3.711994388168878, 'degree': 1, 'gamma': 0.8660498050857349}",10,10,bayesian
heart,poly,7,0.8,0.07626392697027407,0.7977889264424106,0.07748748483733012,0.3823045267489712,0.013071917838904193,0.0026838799938559534,0.00037730413923367767,0.6249392000027001,49,"{'C': 25.193648320991734, 'degree': 2, 'gamma': 0.3186272691803812}",10,10,bayesian
heart,poly,8,0.837037037037037,0.062415924245750806,0.8349627115226232,0.06323092476370866,0.36090534979423866,0.015292925247787692,0.0028063299600034953,0.00046942368132294333,0.6137533998116851,50,"{'C': 66.83408854009923, 'degree': 1, 'gamma': 1.3187439458760737}",10,10,bayesian
heart,poly,9,0.8444444444444444,0.07908946853356529,0.843146952587696,0.07933477217939744,0.36502057613168726,0.017071990545425134,0.0021773299667984247,0.0003187900936410767,0.5929609001614153,51,"{'C': 44.54160488284843, 'degree': 1, 'gamma': 3.0223873424901875}",10,10,bayesian
heart,rbf,0,0.7814814814814814,0.1,0.7793531336076709,0.09968596116130891,0.7242798353909465,0.013142978948700675,0.0020500801037997007,0.00021723278268558722,0.42588779982179403,42,"{'C': 15.602708025603208, 'gamma': 0.6371656669645575}",10,10,bayesian
heart,rbf,1,0.788888888888889,0.10740740740740741,0.7831860995699739,0.11639099662179347,0.5193415637860082,0.01559448174608758,0.0020113599486649035,5.859840741414173e-05,0.42418630002066493,43,"{'C': 25.44285816486207, 'gamma': 0.24227591946943294}",10,10,bayesian
heart,rbf,2,0.7925925925925925,0.06457628064504703,0.7919917148802987,0.06481132308212625,0.6489711934156379,0.00902539596685651,0.0019429800566285848,7.010957838204605e-05,0.4301893999800086,44,"{'C': 42.76572445463983, 'gamma': 0.46770693414988207}",10,10,bayesian
heart,rbf,3,0.7925925925925925,0.05785370130301225,0.7902904697386546,0.06249645637126832,0.5728395061728394,0.0133729027236806,0.0020312101114541292,7.535739649196303e-05,0.4252193998545408,45,"{'C': 28.14544874820433, 'gamma': 0.3235756148467037}",10,10,bayesian
heart,rbf,4,0.8074074074074075,0.06789001029564208,0.805592550288121,0.06864763408223173,0.5876543209876542,0.022298299891595156,0.0021005900111049415,0.00021283597505863255,0.42634639982134104,46,"{'C': 50.79392613603845, 'gamma': 0.3539301323851334}",10,10,bayesian
heart,rbf,5,0.8185185185185185,0.06510516974535906,0.8178790184145894,0.06532323496507184,0.4440329218106996,0.02101990582571545,0.002097230078652501,9.972961344646457e-05,0.4274252001196146,47,"{'C': 25.599987137364938, 'gamma': 0.11129523917292246}",10,10,bayesian
heart,rbf,6,0.7851851851851851,0.05689737591013783,0.7834865169186396,0.05814598411306532,0.708230452674897,0.014070223043027769,0.0019790798425674437,0.0001894248282932904,0.4228616999462247,48,"{'C': 11.232090227245585, 'gamma': 0.5809964763486839}",10,10,bayesian
heart,rbf,7,0.7851851851851851,0.1018350154434631,0.7806445022733796,0.10486182527313101,0.5152263374485596,0.015153870485203254,0.002075969986617565,0.00010250687588568703,0.4256154000759125,49,"{'C': 96.21679197288353, 'gamma': 0.2503777431897933}",10,10,bayesian
heart,rbf,8,0.7444444444444445,0.07848007444598923,0.7413130508331905,0.0780697681983637,0.8115226337448561,0.012454934938618559,0.001917279977351427,0.00014069157243869144,0.4217845001257956,50,"{'C': 49.4606699521566, 'gamma': 0.9243936192903239}",10,10,bayesian
heart,rbf,9,0.8,0.09102374612921858,0.7995823838028275,0.09041088804579347,0.47818930041152263,0.01884036731236148,0.0021709400694817304,0.00021860903377908666,0.4302322003059089,51,"{'C': 41.02538836217453, 'gamma': 0.20578241662639743}",10,10,bayesian
heart,custom_hermite,0,0.8037037037037036,0.06208538746014891,0.7938508008305387,0.06933065413826418,0.6662551440329219,0.011111111111111113,0.005695670004934072,0.00034109737209394084,0.8247702997177839,42,"{'C': 73.1996621871987, 'degree': 4}",10,10,bayesian
heart,custom_hermite,1,0.7888888888888889,0.08927385772736257,0.772330254435751,0.10295415633166277,0.6720164609053498,0.01726924712621998,0.0054961299989372495,0.0004492158359750471,0.817465600091964,43,"{'C': 66.60935521958947, 'degree': 4}",10,10,bayesian
heart,custom_hermite,2,0.8333333333333334,0.029860213882587222,0.8282084623302127,0.03410039574299736,0.6189300411522634,0.013296703227492587,0.005745449988171458,0.0004739064850257894,0.776469400152564,44,"{'C': 94.3351286897191, 'degree': 6}",10,10,bayesian
heart,custom_hermite,3,0.8148148148148147,0.054934803608116034,0.8082602990691227,0.05913173252124659,0.6370370370370371,0.012454934938618574,0.0054722398985177275,0.00014704741003911695,0.7751742997206748,45,"{'C': 97.60035557843834, 'degree': 5}",10,10,bayesian
heart,custom_hermite,4,0.7962962962962963,0.06029192813370262,0.7863946606464667,0.06497607090694883,0.6641975308641975,0.01627466661175736,0.005398220056667924,0.00033848445074265566,0.8175661000423133,46,"{'C': 78.38345124822426, 'degree': 4}",10,10,bayesian
heart,custom_hermite,5,0.8074074074074075,0.0808052749232275,0.7980529436198787,0.08877641092417413,0.6609053497942387,0.011812921888401117,0.005423349980264902,0.0003340873069896646,0.7449634000658989,47,"{'C': 70.76080622076984, 'degree': 5}",10,10,bayesian
heart,custom_hermite,6,0.788888888888889,0.05983516452371671,0.7784680090347503,0.06183223728550076,0.6691358024691357,0.011224840902869009,0.0034254100639373062,6.878918092808765e-05,0.7308160001412034,48,"{'C': 86.47117395863914, 'degree': 3}",10,10,bayesian
heart,custom_hermite,7,0.8185185185185185,0.07114582486036498,0.812069750300382,0.0762230191376086,0.6201646090534978,0.01327758502461044,0.005660980055108666,0.00023134321242013648,0.7710688002407551,49,"{'C': 92.6335871707825, 'degree': 6}",10,10,bayesian
heart,custom_hermite,8,0.7962962962962964,0.07635380788180851,0.7878968677752124,0.08212255536939538,0.6502057613168726,0.013398206251933905,0.005456010019406677,0.0002926318829923691,0.8038176000118256,50,"{'C': 90.91793462081102, 'degree': 4}",10,10,bayesian
heart,custom_hermite,9,0.762962962962963,0.06869347033700521,0.7449965079067247,0.0773283222975874,0.7049382716049382,0.012889267294951292,0.005623530084267259,0.00017995320025436087,0.7043918999843299,51,"{'C': 28.42201566103021, 'degree': 6}",10,10,bayesian
heart,custom_gegen,0,0.8148148148148147,0.09072184232530289,0.8131603113742129,0.09187308270959947,0.4012345679012346,0.019324044249998187,0.008176239952445031,0.0007615695761064498,1.768596800044179,42,"{'C': 45.607542351719374, 'degree': 5, 'alpha': -0.09264917350486412}",10,10,bayesian
heart,custom_gegen,1,0.8407407407407408,0.08614595073787414,0.8381932737733729,0.08782367301432918,0.38436213991769547,0.016685707763550044,0.004820330021902919,0.0001933906643953211,1.7252239999361336,43,"{'C': 89.70996089957345, 'degree': 2, 'alpha': 0.031986596966799064}",10,10,bayesian
heart,custom_gegen,2,0.837037037037037,0.033945005147821034,0.8359476609827242,0.033524043282049235,0.39670781893004115,0.009598274724025184,0.004729390004649758,0.0003756498179232403,2.039629700127989,44,"{'C': 42.76572445463983, 'degree': 1, 'alpha': -0.05638125000041694}",10,10,bayesian
heart,custom_gegen,3,0.8518518518518517,0.04057204129667897,0.8502617178596614,0.042315330761343355,0.4625514403292181,0.007632607815222805,0.008288120059296489,0.0005701894416115342,1.811768100131303,45,"{'C': 7.455003975369499, 'degree': 6, 'alpha': -0.04245679680117881}",10,10,bayesian
heart,custom_gegen,4,0.8481481481481481,0.07848007444598921,0.8469243150106669,0.07992228183831368,0.6353909465020576,0.011522633744855978,0.007031799899414182,0.0005495657903356264,1.6122937998734415,46,"{'C': 78.38345124822426, 'degree': 4, 'alpha': 0.00559575211634028}",10,10,bayesian
heart,custom_gegen,5,0.788888888888889,0.06635730691544042,0.7884094216766631,0.06669287745800384,0.6053497942386831,0.010483735969429616,0.00528268008492887,0.00026419268803148216,2.047293500043452,47,"{'C': 24.665691528082416, 'degree': 2, 'alpha': -0.4422174052507317}",10,10,bayesian
heart,custom_gegen,6,0.8444444444444444,0.06988134171893781,0.8418583883243409,0.07165599514721789,0.46995884773662555,0.014700058518100223,0.007922509964555503,0.0005910916867330413,1.3258898998610675,48,"{'C': 1.7500096028443315, 'degree': 6, 'alpha': 0.0768737232730975}",10,10,bayesian
heart,custom_gegen,7,0.7666666666666667,0.09665176556073993,0.7645604412749958,0.09765479164562536,0.5781893004115226,0.010288065843621403,0.008112560026347637,0.0006726367155450007,2.274552400223911,49,"{'C': 22.91459130306838, 'degree': 6, 'alpha': -0.37275251226410955}",10,10,bayesian
heart,custom_gegen,8,0.8481481481481483,0.07671227843410361,0.8462290577407217,0.07791359123611223,0.44979423868312757,0.012623754444590927,0.004619979951530695,0.0002154613202578281,2.00233820034191,50,"{'C': 49.4606699521566, 'degree': 2, 'alpha': 0.01839310827685059}",10,10,bayesian
heart,custom_gegen,9,0.8555555555555555,0.09721781295116066,0.85443588723428,0.09699318031701307,0.4234567901234568,0.02472220295617381,0.0047144399024546145,0.00019618434504459223,1.6910822000354528,51,"{'C': 4.77353057385992, 'degree': 2, 'alpha': 0.09148149983310738}",10,10,bayesian
heart,custom_alsalam,0,0.774074074074074,0.10791705395802566,0.7709195143943502,0.10693107758423072,0.7074074074074074,0.010483735969429623,0.002802079962566495,7.199038959674837e-05,0.6737421997822821,42,"{'C': 18.341267580833527, 'degree': 2, 'a': -1, 'q': 0.52}",10,10,bayesian
heart,custom_alsalam,1,0.7962962962962962,0.11623966538129787,0.7892084982586252,0.1304844619533911,0.7769547325102881,0.014814814814814812,0.0029429999645799398,5.04995835678554e-05,0.6719370000064373,43,"{'C': 22.103678559441246, 'degree': 3, 'a': -1, 'q': 0.32}",10,10,bayesian
heart,custom_alsalam,2,0.7814814814814814,0.05354382331407763,0.7797473378284752,0.05333559048316553,0.7580246913580246,0.009703560594692679,0.003011429915204644,9.070149644140766e-05,0.6738952999003232,44,"{'C': 39.37856132927404, 'degree': 3, 'a': -1, 'q': 0.51}",10,10,bayesian
heart,custom_alsalam,3,0.8074074074074075,0.05689737591013783,0.8049378000328995,0.06194826801791409,0.7617283950617284,0.00928437380467364,0.003025589883327484,9.556548008089017e-05,0.7011199998669326,45,"{'C': 7.729879318351191, 'degree': 3, 'a': -1, 'q': 0.47000000000000003}",10,10,bayesian
heart,custom_alsalam,4,0.8111111111111111,0.034940670859468885,0.8092192145612644,0.03474271193106602,0.7213991769547324,0.016872427983539082,0.002820510044693947,9.632565042438842e-05,0.6966706002131104,46,"{'C': 30.75461872064403, 'degree': 2, 'a': -1, 'q': 0.49}",10,10,bayesian
heart,custom_alsalam,5,0.7851851851851852,0.07733560376970776,0.7835323141099003,0.0775617403961996,0.751440329218107,0.005877718871228677,0.00501348995603621,0.00029060718682560476,0.7280896999873221,47,"{'C': 85.67920399582866, 'degree': 5, 'a': -1, 'q': 0.55}",10,10,bayesian
heart,custom_alsalam,6,0.7925925925925925,0.060178062256562664,0.7911472286998233,0.060945070625682926,0.7748971193415637,0.013149420007136163,0.0030824200715869666,0.00011504155285847631,0.7217373996973038,48,"{'C': 57.49878373151376, 'degree': 3, 'a': -1, 'q': 0.38}",10,10,bayesian
heart,custom_alsalam,7,0.788888888888889,0.07777777777777778,0.7797071444393242,0.08274278085702765,0.7604938271604937,0.009527437780074265,0.0050333199556916956,0.00027478837875317876,0.738147699739784,49,"{'C': 70.76117850962414, 'degree': 6, 'a': -1, 'q': 0.61}",10,10,bayesian
heart,custom_alsalam,8,0.7777777777777778,0.10343881513902921,0.775642902703973,0.10427044240968163,0.7790123456790122,0.0112021873158981,0.003057870175689459,0.00010848358607331217,0.6763900998048484,50,"{'C': 31.001624859184517, 'degree': 3, 'a': -1, 'q': 0.35000000000000003}",10,10,bayesian
heart,custom_alsalam,9,0.8074074074074075,0.09340385342902587,0.799700273224393,0.09739519114175221,0.7617283950617285,0.012407253853235652,0.002908500051125884,0.00010723430995545212,0.6207417002879083,51,"{'C': 15.76785920720762, 'degree': 3, 'a': -1, 'q': 0.59}",10,10,bayesian
fourclass,linear,0,0.7737636995455761,0.04266058293816006,0.7630084624881519,0.04467612808184297,0.5274552710342534,0.00877424131934627,0.01940878010354936,0.0006556400450231022,1.9001958002336323,42,{'C': 95.07147992668521},10,10,bayesian
fourclass,linear,1,0.770315423683507,0.031828666057201915,0.7596450056785411,0.0362335119249776,0.5262953109411375,0.008099265299742824,0.008377049956470728,0.0005212988641331002,1.675156299956143,43,{'C': 11.506341584411505},10,10,bayesian
fourclass,linear,2,0.7751002405773857,0.04833990288616358,0.7632829919603299,0.05133520372537912,0.5262918190887927,0.01071900253264612,0.017374369921162723,0.0008469772218000553,1.8935247999615967,44,{'C': 74.46430352747011},10,10,bayesian
fourclass,linear,3,0.7667869553595296,0.034791703409267266,0.7550582722601984,0.03758720401704648,0.526940638510143,0.007685235978336463,0.01694388994947076,0.0007561700408521583,1.6852996000088751,45,{'C': 62.73954087875989},10,10,bayesian
fourclass,linear,4,0.7749532210638866,0.03711600194236147,0.7646429902216882,0.03848727555689747,0.5262946458264051,0.007888129817981263,0.016913800034672022,0.0007878364139093261,1.9148486000485718,46,{'C': 63.483735771566955},10,10,bayesian
fourclass,linear,5,0.7714381181502273,0.0442173931678848,0.7614027453259201,0.0470431361070815,0.5265552045227803,0.0071368255451576415,0.017536419862881302,0.0009089014456429145,1.94968429999426,47,{'C': 72.87373461547712},10,10,bayesian
fourclass,linear,6,0.7726142742582197,0.0435943565332766,0.762328498647789,0.04598868259658443,0.52681277020286,0.009009669603754369,0.01844136998988688,0.0013887398972159157,1.8409718996845186,48,{'C': 86.47117395863914},10,10,bayesian
fourclass,linear,7,0.774846297781342,0.036172400912741424,0.7664002399352201,0.037973888908903214,0.5250074825407384,0.007108474582438131,0.01864115004427731,0.0011519971208587606,2.0150661999359727,49,{'C': 89.62311386559638},10,10,bayesian
fourclass,linear,8,0.7713712910986367,0.04651528404793927,0.7592757013868767,0.051369258367073775,0.5239767209843699,0.005757006847864092,0.020176950050517915,0.0015360049119121902,1.9127261997200549,50,{'C': 99.65742644123478},10,10,bayesian
fourclass,linear,9,0.7749799518845228,0.020440882186931294,0.7644167548035055,0.02140083738403065,0.5266815763219157,0.0067262059706428715,0.012916499935090541,0.0009432757523965822,1.7714200001209974,51,{'C': 34.33102395058668},10,10,bayesian
fourclass,poly,0,0.9918738305265972,0.010460737038729951,0.9919218549860951,0.010374506888288185,0.18290788160957766,0.002662036425401398,0.02819321006536484,0.0007038390994468108,2.3641455001197755,42,"{'C': 37.454637344617396, 'degree': 6, 'gamma': 2.9321633619048173}",10,10,bayesian
fourclass,poly,1,0.9767709168671477,0.012737986325268442,0.976943027745006,0.012590494089725549,0.30252610575324246,0.004937439736838955,0.0308336999733001,0.0009114547947106232,2.937136000022292,43,"{'C': 44.576390325611044, 'degree': 5, 'gamma': 0.34433613551210357}",10,10,bayesian
fourclass,poly,2,0.9976877840149694,0.004624528539936972,0.9976956234418181,0.004608850744540804,0.12142284669105421,0.002681437599817914,0.02993966992944479,0.000981621828818473,2.84874950023368,44,"{'C': 95.74724943472268, 'degree': 6, 'gamma': 3.5291436202329205}",10,10,bayesian
fourclass,poly,3,0.994199411921946,0.007790371958820023,0.994226348672386,0.007748205541222692,0.14604323245759893,0.003429999334497316,0.02894419990479946,0.0005735892911415228,2.815057899802923,45,"{'C': 62.73954087875989, 'degree': 6, 'gamma': 2.6058768340207172}",10,10,bayesian
fourclass,poly,4,0.9883988238438921,0.013758428946316147,0.9884900866188222,0.013594470204476138,0.21255537080146328,0.004433834276037663,0.02763148001395166,0.0004893597344357542,2.6962518002837896,46,"{'C': 26.24225722762328, 'degree': 6, 'gamma': 1.5900322463481311}",10,10,bayesian
fourclass,poly,5,0.9918871959369152,0.010456338880510545,0.9919348719525873,0.010370179438720768,0.2371750914532757,0.003446759408888836,0.03305365005508065,0.0005766448542748441,2.787324999924749,47,"{'C': 85.67920399582866, 'degree': 5, 'gamma': 2.2190867903095297}",10,10,bayesian
fourclass,poly,6,0.9779203421545042,0.021097781751281915,0.9781245514862864,0.020795846006382516,0.3031706019288327,0.005223473045181944,0.030888929963111877,0.000608380364114715,3.0447054002434015,48,"{'C': 44.49646271214178, 'degree': 5, 'gamma': 1.8488408310945195}",10,10,bayesian
fourclass,poly,7,0.9953622026196204,0.005680236488794358,0.9953782299171439,0.005660606181700601,0.13702111739275025,0.0030564211402366367,0.02955197999253869,0.0006051881584871397,2.8622016003355384,49,"{'C': 70.76117850962414, 'degree': 6, 'gamma': 2.431682930384008}",10,10,bayesian
fourclass,poly,8,0.9918871959369152,0.01042674198761996,0.9919376818874438,0.01035859866973162,0.1579020618556701,0.005429313881224491,0.028433130029588936,0.000671626433311755,2.7117486000061035,50,"{'C': 52.41082616290873, 'degree': 6, 'gamma': 2.2921895719519734}",10,10,bayesian
fourclass,poly,9,0.8863539160652232,0.0189738982050749,0.884714575009171,0.018814486954331616,0.37934918523445293,0.007992065548092571,0.031138369953259824,0.000694905397318319,2.4256985997781157,51,"{'C': 72.8713543332869, 'degree': 4, 'gamma': 2.8609524348443096}",10,10,bayesian
fourclass,rbf,0,1.0,0.0,1.0,0.0,0.0366077485866312,0.001444856789867598,0.009276839951053262,0.0003529739022317578,1.411263500340283,42,"{'C': 37.454637344617396, 'gamma': 3.80362731460201}",10,10,bayesian
fourclass,rbf,1,1.0,0.0,1.0,0.0,0.0870061523112737,0.0022200025396445513,0.0095108600333333,0.0004287345537433836,1.4113845997489989,43,"{'C': 11.506341584411505, 'gamma': 2.442374492441684}",10,10,bayesian
fourclass,rbf,2,1.0,0.0,1.0,0.0,0.05284868639840373,0.0014122231315822464,0.009901060070842505,0.00021657362663082117,1.468978499993682,44,"{'C': 35.93172446996938, 'gamma': 2.443059172775448}",10,10,bayesian
fourclass,rbf,3,1.0,0.0,1.0,0.0,0.03763851014299966,0.0013862712345253888,0.010286719957366585,0.0003913836145592167,1.4414558000862598,45,"{'C': 98.90116233604654, 'gamma': 2.205217271021953}",10,10,bayesian
fourclass,rbf,4,1.0,0.0,1.0,0.0,0.036736115729963416,0.001929973180095327,0.009800559934228658,0.0002678862469134394,1.4052431001327932,46,"{'C': 78.38345124822426, 'gamma': 2.545040547553847}",10,10,bayesian
fourclass,rbf,5,1.0,0.0,1.0,0.0,0.0578757898237446,0.0016766756582308987,0.009284979989752173,0.00041573970608951096,1.422800499945879,47,"{'C': 11.349733700893058, 'gamma': 3.898331079395257}",10,10,bayesian
fourclass,rbf,6,1.0,0.0,1.0,0.0,0.0768237445959428,0.0016418015309976842,0.010316679952666163,0.0004214111718266113,1.4398119999095798,48,"{'C': 79.20363403128228, 'gamma': 1.308437536827318}",10,10,bayesian
fourclass,rbf,7,1.0,0.0,1.0,0.0,0.029775690056534753,0.0018625275210604631,0.009684389969334007,0.0002531803254027815,1.4576814998872578,49,"{'C': 92.6335871707825, 'gamma': 3.568107449387966}",10,10,bayesian
fourclass,rbf,8,1.0,0.0,1.0,0.0,0.036091952111739274,0.0011581462587727156,0.009487659949809314,0.0004969863369206535,1.4068317995406687,50,"{'C': 37.73213245401471, 'gamma': 3.986350448272431}",10,10,bayesian
fourclass,rbf,9,1.0,0.0,1.0,0.0,0.04975490522115065,0.0018363663283150107,0.009836419997736812,0.0003828270004089074,1.4802794996649027,51,"{'C': 34.33102395058668, 'gamma': 2.5816410998446386}",10,10,bayesian
fourclass,custom_hermite,0,0.8363806468858593,0.042394348363333195,0.8287364815879593,0.04874060948598228,0.42614083804456265,0.0051646967035166155,0.023779920069500804,0.0005230581330492876,2.780312799848616,42,"{'C': 37.454637344617396, 'degree': 6}",10,10,bayesian
fourclass,custom_hermite,1,0.8248062015503876,0.03773842829790475,0.8139054816887008,0.04460972319422343,0.4296212171599601,0.007321041338887774,0.023813779978081585,0.0019886318530399306,2.787371000275016,43,"{'C': 32.71457844205816, 'degree': 6}",10,10,bayesian
fourclass,custom_hermite,2,0.8886260358192997,0.021496553841566804,0.8880356047900444,0.021044116596402894,0.3979115397406052,0.006451072646306637,0.022099630162119865,0.0005091662159981705,2.835535100195557,44,"{'C': 94.3351286897191, 'degree': 6}",10,10,bayesian
fourclass,custom_hermite,3,0.8283079390537289,0.025296184993593058,0.820212907761799,0.028604545292349674,0.4297514133688061,0.005184465732970543,0.021479549957439302,0.0005083513959445151,2.790151400025934,45,"{'C': 97.60035557843834, 'degree': 5}",10,10,bayesian
fourclass,custom_hermite,4,0.8237503341352579,0.033871760308704035,0.8133387387017905,0.038242423120340964,0.4315533754572664,0.006357745837643075,0.021802840009331702,0.001408671212459678,2.841377599630505,46,"{'C': 31.308380486232352, 'degree': 6}",10,10,bayesian
fourclass,custom_hermite,5,0.8189655172413792,0.03635102912024019,0.8070725963453432,0.04032061537699686,0.43671100764881937,0.005676158790921684,0.023210560064762832,0.0009234542911522417,2.817189999856055,47,"{'C': 70.76080622076984, 'degree': 5}",10,10,bayesian
fourclass,custom_hermite,6,0.813258487035552,0.037810450511915325,0.7995419790297071,0.04264966173167574,0.4484398071167276,0.007730587934664648,0.022886779997497796,0.0006603590425187419,2.767517300322652,48,"{'C': 44.49646271214178, 'degree': 5}",10,10,bayesian
fourclass,custom_hermite,7,0.889788826516974,0.026108787695227075,0.8889840256714644,0.026627825593356455,0.3979123711340206,0.005827801089958895,0.02282079993747175,0.0011977753350808393,2.8632050999440253,49,"{'C': 92.6335871707825, 'degree': 6}",10,10,bayesian
fourclass,custom_hermite,8,0.829403902699813,0.03274335679051012,0.8204502459954547,0.03911924662557268,0.42536797472564014,0.006456371049496265,0.02138272002339363,0.00040621533887586256,2.8277557003311813,50,"{'C': 37.73213245401471, 'degree': 6}",10,10,bayesian
fourclass,custom_hermite,9,0.8201951349906442,0.04061510698710669,0.8089344798520948,0.04566812810245324,0.43387346192218157,0.007620219235693369,0.020861239964142443,0.0002605033676034189,2.790701999794692,51,"{'C': 28.42201566103021, 'degree': 6}",10,10,bayesian
fourclass,custom_gegen,0,0.9849104517508687,0.0074581983558413235,0.9849682118340128,0.0074136410344025835,0.21758247422680413,0.0029724697009873794,0.025792669970542192,0.0007003584890811504,5.368928300216794,42,"{'C': 51.42392960692274, 'degree': 4, 'alpha': -0.39756367868720455}",10,10,bayesian
fourclass,custom_gegen,1,0.9895482491312484,0.00965733905449287,0.9895751858816884,0.009636366840692356,0.18716195543731293,0.002241661482823888,0.025350740179419518,0.0014257326172622403,5.438370699994266,43,"{'C': 44.576390325611044, 'degree': 5, 'alpha': -0.3258249011026607}",10,10,bayesian
fourclass,custom_gegen,2,0.9965517241379309,0.010344827586206884,0.9965838463971967,0.010248460808410185,0.0315801463252411,0.0018423598621696504,0.02274328996427357,0.000349284137750175,6.212874399963766,44,"{'C': 71.01508918471401, 'degree': 6, 'alpha': 0.41867600678848516}",10,10,bayesian
fourclass,custom_gegen,3,0.9454691259021653,0.019472077255206034,0.9457081615304542,0.019286184320127953,0.264244429664117,0.0043765334147414115,0.02719630002975464,0.0015069872564927216,5.513073600362986,45,"{'C': 7.729879318351191, 'degree': 3, 'alpha': 0.45088785981341584}",10,10,bayesian
fourclass,custom_gegen,4,0.9976744186046511,0.006976744186046524,0.9976744186046511,0.006976744186046524,0.06444978383771201,0.0017355528934422616,0.02465654001571238,0.0009846265032139453,5.171120400074869,46,"{'C': 26.24225722762328, 'degree': 6, 'alpha': 0.29633924272509005}",10,10,bayesian
fourclass,custom_gegen,5,0.986086607858861,0.014508514580657363,0.9861774587710729,0.014371564085972713,0.23266311938809445,0.003171990506969295,0.024119170010089876,0.0003069940312313767,6.274237399920821,47,"{'C': 12.712329991335293, 'degree': 5, 'alpha': -0.47957646815918376}",10,10,bayesian
fourclass,custom_gegen,6,0.997674418604651,0.004651162790697683,0.997674418604651,0.004651202419787432,0.032611739275024934,0.0014234238177343772,0.022910759970545768,0.0003699818176353427,4.082862999755889,48,"{'C': 44.49646271214178, 'degree': 5, 'alpha': 0.4256014441105803}",10,10,bayesian
fourclass,custom_gegen,7,0.9907244052392408,0.008658929380159929,0.9907620193767521,0.008609194484635804,0.17130728300631862,0.0038102548014328943,0.02446337998844683,0.0011597609593879368,6.735105600208044,49,"{'C': 22.91459130306838, 'degree': 6, 'alpha': -0.37275251226410955}",10,10,bayesian
fourclass,custom_gegen,8,0.8131649291633254,0.03893357790220488,0.8016432269299816,0.04569931618378241,0.41466960425673427,0.004929161144235233,0.02339869006536901,0.00019764201185375557,6.254834100138396,50,"{'C': 31.001624859184517, 'degree': 3, 'alpha': 0.21001198681815925}",10,10,bayesian
fourclass,custom_gegen,9,0.8120556001069232,0.028864013893793124,0.8042382988217757,0.03230431213837875,0.4171177253076156,0.007171462050554461,0.03166308985091746,0.0012895730297732514,5.503299899864942,51,"{'C': 64.67490767496166, 'degree': 2, 'alpha': 0.3263934923421967}",10,10,bayesian
fourclass,custom_alsalam,0,0.9988505747126437,0.0034482758620689616,0.9988545195441748,0.0034364413674758286,0.08352643831060859,0.0023534123810608435,0.013015080010518432,0.0007048439245390055,2.102480599656701,42,"{'C': 45.607542351719374, 'degree': 5, 'a': -1, 'q': 0.2}",10,10,bayesian
fourclass,custom_alsalam,1,0.9988372093023254,0.003488372093023262,0.9988411038976434,0.003476688307070197,0.08069088792816762,0.0017475371050070397,0.014200040092691778,0.0006344458002455753,1.9693233002908528,43,"{'C': 66.60935521958947, 'degree': 4, 'a': -1, 'q': 0.03}",10,10,bayesian
fourclass,custom_alsalam,2,0.9988505747126437,0.0034482758620689616,0.9988545195441748,0.0034364413674758286,0.08429980046558032,0.0015308909921499317,0.013929269975051284,0.0006470604385420933,1.8646708996966481,44,"{'C': 71.01508918471401, 'degree': 6, 'a': -1, 'q': 0.46}",10,10,bayesian
fourclass,custom_alsalam,3,0.9988372093023254,0.003488372093023262,0.9988411038976434,0.003476688307070197,0.07617958097771864,0.00219616856008817,0.014685550052672625,0.0007217739353352163,1.888950000051409,45,"{'C': 98.90116233604654, 'degree': 4, 'a': -1, 'q': 0.28}",10,10,bayesian
fourclass,custom_alsalam,4,0.9988372093023254,0.003488372093023262,0.9988415025776824,0.0034754922669524516,0.0821089125374127,0.0018319833500042805,0.014295650040730834,0.0010789782097437033,1.8675679001025856,46,"{'C': 78.38345124822426, 'degree': 4, 'a': -1, 'q': 0.25}",10,10,bayesian
fourclass,custom_alsalam,5,0.9976877840149692,0.004624528539936971,0.9976956234418181,0.004608850744540803,0.073214665779847,0.0017058230244343642,0.013914200011640787,0.0002815532897487804,1.8426661998964846,47,"{'C': 93.52364450917413, 'degree': 4, 'a': -1, 'q': 0.18000000000000002}",10,10,bayesian
fourclass,custom_alsalam,6,0.9976744186046511,0.004651162790697683,0.9976826064753258,0.00463478713508364,0.11136913867642169,0.0015621377766933213,0.012249800004065036,0.0004712057893192946,2.0261520999483764,48,"{'C': 29.89833876951833, 'degree': 5, 'a': -1, 'q': 0.33}",10,10,bayesian
fourclass,custom_alsalam,7,0.9988505747126437,0.0034482758620689616,0.9988545195441748,0.0034364413674758286,0.10634203525108081,0.002401811221736991,0.012559050042182208,0.0008748965169605543,1.8326947996392846,49,"{'C': 89.16045222433813, 'degree': 5, 'a': -1, 'q': 0.5700000000000001}",10,10,bayesian
fourclass,custom_alsalam,8,0.9953755680299384,0.009249057079873942,0.9954053929768143,0.009189411606566509,0.1285129697372797,0.002847034667986567,0.012106150016188621,0.0003832726551461174,1.9867855003103614,50,"{'C': 52.41082616290873, 'degree': 6, 'a': -1, 'q': 0.5700000000000001}",10,10,bayesian
fourclass,custom_alsalam,9,0.9768110130981021,0.01637884546624777,0.9770240423431394,0.016185649560031174,0.29195493847688725,0.00647684085451983,0.012055049929767848,0.00039301812774933197,2.110445300117135,51,"{'C': 72.8713543332869, 'degree': 4, 'a': -1, 'q': 0.7100000000000001}",10,10,bayesian
