dataset,kernel,trial,accuracy,accuracy_std,f1_score,f1_std,support_vector_prop,support_vector_std,training_time,training_time_std,optimization_time,random_seed,best_params,n_optimization_trials,cv_folds,optimization_method
ecoli,linear,0,0.8781639928698752,0.04841311735374976,0.8698174440168428,0.050525111597709955,0.39583524577623325,0.01018572720857045,0.0017312400974333285,0.00014670505015668567,0.33395659970119596,42,{'C': 3.90130999242047},8,10,bayesian
ecoli,linear,1,0.8778966131907309,0.04121079508626343,0.8689218780304111,0.04443081538039414,0.4074027932594584,0.012721160624373912,0.0016072599682956934,8.622239601832519e-05,0.3144020000472665,43,{'C': 3.3356407136855206},8,10,bayesian
ecoli,linear,2,0.8784313725490197,0.0636281245134426,0.8722703098658238,0.06297020192225855,0.41831136756059706,0.011621885313874272,0.0026887599378824234,0.0006913415410773647,0.3955024001188576,44,{'C': 2.6207978131423735},8,10,bayesian
ecoli,linear,3,0.8721925133689838,0.03697022983439119,0.8658279823990223,0.041218037934809854,0.4328776255108955,0.010369361961562129,0.002135279914364219,0.0004144862046313936,0.36757800029590726,45,{'C': 1.933161862413238},8,10,bayesian
ecoli,linear,4,0.8688948306595365,0.04486431300117098,0.8611228615659432,0.04732780207635215,0.47817957292417984,0.006622778125706305,0.0016581099946051836,0.00021298708115184697,0.36637540021911263,46,{'C': 1.0725933433582453},8,10,bayesian
ecoli,linear,5,0.8690730837789662,0.02704355967690547,0.8596980958505052,0.032149978320567964,0.4163366336633663,0.0071641895360880555,0.0016723799984902144,0.00010574366443251473,0.32647640025243163,47,{'C': 2.8380983088693443},8,10,bayesian
ecoli,poly,0,0.8811942959001783,0.04951307285713312,0.8738944547288016,0.05051199770522473,0.38955587611741305,0.010417427910503976,0.0024657000321894884,0.0006523543282745722,0.3834489998407662,42,"{'C': 10.799193521034251, 'degree': 2, 'gamma': 2.4534763774094808}",8,10,bayesian
ecoli,poly,1,0.8780748663101605,0.051910846385859244,0.8656592218092773,0.05883208646417961,0.39483968264376107,0.01583680534589186,0.0039109399542212485,0.00017452891780203925,0.48120589973405004,43,"{'C': 2.877249105178084, 'degree': 4, 'gamma': 0.547104622928547}",8,10,bayesian
ecoli,poly,2,0.8784313725490197,0.0636281245134426,0.8722703098658238,0.06297020192225855,0.4130210040871637,0.012825715010735638,0.0017076900228857994,0.00010926703009676535,0.48535200022161007,44,"{'C': 20.87121887449257, 'degree': 1, 'gamma': 2.982551919191829}",8,10,bayesian
ecoli,poly,3,0.8780748663101603,0.03325221047436435,0.8701219563988787,0.03989112841765787,0.4444571940637772,0.013079572132686694,0.0037034200038760902,0.00022382242876825111,0.46098090009763837,45,"{'C': 1.933161862413238, 'degree': 3, 'gamma': 1.899469254494512}",8,10,bayesian
ecoli,poly,4,0.8748663101604277,0.04946034245312054,0.866517500180396,0.05234890493367233,0.4718947391427884,0.006634326563993715,0.0016564099583774804,9.88022234285859e-05,0.43498250003904104,46,"{'C': 8.092322006689862, 'degree': 1, 'gamma': 3.211524249181703}",8,10,bayesian
ecoli,poly,5,0.8809269162210338,0.03990083698151131,0.872044411417934,0.04523023249464788,0.4795084475334951,0.013926042019713194,0.0020222799852490426,0.00014684588110332254,0.42385989986360073,47,"{'C': 2.469050145265414, 'degree': 2, 'gamma': 2.569034341275915}",8,10,bayesian
ecoli,rbf,0,0.875222816399287,0.04895961326232556,0.8671567864536431,0.05057451133049083,0.43915153104714444,0.00977488125580585,0.002325379988178611,6.196479001562223e-05,0.42354280035942793,42,"{'C': 3.90130999242047, 'gamma': 0.6371656669645575}",8,10,bayesian
ecoli,rbf,1,0.8810160427807487,0.03251165383880298,0.8672754999307459,0.038567240080491116,0.5482733372675016,0.008731674775859519,0.0030010299291461707,0.0003247365942561073,0.42656700033694506,43,"{'C': 0.7263165967845856, 'gamma': 2.9391533679917523}",8,10,bayesian
ecoli,rbf,2,0.8785204991087344,0.0688159205700082,0.8710326489819392,0.06885646556308293,0.41335759403754946,0.013062282369733372,0.002461020043119788,0.0002075525542071552,0.42841439973562956,44,"{'C': 10.691860375019163, 'gamma': 0.46770693414988207}",8,10,bayesian
ecoli,rbf,3,0.8780748663101605,0.03575919297263661,0.8708384512330205,0.04066844751948777,0.41865888575612525,0.012297107865859669,0.002291190018877387,0.0001478981914760463,0.4147192998789251,45,"{'C': 7.036901101574616, 'gamma': 0.3235756148467037}",8,10,bayesian
ecoli,rbf,4,0.8719251336898395,0.0400555225815728,0.8643847045070304,0.04266752162534875,0.5406803925425654,0.011715687628917377,0.0029685300309211017,0.00018971935308997678,0.42657440016046166,46,"{'C': 6.226828244802206, 'gamma': 3.0360835232141175}",8,10,bayesian
ecoli,rbf,5,0.8748663101604277,0.03242835305887151,0.8643210737947392,0.03698641841036191,0.4619642427818941,0.01056013947962564,0.0024849200155586003,0.00015130216372495232,0.42220869986340404,47,"{'C': 2.469050145265414, 'gamma': 1.2126764221426334}",8,10,bayesian
ecoli,custom_hermite,0,0.8692513368983956,0.04954675238688548,0.8622814435569669,0.052177603754923384,0.4669311301991127,0.008423834167889173,0.005874380096793174,0.0003101695992686699,0.7282580002211034,42,"{'C': 15.028274178568475, 'degree': 5}",8,10,bayesian
ecoli,custom_hermite,1,0.8662210338680927,0.03991725787835169,0.8552388275662757,0.04632809340083262,0.4785052346294232,0.010123008080423997,0.005776310013607145,0.00032449431004658935,0.729243699926883,43,"{'C': 8.179149256222683, 'degree': 6}",8,10,bayesian
ecoli,custom_hermite,2,0.8665775401069519,0.07558547085946907,0.8623510714366492,0.07164767142366081,0.4986711253906847,0.01439292137195318,0.005072619998827577,0.00044246951988330624,0.6765006999485195,44,"{'C': 18.616267401506267, 'degree': 3}",8,10,bayesian
ecoli,custom_hermite,3,0.869073083778966,0.030249113195391725,0.8625612588604626,0.033283738896428994,0.4590005026992766,0.012557383056031308,0.005699689965695143,0.0007532060527479403,0.6534886001609266,45,"{'C': 24.725298825376527, 'degree': 4}",8,10,bayesian
ecoli,custom_hermite,4,0.8631016042780748,0.030342848956796016,0.8563345325484051,0.03161386668677315,0.4755327519506918,0.008124299476623426,0.009821279952302576,0.0076494173927080305,0.7701743999496102,46,"{'C': 22.818144526090006, 'degree': 3}",8,10,bayesian
ecoli,custom_hermite,5,0.869073083778966,0.035809472312869566,0.8613853076973331,0.03947567832068354,0.4950342054072957,0.012734233675473893,0.004686329979449511,0.00030297315509480836,0.6419840999878943,47,"{'C': 18.218637102894156, 'degree': 3}",8,10,bayesian
ecoli,custom_gegen,0,0.8782531194295901,0.04228433017265584,0.8682916992700378,0.04520010942112587,0.423612659279173,0.009447401180270047,0.005470060044899583,0.0002848501044979347,1.5399015001021326,42,"{'C': 20.811233577369745, 'degree': 2, 'alpha': -0.12816831525786976}",8,10,bayesian
ecoli,custom_gegen,1,0.8780748663101605,0.04451298409489137,0.8679472014684212,0.050307418042612115,0.4408038817126746,0.010636599493986362,0.005932330060750246,0.0005254885402714905,1.5891659003682435,43,"{'C': 2.877249105178084, 'degree': 4, 'alpha': -0.2245519812698833}",8,10,bayesian
ecoli,custom_gegen,2,0.7950980392156863,0.07571399606343934,0.7860581398414629,0.07764065481731505,0.5314044980657007,0.015967920896415223,0.00816750000230968,0.0002532172953520443,1.7718688999302685,44,"{'C': 17.75398968518351, 'degree': 6, 'alpha': 0.41867600678848516}",8,10,bayesian
ecoli,custom_gegen,3,0.875222816399287,0.04321305636542658,0.8678557611794655,0.049292282012580034,0.413688719865364,0.008937160035334655,0.006667329976335168,0.0003959899584928097,1.408357999753207,45,"{'C': 2.812409934004069, 'degree': 2, 'alpha': 0.4623190862767723}",8,10,bayesian
ecoli,custom_gegen,4,0.8719251336898395,0.04228592695439184,0.8636833344742578,0.04443345604368604,0.4074224641007147,0.015942212410308798,0.004317260067909956,0.0002443850722592436,1.3924075001850724,46,"{'C': 7.4983963426883635, 'degree': 1, 'alpha': 0.25070004483418906}",8,10,bayesian
ecoli,custom_gegen,5,0.8631016042780748,0.030166937768499144,0.853186188069548,0.033663671611874064,0.41368434856730707,0.013701302938813073,0.0068264400586485864,0.0003382336669747445,1.7655406002886593,47,"{'C': 3.1787371619055294, 'degree': 5, 'alpha': -0.47957646815918376}",8,10,bayesian
ecoli,custom_alsalam,0,0.8753119429590018,0.04654497518736247,0.8644035892776347,0.048942302279140384,0.43816580333530036,0.021268047346274844,0.003909910004585982,0.00024110217181550232,0.5728535000234842,42,"{'C': 3.4882070224403936, 'degree': 2, 'a': -1, 'q': 0.37}",8,10,bayesian
ecoli,custom_alsalam,1,0.8601604278074866,0.03998287402543221,0.8530801244347807,0.04315368755026415,0.4308832207724083,0.012689988369505377,0.004472240060567856,0.00021351032657210378,0.598915500100702,43,"{'C': 5.526503868113398, 'degree': 3, 'a': -1, 'q': 0.32}",8,10,bayesian
ecoli,custom_alsalam,2,0.8695187165775401,0.07242233614809925,0.8648842690522409,0.07003953342295534,0.4378259349113719,0.010366042849724758,0.0040348800364881756,9.704545449320367e-05,0.5528679001145065,44,"{'C': 9.845094997655195, 'degree': 3, 'a': -1, 'q': 0.51}",8,10,bayesian
ecoli,custom_alsalam,3,0.8779857397504456,0.03348467174952185,0.8679608533727237,0.04167825334884963,0.38790789674993986,0.014775030636205142,0.002553289942443371,0.00017299682360249013,0.5515837003476918,45,"{'C': 1.2140015006602403, 'degree': 1, 'a': -1, 'q': 0.12}",8,10,bayesian
ecoli,custom_alsalam,4,0.8688057040998217,0.043177747969078265,0.8602334101743636,0.04652796591726227,0.3855922016042664,0.013199430170226841,0.0025882899761199953,7.296969712538282e-05,0.5710309999994934,46,"{'C': 7.4983963426883635, 'degree': 1, 'a': -1, 'q': 0.37}",8,10,bayesian
ecoli,custom_alsalam,5,0.8602495543672013,0.034453612123731804,0.8421835270959896,0.042402559045870244,0.5677900902673049,0.007116111749659089,0.0034258299972862007,0.0001089772039899041,0.5619763000868261,47,"{'C': 2.469050145265414, 'degree': 2, 'a': -1, 'q': 0.64}",8,10,bayesian
mines,linear,0,0.5209447415329769,0.048505241726711536,0.47438186360188883,0.04958951262597227,0.7902707075064711,0.006827235113999584,0.0028160599526017905,0.00016156420951107169,0.41709640016779304,42,{'C': 9.364128431065215},8,10,bayesian
mines,linear,1,0.5295900178253119,0.07471527928681296,0.48687420566745826,0.07153482372391516,0.8172260569456429,0.0048968064403892625,0.0021353900898247956,8.180469291383677e-05,0.4080169000662863,43,{'C': 3.3356407136855206},8,10,bayesian
mines,linear,2,0.5121212121212121,0.05225918177577909,0.46703552259072956,0.045785242918350996,0.7817159188955995,0.006484100482225071,0.00383644993416965,0.00033466705647813274,0.4276813003234565,44,{'C': 20.87121887449257},8,10,bayesian
mines,linear,3,0.5297682709447417,0.06772703756598512,0.48263560218070484,0.051083003500661375,0.7961842105263157,0.0061420736931493735,0.002584880031645298,0.0001746844546955048,0.3981162002310157,45,{'C': 7.036901101574616},8,10,bayesian
mines,linear,4,0.5268270944741532,0.04154186940520492,0.4735980119878773,0.04809838439998584,0.7971688955996548,0.0058382017613619365,0.002413860009983182,8.348719281273321e-05,0.4196185003966093,46,{'C': 6.226828244802206},8,10,bayesian
mines,linear,5,0.5353832442067736,0.07735964617302311,0.4899700962244215,0.06484972707222089,0.7896171268334772,0.00830455897100005,0.002975780051201582,0.00016709534095052682,0.43612820003181696,47,{'C': 10.36557558009697},8,10,bayesian
mines,poly,0,0.5950980392156864,0.07487060721052523,0.5738302464198973,0.08542888488330297,0.7620038826574633,0.007046464043254761,0.00958138988353312,0.0006926976688790901,0.5551389995962381,42,"{'C': 9.364128431065215, 'degree': 6, 'gamma': 2.9321633619048173}",8,10,bayesian
mines,poly,1,0.5501782531194296,0.07370184502411176,0.5007258315990788,0.07852945732725314,0.8086798964624675,0.006156482001465177,0.002837510034441948,0.00046934752948751856,0.6162858996540308,43,"{'C': 6.015499909513754, 'degree': 2, 'gamma': 3.438750940498319}",8,10,bayesian
mines,poly,2,0.5737076648841356,0.0877912900126706,0.5649238135601772,0.07848361994436874,0.7297864538395168,0.01099324373689665,0.014066570112481714,0.001126603657775352,0.8269175002351403,44,"{'C': 23.936844254628866, 'degree': 6, 'gamma': 3.5291436202329205}",8,10,bayesian
mines,poly,3,0.609625668449198,0.049381261918178126,0.5869601934799323,0.0593286346694783,0.7472034081104401,0.007046180190677668,0.012810159986838699,0.0012038624282437037,0.7894548000767827,45,"{'C': 15.685164675927945, 'degree': 6, 'gamma': 2.6058768340207172}",8,10,bayesian
mines,poly,4,0.5922459893048129,0.06549831982194876,0.5760128625446873,0.07288435339797587,0.7794219154443486,0.010631865719162031,0.00828239000402391,0.000491103278521523,0.7178958998993039,46,"{'C': 10.659318426847376, 'degree': 5, 'gamma': 3.4704024356367422}",8,10,bayesian
mines,poly,5,0.5588235294117647,0.06257801648261445,0.5324321737501155,0.06387558110082839,0.7836917601380501,0.009348586623987576,0.007689559925347566,0.0005942691320313223,0.6279265000484884,47,"{'C': 8.787343679511642, 'degree': 5, 'gamma': 3.201549584739277}",8,10,bayesian
mines,rbf,0,0.5773618538324421,0.054568168351044964,0.5667930214729522,0.05761768139265257,0.8530532786885245,0.007719925721981703,0.004630380030721426,0.0004703121602347828,0.5231921998783946,42,"{'C': 18.300116551343315, 'gamma': 2.4009048979725676}",8,10,bayesian
mines,rbf,1,0.556060606060606,0.06548279432282009,0.5398499056080057,0.06090499897116511,0.846814063848145,0.00879866409876001,0.004546349868178368,0.00041119776872500626,0.5031053000129759,43,"{'C': 16.652589237237546, 'gamma': 2.171818189566687}",8,10,bayesian
mines,rbf,2,0.5857397504456328,0.06733368545947811,0.5805863656539348,0.06652289999556187,0.8261054788610871,0.011460636872733689,0.004904880002140999,0.00027643057574140044,0.5355303999967873,44,"{'C': 24.013195103916477, 'gamma': 1.8349747309285782}",8,10,bayesian
mines,rbf,3,0.6361853832442068,0.07320410945221095,0.6234788222158464,0.07502715065548513,0.854372303710095,0.009533112586914439,0.0049768200609833,0.00026820762528787504,0.5284401997923851,45,"{'C': 21.404695032842014, 'gamma': 2.6058768340207172}",8,10,bayesian
mines,rbf,4,0.5920677361853832,0.05927693514494861,0.5886574901959167,0.061370954849787905,0.8172282139775667,0.009724622884898473,0.004517450043931603,0.00032827692126771187,0.5365398996509612,46,"{'C': 21.677167808874145, 'gamma': 1.3052310290573594}",8,10,bayesian
mines,rbf,5,0.5767379679144387,0.07095218701693334,0.5621615725428784,0.0768070029094719,0.8714678602243312,0.008219886957656873,0.004919230053201318,0.0002897260602118805,0.5173878003843129,47,"{'C': 17.690420851338768, 'gamma': 3.201549584739277}",8,10,bayesian
mines,custom_hermite,0,0.5267379679144385,0.04977062035733693,0.5036975767284246,0.05441386522036751,0.8362952976704057,0.00555270054538742,0.0033542899414896964,0.0002902985801303181,0.5330813000909984,42,"{'C': 20.811233577369745, 'degree': 2}",8,10,bayesian
mines,custom_hermite,1,0.5175579322638146,0.062015756348520364,0.4804090388639485,0.07995146746598644,0.833661561691113,0.0066204954234671985,0.003927940083667636,0.00026704540476360505,0.5660250000655651,43,"{'C': 16.652589237237546, 'degree': 4}",8,10,bayesian
mines,custom_hermite,2,0.5324420677361854,0.06761904685186435,0.5128662654932709,0.07004502274905117,0.8359588006902502,0.00510903028999356,0.0035423200111836194,0.00030389738435699075,0.49342430010437965,44,"{'C': 18.616267401506267, 'degree': 3}",8,10,bayesian
mines,custom_hermite,3,0.5357397504456328,0.05230514242194654,0.4970962835063181,0.054308044315583816,0.8247853753235548,0.006441302297821146,0.003535010013729334,0.0002006698505507075,0.46504850033670664,45,"{'C': 24.725298825376527, 'degree': 4}",8,10,bayesian
mines,custom_hermite,4,0.5413547237076649,0.04639583204910629,0.49931046974299564,0.04522907112572609,0.8310364538395169,0.004763779610164398,0.0035611499566584825,0.00022732137296251162,0.4727000999264419,46,"{'C': 19.59602493779296, 'degree': 4}",8,10,bayesian
mines,custom_hermite,5,0.526559714795009,0.05798544110857581,0.48883305550624795,0.06436816365357198,0.8297185073339086,0.00992765155541577,0.003623929899185896,0.00024142471019673577,0.46218400029465556,47,"{'C': 17.690420851338768, 'degree': 5}",8,10,bayesian
mines,custom_gegen,0,0.5415329768270946,0.055088866288204835,0.49118106720921206,0.06827108392658603,0.8602901207937877,0.004679470470036948,0.004079569969326258,0.00035849671356967777,0.88774019991979,42,"{'C': 3.4882070224403936, 'degree': 2, 'alpha': 0.23906006815444647}",8,10,bayesian
mines,custom_gegen,1,0.591800356506239,0.04806888781656521,0.5737142875046842,0.0462792421497997,0.7820513373597929,0.008445674979597976,0.005500360066071153,0.00037209471636136384,0.9149484997615218,43,"{'C': 16.652589237237546, 'degree': 4, 'alpha': -0.4322624893955228}",8,10,bayesian
mines,custom_gegen,2,0.5680926916221034,0.10008337245345926,0.5664741793280643,0.09664551129671214,0.8353062985332184,0.010435954964173932,0.006984470039606094,0.00027642832100637323,1.057095100171864,44,"{'C': 17.75398968518351, 'degree': 6, 'alpha': 0.41867600678848516}",8,10,bayesian
mines,custom_gegen,3,0.5622994652406417,0.04364190092789747,0.5326509929580864,0.04403623255112235,0.8379367989646246,0.010891665925094796,0.004655649978667497,0.00020351849503342834,0.8777858000248671,45,"{'C': 2.812409934004069, 'degree': 2, 'alpha': 0.4623190862767723}",8,10,bayesian
mines,custom_gegen,4,0.5565062388591802,0.05519690665598574,0.5345537905234351,0.07017060165357565,0.8129497411561692,0.006369790599453437,0.005020920047536492,0.000251355677959321,0.8211166998371482,46,"{'C': 9.871403897553764, 'degree': 4, 'alpha': -0.4183827982365956}",8,10,bayesian
mines,custom_gegen,5,0.5471479500891266,0.03927731747537698,0.5001842935051823,0.05049411509390235,0.8027577653149267,0.008526035408366604,0.0043715499341487885,0.0002206918640643796,0.9859521999023855,47,"{'C': 6.166987894984273, 'degree': 2, 'alpha': -0.4422174052507317}",8,10,bayesian
mines,custom_alsalam,0,0.5945632798573977,0.0653638050206491,0.5833335914778275,0.07022910807485712,0.7682517256255392,0.01268586313010661,0.008724539959803223,0.0007373708551583042,0.5927642998285592,42,"{'C': 20.811233577369745, 'degree': 2, 'a': -1, 'q': 0.19}",8,10,bayesian
mines,custom_alsalam,1,0.6002673796791445,0.07304599910423598,0.5850461305676659,0.06672838660138682,0.732082614322692,0.004307074930974002,0.007678130036219954,0.0010155925886958875,0.5608844999223948,43,"{'C': 16.652589237237546, 'degree': 4, 'a': -1, 'q': 0.03}",8,10,bayesian
mines,custom_alsalam,2,0.5884135472370767,0.097115891945142,0.5821756809777912,0.08735622323229916,0.782380284728214,0.010679961551814188,0.0051182099152356384,0.00021385538795284085,0.5138449999503791,44,"{'C': 17.75398968518351, 'degree': 6, 'a': -1, 'q': 0.46}",8,10,bayesian
mines,custom_alsalam,3,0.6154188948306596,0.052811153102708445,0.6044644202744235,0.06195906330048054,0.740957722174288,0.011419255702343959,0.007727219955995679,0.0007047764685394739,0.5844848998822272,45,"{'C': 24.725298825376527, 'degree': 4, 'a': -1, 'q': 0.28}",8,10,bayesian
mines,custom_alsalam,4,0.6183600713012478,0.04970002573611579,0.6126359804171223,0.041364440204819455,0.7432592752372734,0.009163995972819227,0.006757030030712485,0.00045690420863085115,0.5863388003781438,46,"{'C': 19.59602493779296, 'degree': 4, 'a': -1, 'q': 0.25}",8,10,bayesian
mines,custom_alsalam,5,0.5975935828877006,0.04239886372230587,0.5775102603087032,0.04577232688810417,0.7853332614322691,0.013160714886463984,0.0043320101220160724,0.00015765449569197568,0.49045780021697283,47,"{'C': 3.1787371619055294, 'degree': 5, 'a': -1, 'q': 0.01}",8,10,bayesian
blood,linear,0,0.7607027027027027,0.003332554084713155,0.6607243681839103,0.007476714976484952,0.4824722995048522,0.003917440190307631,0.007386619970202446,0.0017442523316781098,0.8320317999459803,42,{'C': 9.364128431065215},8,10,bayesian
blood,linear,1,0.762054054054054,0.00410810810810811,0.6613937751128592,0.00798796180680529,0.48321347789471825,0.0028665320716128365,0.004793239943683148,0.0006345368138742851,0.8017808999866247,43,{'C': 2.877249105178084},8,10,bayesian
blood,linear,2,0.762054054054054,0.00410810810810811,0.6591532156722997,0.005579158617326564,0.48514512722607045,0.0025749122410698745,0.010200500022619963,0.0020133537244744174,0.9144684001803398,44,{'C': 20.87121887449257},8,10,bayesian
blood,linear,3,0.7607207207207207,0.006193063030954958,0.6584939512725774,0.006222283943438244,0.4858858647007729,0.0050082648605693555,0.012889639986678959,0.004055176568033578,0.8445681999437511,45,{'C': 24.725298825376527},8,10,bayesian
blood,linear,4,0.7607207207207207,0.006193063030954958,0.6607345107131367,0.00862273637377983,0.483658581752285,0.0034257444447544456,0.009404429979622365,0.0020280327720271613,0.8925307001918554,46,{'C': 19.59602493779296},8,10,bayesian
blood,linear,5,0.7647207207207207,0.005862255685091959,0.6652079291388251,0.01199937601344244,0.48410478789776057,0.0026667273822805976,0.010887140035629272,0.001733755838227324,0.949652099981904,47,{'C': 24.36210287781698},8,10,bayesian
blood,poly,0,0.7753873873873874,0.017822944005093103,0.7129081405737476,0.0338460288766338,0.48900688268570247,0.007421401939775757,0.027140310034155846,0.0010892965320886407,1.410044000018388,42,"{'C': 9.364128431065215, 'degree': 6, 'gamma': 2.9321633619048173}",8,10,bayesian
blood,poly,1,0.7740900900900902,0.013463643716860861,0.6975082651949343,0.02373965358648263,0.479795944462326,0.007643859972369048,0.022672199923545123,0.0011219744458448304,1.9080674997530878,43,"{'C': 24.286655820793264, 'degree': 3, 'gamma': 3.818663623479838}",8,10,bayesian
blood,poly,2,0.7794054054054055,0.016106949189420364,0.7217323912370601,0.02827436351633949,0.5080231127728714,0.012066195408646516,0.03057143990881741,0.0010290828547236941,1.9480718998238444,44,"{'C': 23.936844254628866, 'degree': 6, 'gamma': 3.5291436202329205}",8,10,bayesian
blood,poly,3,0.7794774774774774,0.03241846045388063,0.7224156415856166,0.05402988382722641,0.4933137420029013,0.011704342224554715,0.02976860012859106,0.0014680451723906882,2.0101788002066314,45,"{'C': 15.685164675927945, 'degree': 6, 'gamma': 2.6058768340207172}",8,10,bayesian
blood,poly,4,0.7714054054054055,0.014882064851108896,0.7021477568039017,0.030422250757254195,0.4814335033796147,0.00815427726185202,0.024593820003792642,0.0016660717581580165,1.7813791004009545,46,"{'C': 10.659318426847376, 'degree': 5, 'gamma': 3.4704024356367422}",8,10,bayesian
blood,poly,5,0.7714414414414413,0.024495659505960027,0.7029858880302572,0.03385181057208696,0.4809835494552493,0.006212454790695278,0.022220390010625125,0.0009468619614236362,1.6539763999171555,47,"{'C': 2.8380983088693443, 'degree': 6, 'gamma': 2.91917705535597}",8,10,bayesian
blood,rbf,0,0.7914414414414415,0.017075007473044607,0.7608875285766136,0.021875596639943245,0.48633405496448434,0.007010004679997935,0.012339690001681447,0.0006400367193571088,1.1659448998980224,42,"{'C': 15.028274178568475, 'gamma': 2.8368516771561185}",8,10,bayesian
blood,rbf,1,0.7874054054054055,0.031980073537780686,0.7586576309271558,0.04312175654052394,0.48648264337458835,0.004717655569063545,0.01018635998480022,0.00047812886378552686,1.1538546001538634,43,"{'C': 8.179149256222683, 'gamma': 3.438750940498319}",8,10,bayesian
blood,rbf,2,0.7834234234234234,0.01766666436962189,0.7510177824208543,0.030302192962681922,0.48722404222203614,0.005367086332488041,0.011441309936344624,0.0008328253412481296,1.2152170003391802,44,"{'C': 12.74805033733057, 'gamma': 2.8451209109125584}",8,10,bayesian
blood,rbf,3,0.7875135135135135,0.030174456899844142,0.7564053175806122,0.0387590161366361,0.4857374967482507,0.010438512209651404,0.015624200040474535,0.002058050608231623,1.2950812000781298,45,"{'C': 21.404695032842014, 'gamma': 2.6058768340207172}",8,10,bayesian
blood,rbf,4,0.7874054054054054,0.02855164607848538,0.7528578214500412,0.03615099392653174,0.48915679384129696,0.0069371387811858485,0.010219510039314627,0.0009472986745072604,1.2041242001578212,46,"{'C': 6.226828244802206, 'gamma': 3.0360835232141175}",8,10,bayesian
blood,rbf,5,0.7994414414414415,0.018189891958633634,0.77353170019355,0.02107988343252327,0.4860359963139492,0.0071438610746978205,0.012897680001333355,0.001362605310975204,1.2080848002806306,47,"{'C': 17.690420851338768, 'gamma': 3.201549584739277}",8,10,bayesian
blood,custom_hermite,0,0.7686846846846846,0.01831853886540793,0.6870247131714089,0.02738049023125033,0.48291850565032785,0.004489558306339604,0.022768309945240615,0.002298534950044747,2.116846799850464,42,"{'C': 9.364128431065215, 'degree': 6}",8,10,bayesian
blood,custom_hermite,1,0.77009009009009,0.015020803688963537,0.6874343686963182,0.025458222102436187,0.4805402092583365,0.002738982420781923,0.02090761996805668,0.0010104045403041561,2.0850049001164734,43,"{'C': 16.652589237237546, 'degree': 4}",8,10,bayesian
blood,custom_hermite,2,0.7687567567567568,0.014050634834703252,0.6872321990080874,0.018987528379764924,0.4838082724502978,0.001989645052363735,0.019637940032407642,0.0004482140747317368,2.152813400141895,44,"{'C': 18.616267401506267, 'degree': 3}",8,10,bayesian
blood,custom_hermite,3,0.7701261261261261,0.02147303297625311,0.68884982195902,0.03474928082241877,0.480094003112861,0.00437140871099352,0.02218409008346498,0.003996289662904542,2.149823300074786,45,"{'C': 24.725298825376527, 'degree': 4}",8,10,bayesian
blood,custom_hermite,4,0.770108108108108,0.01476300344086252,0.6881387847280752,0.02026668843028234,0.4824720790472705,0.002992023798118089,0.02015491984784603,0.0008825499904755506,2.2344081001356244,46,"{'C': 22.818144526090006, 'degree': 3}",8,10,bayesian
blood,custom_hermite,5,0.7700900900900901,0.016131107992866135,0.6895781741181326,0.026532415588419234,0.483064228111869,0.004446164597114894,0.022749649919569494,0.0030028468812422523,2.169245299883187,47,"{'C': 17.690420851338768, 'degree': 5}",8,10,bayesian
blood,custom_gegen,0,0.770054054054054,0.019550803297697525,0.6944208166095305,0.03445737333015323,0.4835115365452533,0.002815388641196341,0.0708451499696821,0.002944662592661739,5.6474949000403285,42,"{'C': 4.585929341825992, 'degree': 2, 'alpha': 0.5542652989481534}",8,10,bayesian
blood,custom_gegen,1,0.7767567567567568,0.030875754746241726,0.7275384308396246,0.04415131424860293,0.4870767765574226,0.00603679692928676,0.032085160119459034,0.0014388817932297377,5.2096315999515355,43,"{'C': 16.652589237237546, 'degree': 4, 'alpha': -0.4322624893955228}",8,10,bayesian
blood,custom_gegen,2,0.7887567567567568,0.02918209234157741,0.7532675292518445,0.03737150490493033,0.4710336374178244,0.00362603585433829,0.07241302002221346,0.0018493078614422811,6.231616199947894,44,"{'C': 9.845094997655195, 'degree': 3, 'alpha': 0.5247057950833167}",8,10,bayesian
blood,custom_gegen,3,0.7874954954954955,0.027815081517783155,0.7508305004056379,0.03469631345535722,0.48172825516642337,0.006130259219027013,0.03149122004397213,0.0006266859417185859,4.714093599934131,45,"{'C': 1.933161862413238, 'degree': 3, 'alpha': 0.45088785981341584}",8,10,bayesian
blood,custom_gegen,4,0.7674414414414416,0.012572923396213428,0.6733649667041652,0.02409521768416246,0.4786087803845661,0.0034381450058935527,0.02676599007099867,0.0013089025837959018,4.5835112002678216,46,"{'C': 7.4983963426883635, 'degree': 1, 'alpha': 0.25070004483418906}",8,10,bayesian
blood,custom_gegen,5,0.77009009009009,0.02258470694755249,0.7019848534256301,0.03241830077413575,0.48885939656350724,0.00656860127259566,0.026386780105531214,0.0010810727537902947,5.523174399975687,47,"{'C': 3.1787371619055294, 'degree': 5, 'alpha': -0.47957646815918376}",8,10,bayesian
blood,custom_alsalam,0,0.7847567567567567,0.021057690881580132,0.737819962210378,0.030318204332670205,0.4775693228865833,0.010484670287928518,0.023041729955002664,0.0009407283543093665,1.6166998003609478,42,"{'C': 20.811233577369745, 'degree': 2, 'a': -1, 'q': 0.19}",8,10,bayesian
blood,custom_alsalam,1,0.7941081081081081,0.027509218116946375,0.7626610752844314,0.04127384941018415,0.49628727386563554,0.010405157515938823,0.026319439988583326,0.0006733386650247514,1.5937465000897646,43,"{'C': 16.652589237237546, 'degree': 4, 'a': -1, 'q': 0.03}",8,10,bayesian
blood,custom_alsalam,2,0.7860720720720721,0.02176559423594483,0.7527062878813174,0.03210872205969845,0.48158054858664645,0.0020691515966987876,0.01981453993357718,0.0019347493060427581,1.5022986000403762,44,"{'C': 17.75398968518351, 'degree': 6, 'a': -1, 'q': 0.46}",8,10,bayesian
blood,custom_alsalam,3,0.7915135135135135,0.027012182109311916,0.7595419246091468,0.03512271884870285,0.4936102574503639,0.01176497745407596,0.02488265004940331,0.0010902873454763863,1.6489376001991332,45,"{'C': 24.725298825376527, 'degree': 4, 'a': -1, 'q': 0.28}",8,10,bayesian
blood,custom_alsalam,4,0.7873873873873873,0.03054614740315431,0.7536885356750227,0.03805349727644557,0.4899012790948894,0.011111457397449793,0.02439369005151093,0.0008719355985384616,1.7253560996614397,46,"{'C': 19.59602493779296, 'degree': 4, 'a': -1, 'q': 0.25}",8,10,bayesian
blood,custom_alsalam,5,0.7887387387387387,0.019005251325787165,0.7538887834419001,0.025291271118896883,0.48128337176643843,0.007330793889947475,0.020007669879123568,0.000787273853848441,1.5090005001984537,47,"{'C': 3.1787371619055294, 'degree': 5, 'a': -1, 'q': 0.01}",8,10,bayesian
statlog,linear,0,0.8071848739495799,0.03303856259959653,0.8031268390331695,0.03280195740790576,0.49020471678539324,0.007010085480327219,0.016404869966208935,0.0008715029263884063,1.5547697003930807,42,{'C': 14.966863446441717},8,10,bayesian
statlog,linear,1,0.80593837535014,0.02947819628489366,0.8027816124139324,0.02844580663543722,0.47613406874610964,0.005091897130432473,0.019379640044644476,0.001192942248422612,1.5558847999200225,43,{'C': 21.478578136223994},8,10,bayesian
statlog,linear,2,0.8142436974789916,0.030286061573952538,0.8103721179160261,0.03249152180183831,0.48231378380247597,0.00751027136527845,0.017962750000879168,0.0008228401389942135,1.5948040997609496,44,{'C': 18.616267401506267},8,10,bayesian
statlog,linear,3,0.8095238095238095,0.03918781522591129,0.8051454707612621,0.042798289166889644,0.5303089771076838,0.0066700611610174725,0.012835099874064327,0.0007748583264324859,1.4274670002050698,45,{'C': 7.036901101574616},8,10,bayesian
statlog,linear,4,0.809579831932773,0.03307660711894271,0.8058572920306013,0.034086370532938254,0.4891513935956843,0.005589441089781946,0.0173632200807333,0.0009837494806088,1.6524863000959158,46,{'C': 15.8712078176122},8,10,bayesian
statlog,linear,5,0.8047899159663865,0.030124601642189757,0.8012852587924211,0.02925443544559278,0.480210768379556,0.006998506700776856,0.01931933001615107,0.0007745034762600963,1.746477299835533,47,{'C': 19.99031543689969},8,10,bayesian
statlog,poly,0,0.8342857142857143,0.028224106871802608,0.8330387156806985,0.02695720021899102,0.4811300919842313,0.0073974612443819384,0.025918730022385716,0.0004024488343049406,1.5104785999283195,42,"{'C': 9.364128431065215, 'degree': 6, 'gamma': 2.9321633619048173}",8,10,bayesian
statlog,poly,1,0.8520728291316526,0.026596103944367046,0.849969787482844,0.027243488287833344,0.494411612144685,0.004623321171411863,0.024260810064151882,0.0003373926633412871,2.1273362999781966,43,"{'C': 16.652589237237546, 'degree': 4, 'gamma': 0.13122695669081097}",8,10,bayesian
statlog,poly,2,0.859187675070028,0.034029071407904676,0.8576210874629376,0.03432060058271235,0.43392610139013765,0.005465076184240426,0.03028311994858086,0.0010011815116330372,2.1015468002296984,44,"{'C': 23.936844254628866, 'degree': 6, 'gamma': 3.5291436202329205}",8,10,bayesian
statlog,poly,3,0.8532913165266105,0.041319102136883445,0.8511940366682786,0.04230504519463288,0.4510192613597068,0.008216365909440514,0.027482929965481163,0.0006375745532859076,2.0277329003438354,45,"{'C': 15.685164675927945, 'degree': 6, 'gamma': 2.6058768340207172}",8,10,bayesian
statlog,poly,4,0.8461624649859945,0.02046229511624384,0.8422060248586487,0.022096803147437945,0.4966453420015215,0.005331755202062255,0.024226949922740458,0.0003754289677747873,1.9361468995921314,46,"{'C': 10.659318426847376, 'degree': 5, 'gamma': 3.4704024356367422}",8,10,bayesian
statlog,poly,5,0.8484593837535014,0.029683485416434594,0.8454090267559973,0.02961267087814011,0.5063792447610485,0.010399513690163991,0.023744900012388825,0.0005241437462836311,1.7526240996085107,47,"{'C': 8.787343679511642, 'degree': 5, 'gamma': 3.201549584739277}",8,10,bayesian
statlog,rbf,0,0.8011484593837535,0.03747260583785483,0.7996671899205559,0.03662363397669373,0.6331371464139982,0.006921744227742026,0.013926650024950504,0.0001749034337878153,1.6945056999102235,42,"{'C': 4.546442355210308, 'gamma': 0.7463773439472754}",8,10,bayesian
statlog,rbf,1,0.8201540616246497,0.036937712183647164,0.8152592030124488,0.03890296769932882,0.5848777577979114,0.004292467541001565,0.012568440055474639,0.00025780114509499683,1.6736332001164556,43,"{'C': 6.361273725371123, 'gamma': 0.24227591946943294}",8,10,bayesian
statlog,rbf,2,0.8343557422969188,0.026128992827452402,0.8319214043026817,0.026585732182252846,0.5396458952901307,0.005725309280659257,0.016042410070076583,0.0003526896984217798,1.7881908998824656,44,"{'C': 20.87121887449257, 'gamma': 0.43317197834869975}",8,10,bayesian
statlog,rbf,3,0.8366806722689075,0.043694132332521306,0.8331083590816359,0.046709917974498506,0.5768590497268138,0.007063308402986518,0.013455739989876748,0.0016388816964295898,1.7151995999738574,45,"{'C': 7.036901101574616, 'gamma': 0.3235756148467037}",8,10,bayesian
statlog,rbf,4,0.8413865546218486,0.017971676417229722,0.8386795374309054,0.018632743220856344,0.5471367314475413,0.010360247718218137,0.015145269921049476,0.0012486611851155055,1.7696118000894785,46,"{'C': 12.698850583254085, 'gamma': 0.3539301323851334}",8,10,bayesian
statlog,rbf,5,0.8094257703081233,0.039410532850612925,0.8059840277447166,0.043367777882249714,0.6420772529220555,0.006365921936730532,0.019005680037662388,0.0026577870115240846,1.8057810999453068,47,"{'C': 17.651069250813958, 'gamma': 0.9983686305083388}",8,10,bayesian
statlog,custom_hermite,0,0.7455882352941178,0.043405991552195745,0.7352049411650257,0.0456907074178231,0.6824481291928902,0.006049683091188835,0.11093373992480338,0.007576693057569702,10.171919000335038,42,"{'C': 9.364128431065215, 'degree': 6}",8,10,bayesian
statlog,custom_hermite,1,0.7408263305322129,0.024975429082254915,0.7294895019382011,0.026701705102739687,0.6941501832768517,0.00609023989906978,0.10627907002344728,0.005495305144430247,10.284275199752301,43,"{'C': 8.179149256222683, 'degree': 6}",8,10,bayesian
statlog,custom_hermite,2,0.7396218487394959,0.05827614630365438,0.724039612895772,0.06532943687913267,0.6962535445051525,0.006854584699253962,0.1154919599648565,0.01695202589564569,10.243733699899167,44,"{'C': 12.74805033733057, 'degree': 5}",8,10,bayesian
statlog,custom_hermite,3,0.7408263305322129,0.03447718739938839,0.7282311044857668,0.03883730206992191,0.691519295940245,0.006197661926225116,0.10119295995682479,0.0037454179374085145,10.04424799978733,45,"{'C': 24.725298825376527, 'degree': 4}",8,10,bayesian
statlog,custom_hermite,4,0.7324649859943978,0.033267819242596565,0.7186436413629951,0.039662901711246985,0.6958584618576665,0.00467202554429923,0.10410646996460855,0.005912256425939683,10.245861100032926,46,"{'C': 7.827610313856364, 'degree': 6}",8,10,bayesian
statlog,custom_hermite,5,0.7407703081232493,0.03571178384162685,0.7261315091491269,0.03738445059151706,0.6679808423819076,0.007164261446941546,0.1015323898755014,0.005198731904639741,10.076462199911475,47,"{'C': 17.690420851338768, 'degree': 5}",8,10,bayesian
statlog,custom_gegen,0,0.8273249299719888,0.03726255950029032,0.8256703582720348,0.0377986470281207,0.5309666989418356,0.007693682448585357,0.17194957993924617,0.011884959408491306,32.318411400076,42,"{'C': 3.4882070224403936, 'degree': 2, 'alpha': 0.23906006815444647}",8,10,bayesian
statlog,custom_gegen,1,0.8366526610644257,0.036105782493156824,0.8347054634575507,0.03643465403831464,0.5546377688636834,0.008102660914289392,0.1847334500402212,0.00925159310181218,33.240370500367135,43,"{'C': 2.877249105178084, 'degree': 4, 'alpha': -0.2245519812698833}",8,10,bayesian
statlog,custom_gegen,2,0.7810644257703081,0.028966334952850194,0.7782500766988997,0.028554581106724965,0.8260356871152915,0.005189542203610452,0.20574890999123455,0.03303547497942056,37.418633099645376,44,"{'C': 17.75398968518351, 'degree': 6, 'alpha': 0.41867600678848516}",8,10,bayesian
statlog,custom_gegen,3,0.8212324929971988,0.04037177463735111,0.8198158378754824,0.04167010525695897,0.5501635659450861,0.007208759948960853,0.19015961000695825,0.011356573135165051,30.894719399977475,45,"{'C': 2.812409934004069, 'degree': 2, 'alpha': 0.4623190862767723}",8,10,bayesian
statlog,custom_gegen,4,0.8485714285714285,0.024324130652491296,0.8469938273920523,0.02410641289152063,0.4837613251262189,0.005090470729119772,0.1770643500611186,0.008849105823806389,29.262957999948412,46,"{'C': 11.375642969250542, 'degree': 4, 'alpha': -0.3210331699585467}",8,10,bayesian
statlog,custom_gegen,5,0.8461344537815126,0.016919347199151242,0.8442563952331416,0.01786652272213337,0.4548352237360813,0.00830772645618743,0.17795412014238537,0.008641014145339203,34.67467080010101,47,"{'C': 6.166987894984273, 'degree': 2, 'alpha': -0.4422174052507317}",8,10,bayesian
statlog,custom_alsalam,0,0.8378151260504202,0.03468794964479497,0.8373800823447606,0.0335363294364205,0.5200553288609171,0.010507150272093702,0.061812470015138385,0.0022528223853562697,5.644378600176424,42,"{'C': 20.811233577369745, 'degree': 2, 'a': -1, 'q': 0.19}",8,10,bayesian
statlog,custom_alsalam,1,0.815266106442577,0.04522365372076947,0.8141909619517946,0.04472968503899467,0.58093574936026,0.007725781642421195,0.058052139915525915,0.002718352134036737,5.397305400110781,43,"{'C': 5.526503868113398, 'degree': 3, 'a': -1, 'q': 0.32}",8,10,bayesian
statlog,custom_alsalam,2,0.8142156862745098,0.02939510332398928,0.8118884984231837,0.03129952580341148,0.4489122691749084,0.009045046972206476,0.06720421998761594,0.0017087026908821198,5.515605699736625,44,"{'C': 10.691860375019163, 'degree': 1, 'a': -1, 'q': 0.22}",8,10,bayesian
statlog,custom_alsalam,3,0.8390896358543417,0.028923345554843428,0.8365584109273373,0.03017592915730667,0.4785017981879798,0.00671776115385915,0.06294747008942067,0.002075293731049433,5.59769759979099,45,"{'C': 1.2140015006602403, 'degree': 1, 'a': -1, 'q': 0.12}",8,10,bayesian
statlog,custom_alsalam,4,0.8485434173669468,0.015424130087838555,0.8475258082458685,0.014349656575588007,0.48270627290960644,0.0054936345988541675,0.06511607002466917,0.002794688231013863,5.477195600047708,46,"{'C': 7.4983963426883635, 'degree': 1, 'a': -1, 'q': 0.37}",8,10,bayesian
statlog,custom_alsalam,5,0.8449159663865548,0.03309681465108351,0.8434568786015744,0.03387302039024077,0.505327996403624,0.005677772019862038,0.06217169002629817,0.0019945813127720496,5.360022000037134,47,"{'C': 6.166987894984273, 'degree': 2, 'a': -1, 'q': 0.03}",8,10,bayesian
hepatitis,linear,0,0.8,0.11456439237389601,0.7951864801864803,0.1125617957942685,0.2541666666666667,0.013958160584890132,0.0007693898864090442,5.768100338716175e-05,0.2263086000457406,42,{'C': 3.90130999242047},8,10,bayesian
hepatitis,linear,1,0.85,0.09354143466934853,0.847027972027972,0.08489871220778078,0.2694444444444445,0.021695137988629605,0.000738269928842783,3.485783900550501e-05,0.21859800023958087,43,{'C': 2.877249105178084},8,10,bayesian
hepatitis,linear,2,0.8125,0.1505199322349037,0.7951098901098901,0.15452362717671386,0.2375,0.019094065395649337,0.0008545799646526575,0.00015676147032497764,0.21885670023038983,44,{'C': 20.87121887449257},8,10,bayesian
hepatitis,linear,3,0.8125,0.10077822185373188,0.8163228438228437,0.08930296444675981,0.2375,0.015774745405000762,0.0007543099112808704,8.796208856315191e-05,0.21474169986322522,45,{'C': 7.036901101574616},8,10,bayesian
hepatitis,linear,4,0.8375,0.1125,0.8422435897435898,0.10181394334681797,0.28888888888888886,0.012108052620946321,0.000681930035352707,4.507061546791914e-05,0.21321639977395535,46,{'C': 1.0725933433582453},8,10,bayesian
hepatitis,linear,5,0.825,0.1274754878398196,0.8209523809523809,0.12372616241242644,0.27083333333333337,0.023447143077964083,0.000747040007263422,8.449139189840486e-05,0.25133869983255863,47,{'C': 2.8380983088693443},8,10,bayesian
hepatitis,poly,0,0.825,0.1,0.8239102564102565,0.08721626769374709,0.3222222222222222,0.017347216662217765,0.0006722000427544117,2.599900124539734e-05,0.2146127000451088,42,"{'C': 20.811233577369745, 'degree': 2, 'gamma': 0.7400838537157916}",8,10,bayesian
hepatitis,poly,1,0.875,0.09682458365518543,0.8665792540792541,0.09563954158974775,0.3319444444444445,0.026679684322636867,0.0006389399990439415,2.2608062124660086e-05,0.23003209987655282,43,"{'C': 6.361273725371123, 'degree': 1, 'gamma': 3.468678178582751}",8,10,bayesian
hepatitis,poly,2,0.85,0.10897247358851683,0.8383882783882785,0.12072404304818062,0.28750000000000003,0.017623024361735455,0.0006849000230431557,3.754346746981564e-05,0.21570749999955297,44,"{'C': 20.87121887449257, 'degree': 1, 'gamma': 2.982551919191829}",8,10,bayesian
hepatitis,poly,3,0.85,0.1457737973711325,0.8521794871794872,0.13181339039806017,0.3625,0.02361111111111112,0.0006425099447369576,1.4667121383770489e-05,0.21236030012369156,45,"{'C': 2.812409934004069, 'degree': 2, 'gamma': 1.9223568388864396}",8,10,bayesian
hepatitis,poly,4,0.85,0.10897247358851683,0.8447435897435899,0.10084366338270563,0.3208333333333333,0.0385150683996168,0.0007646600715816021,0.00011896203122799852,0.2173453001305461,46,"{'C': 18.952138540380794, 'degree': 2, 'gamma': 3.749930096242834}",8,10,bayesian
hepatitis,poly,5,0.8375,0.14842927608797396,0.8216666666666667,0.14568802284333465,0.44444444444444436,0.025609845714702456,0.0008731900248676539,0.00012088538868283581,0.2220071000047028,47,"{'C': 8.787343679511642, 'degree': 5, 'gamma': 3.201549584739277}",8,10,bayesian
hepatitis,rbf,0,0.8375,0.057282196186948006,0.7645238095238094,0.07964952993613723,1.0,0.0,0.0007883400190621615,3.610438225439568e-05,0.22599299997091293,42,"{'C': 9.364128431065215, 'gamma': 3.80362731460201}",8,10,bayesian
hepatitis,rbf,1,0.8625,0.10383279828647594,0.8162087912087911,0.12517859479212548,0.861111111111111,0.010758287072798385,0.000763830030336976,1.9309872129267995e-05,0.22524600010365248,43,"{'C': 6.361273725371123, 'gamma': 0.24227591946943294}",8,10,bayesian
hepatitis,rbf,2,0.8375,0.057282196186948006,0.7645238095238094,0.07964952993613723,0.9777777777777776,0.009212846639876126,0.0007924899458885193,5.143082358676275e-05,0.2238739999011159,44,"{'C': 18.616267401506267, 'gamma': 1.4519955194586383}",8,10,bayesian
hepatitis,rbf,3,0.8375,0.057282196186948006,0.7645238095238094,0.07964952993613723,0.9888888888888889,0.005555555555555537,0.0007728600408881903,2.0553395643323755e-05,0.2236851998604834,45,"{'C': 24.725298825376527, 'gamma': 2.205217271021953}",8,10,bayesian
hepatitis,rbf,4,0.8375,0.057282196186948006,0.7645238095238094,0.07964952993613723,0.9916666666666668,0.006804138174397692,0.0007843100000172853,2.6202203894176327e-05,0.2267944999039173,46,"{'C': 19.59602493779296, 'gamma': 2.545040547553847}",8,10,bayesian
hepatitis,rbf,5,0.8375,0.057282196186948006,0.7645238095238094,0.07964952993613723,1.0,0.0,0.0008246900513768196,4.7788509843224656e-05,0.22605259995907545,47,"{'C': 2.8380983088693443, 'gamma': 3.898331079395257}",8,10,bayesian
hepatitis,custom_hermite,0,0.8375,0.057282196186948006,0.7645238095238094,0.07964952993613723,0.35,0.014958791130929185,0.0020188699942082166,2.898135555031184e-05,0.3799871997907758,42,"{'C': 9.364128431065215, 'degree': 6}",8,10,bayesian
hepatitis,custom_hermite,1,0.8375,0.057282196186948006,0.7645238095238094,0.07964952993613723,0.3249999999999999,0.01272937693043287,0.001751859998330474,9.827785099133508e-05,0.3655588999390602,43,"{'C': 2.877249105178084, 'degree': 4}",8,10,bayesian
hepatitis,custom_hermite,2,0.8375,0.057282196186948006,0.7645238095238094,0.07964952993613723,0.3249999999999999,0.01272937693043287,0.0012520499527454375,0.00013494385486404796,0.34770349971950054,44,"{'C': 20.87121887449257, 'degree': 1}",8,10,bayesian
hepatitis,custom_hermite,3,0.8375,0.057282196186948006,0.7645238095238094,0.07964952993613723,0.34444444444444444,0.01734721666221778,0.001683219987899065,2.5809183218554514e-05,0.33926700009033084,45,"{'C': 24.725298825376527, 'degree': 4}",8,10,bayesian
hepatitis,custom_hermite,4,0.8375,0.057282196186948006,0.7645238095238094,0.07964952993613723,0.33611111111111114,0.012108052620946321,0.0017181599978357553,9.161835027726064e-05,0.3805268998257816,46,"{'C': 19.59602493779296, 'degree': 4}",8,10,bayesian
hepatitis,custom_hermite,5,0.8375,0.057282196186948006,0.7645238095238094,0.07964952993613723,0.3249999999999999,0.01272937693043287,0.0020248000510036945,3.64639636414519e-05,0.35475239995867014,47,"{'C': 2.8380983088693443, 'degree': 6}",8,10,bayesian
hepatitis,custom_gegen,0,0.85,0.049999999999999996,0.834102564102564,0.051006309957590645,0.6499999999999999,0.030932024237944562,0.001148389931768179,5.08804654498213e-05,0.3700451999902725,42,"{'C': 3.4882070224403936, 'degree': 2, 'alpha': 0.23906006815444647}",8,10,bayesian
hepatitis,custom_gegen,1,0.85,0.1457737973711325,0.8400000000000001,0.14630087071912984,0.47638888888888886,0.02849761740094887,0.0012488800566643476,0.00010199708346225191,0.3732497999444604,43,"{'C': 5.526503868113398, 'degree': 3, 'alpha': 0.1390319773262353}",8,10,bayesian
hepatitis,custom_gegen,2,0.8375,0.057282196186948006,0.7645238095238094,0.07964952993613723,0.3249999999999999,0.01272937693043287,0.002748079923912883,0.00014278183900376016,0.4102086997590959,44,"{'C': 20.87121887449257, 'degree': 1, 'alpha': 0.9918345585422403}",8,10,bayesian
hepatitis,custom_gegen,3,0.8375,0.057282196186948006,0.7645238095238094,0.07964952993613723,0.9680555555555556,0.008893228107545614,0.001223049918189645,2.2607850911283263e-05,0.35423919977620244,45,"{'C': 1.933161862413238, 'degree': 3, 'alpha': 0.45088785981341584}",8,10,bayesian
hepatitis,custom_gegen,4,0.8625,0.10383279828647594,0.8128571428571428,0.1399149401464707,0.8555555555555555,0.0188398055086813,0.00132102994248271,3.349940766430523e-05,0.3555266000330448,46,"{'C': 11.375642969250542, 'degree': 4, 'alpha': -0.3210331699585467}",8,10,bayesian
hepatitis,custom_gegen,5,0.8375,0.057282196186948006,0.7645238095238094,0.07964952993613723,0.3249999999999999,0.01272937693043287,0.0030989300459623335,0.0001232687098287217,0.4227915001101792,47,"{'C': 2.8380983088693443, 'degree': 6, 'alpha': 0.9601819206672013}",8,10,bayesian
hepatitis,custom_alsalam,0,0.8375,0.057282196186948006,0.7645238095238094,0.07964952993613723,0.3249999999999999,0.01272937693043287,0.0023675499949604275,3.313301069260422e-05,0.3929649000056088,42,"{'C': 9.364128431065215, 'degree': 6, 'a': -1, 'q': 0.73}",8,10,bayesian
hepatitis,custom_alsalam,1,0.8375,0.057282196186948006,0.7645238095238094,0.07964952993613723,0.3249999999999999,0.01272937693043287,0.001712450012564659,0.00022451546372543116,0.40699509996920824,43,"{'C': 6.015499909513754, 'degree': 2, 'a': -1, 'q': 0.86}",8,10,bayesian
hepatitis,custom_alsalam,2,0.8375,0.057282196186948006,0.7645238095238094,0.07964952993613723,0.3249999999999999,0.01272937693043287,0.0012515000533312559,4.67322724534291e-05,0.3767323000356555,44,"{'C': 20.87121887449257, 'degree': 1, 'a': -1, 'q': 0.74}",8,10,bayesian
hepatitis,custom_alsalam,3,0.8375,0.057282196186948006,0.7645238095238094,0.07964952993613723,0.3249999999999999,0.01272937693043287,0.0023623800836503504,3.426566803110434e-05,0.4076578998938203,45,"{'C': 15.685164675927945, 'degree': 6, 'a': -1, 'q': 0.65}",8,10,bayesian
hepatitis,custom_alsalam,4,0.8375,0.057282196186948006,0.7645238095238094,0.07964952993613723,0.3249999999999999,0.01272937693043287,0.0014714900404214858,1.8536643579049055e-05,0.3806290999054909,46,"{'C': 18.952138540380794, 'degree': 2, 'a': -1, 'q': 0.93}",8,10,bayesian
hepatitis,custom_alsalam,5,0.8375,0.057282196186948006,0.7645238095238094,0.07964952993613723,0.3249999999999999,0.01272937693043287,0.0023639199789613485,2.7470154003746766e-05,0.40555870020762086,47,"{'C': 2.8380983088693443, 'degree': 6, 'a': -1, 'q': 0.73}",8,10,bayesian
wine,linear,0,0.9718954248366012,0.028119770933724135,0.9719502211659075,0.028059518720468326,0.14795419254658385,0.013839806206619122,0.0008243900258094073,7.779678150897831e-05,0.20993239991366863,42,{'C': 9.364128431065215},8,10,bayesian
wine,linear,1,0.9666666666666668,0.036851386559504457,0.9665259431926099,0.037082123947383805,0.1641770186335404,0.01128315299424123,0.0007629100698977708,3.4273426040419817e-05,0.20936420001089573,43,{'C': 2.877249105178084},8,10,bayesian
wine,linear,2,0.961111111111111,0.04339027597725921,0.961017686017686,0.04359711903550855,0.14669642857142856,0.010605423101229373,0.0007998701184988022,7.13448472893055e-05,0.22883159993216395,44,{'C': 20.87121887449257},8,10,bayesian
wine,linear,3,0.9722222222222221,0.044790320823880854,0.9720987654320987,0.04486834880268982,0.2097437888198758,0.009854423745438112,0.0007336899638175964,2.762974323712563e-05,0.2073153997771442,45,{'C': 1.2140015006602403},8,10,bayesian
wine,linear,4,0.9888888888888889,0.022222222222222233,0.9889665889665888,0.02206682206682209,0.21972826086956526,0.010430111046682332,0.0007495500147342681,4.0412868709819546e-05,0.2080107000656426,46,{'C': 1.0725933433582453},8,10,bayesian
wine,linear,5,0.9607843137254901,0.05593870185824735,0.9597666302683603,0.05740834782909634,0.16666925465838509,0.00633345291789555,0.0007873999420553446,3.9706666684061597e-05,0.21080320002511144,47,{'C': 2.8380983088693443},8,10,bayesian
wine,poly,0,0.9888888888888889,0.022222222222222233,0.9888042821376155,0.02239437677967667,0.26964285714285713,0.012578789917505677,0.000753059983253479,2.8296782890076547e-05,0.22492880001664162,42,"{'C': 3.4882070224403936, 'degree': 2, 'gamma': 1.475347969373303}",8,10,bayesian
wine,poly,1,0.9944444444444445,0.016666666666666673,0.9944832944832944,0.016550116550116567,0.28338121118012427,0.013983083607691835,0.0007612200919538736,4.3762681381550756e-05,0.2509437999688089,43,"{'C': 6.361273725371123, 'degree': 1, 'gamma': 3.468678178582751}",8,10,bayesian
wine,poly,2,0.9718954248366012,0.03752339893962701,0.9717790959947823,0.03780029404494947,0.22846661490683232,0.010563558715572881,0.0007588498760014772,3.298144234925504e-05,0.24397760024294257,44,"{'C': 10.691860375019163, 'degree': 1, 'gamma': 0.8838158075525571}",8,10,bayesian
wine,poly,3,0.9777777777777779,0.036851386559504457,0.9778554778554778,0.03678136532792549,0.2865100931677018,0.010029620333837775,0.0010356000158935786,0.00020727692168565317,0.2660468998365104,45,"{'C': 2.812409934004069, 'degree': 2, 'gamma': 1.9223568388864396}",8,10,bayesian
wine,poly,4,0.9888888888888889,0.022222222222222233,0.9889665889665888,0.02206682206682209,0.26216614906832303,0.006568690062132924,0.0008287000004202127,0.00013163626876369505,0.2528495001606643,46,"{'C': 7.4983963426883635, 'degree': 1, 'gamma': 1.49865351313378}",8,10,bayesian
wine,poly,5,0.9777777777777779,0.04444444444444447,0.9773180523180522,0.0453755412097536,0.303361801242236,0.01461967242005403,0.0007566000334918499,1.7930161165623083e-05,0.23663239972665906,47,"{'C': 2.469050145265414, 'degree': 2, 'gamma': 2.569034341275915}",8,10,bayesian
wine,rbf,0,0.9888888888888889,0.022222222222222233,0.9888042821376155,0.02239437677967667,0.4045069875776398,0.013382022014582023,0.0010720099788159132,7.327307239752725e-05,0.25923690013587475,42,"{'C': 3.90130999242047, 'gamma': 0.6371656669645575}",8,10,bayesian
wine,rbf,1,0.9833333333333334,0.02545875386086579,0.9831252697919364,0.025779982591791095,0.561789596273292,0.016840857193530425,0.0013573299627751112,0.0001898328610173303,0.27932910015806556,43,"{'C': 3.3356407136855206, 'gamma': 0.9742242670494365}",8,10,bayesian
wine,rbf,2,0.9774509803921569,0.02763129388748755,0.9773736358050084,0.027716864911808643,0.34019021739130434,0.01318550725541848,0.0010621800553053617,5.784080079915287e-05,0.27161569986492395,44,"{'C': 20.87121887449257, 'gamma': 0.43317197834869975}",8,10,bayesian
wine,rbf,3,0.9888888888888889,0.03333333333333335,0.9888888888888889,0.03333333333333335,0.4425737577639752,0.013540404389992195,0.0011102999560534954,4.9700604292534206e-05,0.2930181003175676,45,"{'C': 1.2140015006602403, 'gamma': 0.6663708483298129}",8,10,bayesian
wine,rbf,4,0.988562091503268,0.02288748535280148,0.9883768519062637,0.02328366885689006,0.3027329192546584,0.01855022457952808,0.0010218300390988587,4.3664438370213434e-05,0.2675140998326242,46,"{'C': 12.698850583254085, 'gamma': 0.3539301323851334}",8,10,bayesian
wine,rbf,5,0.9888888888888889,0.022222222222222233,0.9888042821376155,0.02239437677967667,0.6972360248447206,0.01905356698360734,0.0012935000006109477,7.262152343398446e-05,0.2700310000218451,47,"{'C': 18.218637102894156, 'gamma': 1.4160045391037324}",8,10,bayesian
wine,custom_hermite,0,0.9888888888888889,0.022222222222222233,0.9889665889665888,0.02206682206682209,0.25218555900621115,0.010887366883368128,0.0017949999775737524,6.545016305574881e-05,0.39468759996816516,42,"{'C': 20.811233577369745, 'degree': 2}",8,10,bayesian
wine,custom_hermite,1,0.9830065359477125,0.025971655537654292,0.9830785989609518,0.025854752698264764,0.5530667701863354,0.011213448868015832,0.0024020500015467404,0.00012033644696164609,0.40428460016846657,43,"{'C': 0.7263165967845856, 'degree': 5}",8,10,bayesian
wine,custom_hermite,2,0.9830065359477125,0.025971655537654292,0.9828506279486671,0.02621471399929855,0.2915178571428571,0.010644438960731695,0.002200720086693764,0.00011292401678235343,0.38967749988660216,44,"{'C': 8.98341163436399, 'degree': 4}",8,10,bayesian
wine,custom_hermite,3,0.9830065359477125,0.0359417701565164,0.9828527489427143,0.03612325479398313,0.23283385093167702,0.006248210653932161,0.002147029899060726,5.966288848881679e-05,0.38127929996699095,45,"{'C': 24.725298825376527, 'degree': 4}",8,10,bayesian
wine,custom_hermite,4,0.9944444444444445,0.016666666666666673,0.9944832944832944,0.016550116550116567,0.2509355590062112,0.010334948242182403,0.0018238400109112263,6.0834912016704244e-05,0.39496449986472726,46,"{'C': 21.677167808874145, 'degree': 2}",8,10,bayesian
wine,custom_hermite,5,0.9722222222222221,0.05121969142940492,0.9718440818440819,0.05218529170403781,0.24657608695652175,0.009589590554372045,0.002068899990990758,0.0001305523421694503,0.3794337003491819,47,"{'C': 18.218637102894156, 'degree': 3}",8,10,bayesian
wine,custom_gegen,0,0.9774509803921569,0.02763129388748755,0.9776292335115864,0.027407365396238774,0.25402950310559,0.01723173838759436,0.00242166998796165,6.99848820452188e-05,0.9409906002692878,42,"{'C': 3.4882070224403936, 'degree': 2, 'alpha': 0.23906006815444647}",8,10,bayesian
wine,custom_gegen,1,0.9833333333333334,0.02545875386086579,0.9834110334110333,0.025340263573605047,0.25531055900621114,0.01496715199576197,0.0026188100688159465,0.00022142106259689863,0.9166759001091123,43,"{'C': 2.877249105178084, 'degree': 4, 'alpha': -0.2245519812698833}",8,10,bayesian
wine,custom_gegen,2,0.9944444444444445,0.016666666666666673,0.9944444444444445,0.016666666666666673,0.8308307453416148,0.010323413000819775,0.003201160067692399,0.0001296179009886996,1.0276560997590423,44,"{'C': 17.75398968518351, 'degree': 6, 'alpha': 0.41867600678848516}",8,10,bayesian
wine,custom_gegen,3,0.9944444444444445,0.016666666666666673,0.9944444444444445,0.016666666666666673,0.5517857142857142,0.016380948055093547,0.002613419946283102,0.00010038895503522148,0.8185368999838829,45,"{'C': 1.933161862413238, 'degree': 3, 'alpha': 0.45088785981341584}",8,10,bayesian
wine,custom_gegen,4,0.9888888888888889,0.022222222222222233,0.9889277389277389,0.02214469253877384,0.2965023291925466,0.014796265291495959,0.0026469001080840827,8.833330971441908e-05,0.8179315002635121,46,"{'C': 11.375642969250542, 'degree': 4, 'alpha': -0.3210331699585467}",8,10,bayesian
wine,custom_gegen,5,0.9718954248366014,0.04500321564732553,0.9711885416902717,0.0460328074980464,0.3689052795031056,0.017112433550671758,0.00285957008600235,0.00019226370954183585,1.0488980999216437,47,"{'C': 3.1787371619055294, 'degree': 5, 'alpha': -0.47957646815918376}",8,10,bayesian
wine,custom_alsalam,0,0.9888888888888889,0.022222222222222233,0.9888042821376155,0.02239437677967667,0.36330745341614906,0.013905361867757215,0.001750389952212572,4.0660557910914137e-05,0.3758527999743819,42,"{'C': 20.811233577369745, 'degree': 2, 'a': -1, 'q': 0.19}",8,10,bayesian
wine,custom_alsalam,1,0.9888888888888889,0.022222222222222233,0.9888042821376155,0.02239437677967667,0.4101358695652174,0.018799103125715214,0.0021092798560857773,2.8556979368717532e-05,0.392815800383687,43,"{'C': 16.652589237237546, 'degree': 4, 'a': -1, 'q': 0.03}",8,10,bayesian
wine,custom_alsalam,2,0.9830065359477125,0.025971655537654292,0.9830526481506874,0.025893095803624994,0.504988354037267,0.011700908812865299,0.0025963800027966498,8.766178348623962e-05,0.41724100010469556,44,"{'C': 17.75398968518351, 'degree': 6, 'a': -1, 'q': 0.46}",8,10,bayesian
wine,custom_alsalam,3,0.9888888888888889,0.03333333333333335,0.9888888888888889,0.03333333333333335,0.46315993788819865,0.010185347105897052,0.0021368900779634714,4.344488513138868e-05,0.40229260036721826,45,"{'C': 24.725298825376527, 'degree': 4, 'a': -1, 'q': 0.28}",8,10,bayesian
wine,custom_alsalam,4,0.9944444444444445,0.016666666666666673,0.9944832944832944,0.016550116550116567,0.4538004658385093,0.012800890973486802,0.002143640024587512,4.4051341127871877e-05,0.3856172999367118,46,"{'C': 19.59602493779296, 'degree': 4, 'a': -1, 'q': 0.25}",8,10,bayesian
wine,custom_alsalam,5,0.9830065359477125,0.025971655537654292,0.9831847890671419,0.0256947772361802,0.4076048136645962,0.013038780325396387,0.00230943001806736,6.003171838083068e-05,0.4022798999212682,47,"{'C': 3.1787371619055294, 'degree': 5, 'a': -1, 'q': 0.01}",8,10,bayesian
haberman,linear,0,0.7220430107526882,0.01863816514946535,0.6165466588859951,0.014837617278701802,0.5392239789196311,0.011526151422847197,0.0013650599401444196,0.00022662772409684807,0.3568994998931885,42,{'C': 1.4530322205928181},8,10,bayesian
haberman,linear,1,0.7222580645161291,0.020861600663437157,0.6165885559867157,0.014049166361833433,0.5417523056653492,0.01056268020989675,0.001498000044375658,0.00017099344144525468,0.3490482000634074,43,{'C': 2.877249105178084},8,10,bayesian
haberman,linear,2,0.7288172043010752,0.013026294813684116,0.6199167668066025,0.011907764403144564,0.5446627140974968,0.007759207385731612,0.0034264099784195425,0.0007648070194960616,0.3965913001447916,44,{'C': 20.87121887449257},8,10,bayesian
haberman,linear,3,0.7252688172043011,0.04378140235357159,0.6343056701419453,0.04846295301150326,0.5421277997364955,0.014401584424289961,0.003359859995543957,0.0007859744196009355,0.35648699989542365,45,{'C': 24.725298825376527},8,10,bayesian
haberman,linear,4,0.7286021505376344,0.017111307814651713,0.6198130517195355,0.014799425124091983,0.5450382081686429,0.01410759147518462,0.001312999939545989,0.0001556278149844871,0.3604409000836313,46,{'C': 1.0725933433582453},8,10,bayesian
haberman,linear,5,0.7254838709677419,0.021158765912893944,0.6181958236317191,0.014783935629831085,0.5421212121212121,0.013286233317142248,0.0015422300435602664,0.0001985048725461868,0.3887183996848762,47,{'C': 2.8380983088693443},8,10,bayesian
haberman,poly,0,0.7418279569892473,0.05890363408527395,0.7044064763433286,0.07400451537578369,0.541760210803689,0.012541302872181082,0.00774211990647018,0.0004908494442383311,0.48228259989991784,42,"{'C': 9.364128431065215, 'degree': 6, 'gamma': 2.9321633619048173}",8,10,bayesian
haberman,poly,1,0.7616129032258064,0.045263708750661664,0.7116836159008788,0.062200098929437,0.5355783926218709,0.014907769834601832,0.006410220079123974,0.0007380687572647488,0.5542502999305725,43,"{'C': 16.652589237237546, 'degree': 4, 'gamma': 0.13122695669081097}",8,10,bayesian
haberman,poly,2,0.7321505376344086,0.03063082101752506,0.6535577545969481,0.049667133810007494,0.5312252964426877,0.006683764729220898,0.002099180035293102,0.00030393287658363514,0.5335014997981489,44,"{'C': 16.160617649522433, 'degree': 2, 'gamma': 2.553002555011625}",8,10,bayesian
haberman,poly,3,0.7315053763440861,0.06070851948510824,0.6860749745133884,0.07152783580724356,0.534137022397892,0.014512586740751489,0.007160550123080612,0.0006057961211874177,0.5945097003132105,45,"{'C': 24.725298825376527, 'degree': 4, 'gamma': 1.1370165937272034}",8,10,bayesian
haberman,poly,4,0.738494623655914,0.03296290883356322,0.6631919444035015,0.049289006877965065,0.5345006587615283,0.009425378357943777,0.0022381999529898166,0.00030296744693588236,0.5137235000729561,46,"{'C': 18.952138540380794, 'degree': 2, 'gamma': 3.749930096242834}",8,10,bayesian
haberman,poly,5,0.7418279569892474,0.030494631238908925,0.6614718130187823,0.04798630305890712,0.537760210803689,0.004255950254146272,0.0015868599992245435,0.0001387259270964081,0.4395010001026094,47,"{'C': 6.166987894984273, 'degree': 2, 'gamma': 0.11129523917292246}",8,10,bayesian
haberman,rbf,0,0.7383870967741937,0.048978583147353406,0.6817627771975021,0.061897128240749125,0.5443017127799737,0.011268076562617146,0.0019041600171476603,0.00010949834446463211,0.39827000023797154,42,"{'C': 4.546442355210308, 'gamma': 0.7463773439472754}",8,10,bayesian
haberman,rbf,1,0.7521505376344086,0.06214877029894063,0.6976463516704775,0.08057103531956866,0.5508221343873517,0.014895110879299876,0.0018868399783968925,0.00011320874270015029,0.3773153997026384,43,"{'C': 3.3356407136855206, 'gamma': 0.9742242670494365}",8,10,bayesian
haberman,rbf,2,0.7386021505376343,0.043399986093592684,0.6877574944465138,0.05128791598758959,0.541030303030303,0.0037315304729191334,0.0025021099019795654,0.0002555878491042819,0.43394589982926846,44,"{'C': 20.87121887449257, 'gamma': 0.43317197834869975}",8,10,bayesian
haberman,rbf,3,0.7287096774193549,0.033257110214399206,0.6441842654512449,0.0480627333387082,0.5461238471673255,0.010082042147575111,0.0016761700157076121,6.0948892004930796e-05,0.4122569002211094,45,"{'C': 1.2140015006602403, 'gamma': 0.6663708483298129}",8,10,bayesian
haberman,rbf,4,0.7317204301075269,0.030836977501179575,0.6611473350771286,0.042637135572196484,0.5374097496706193,0.012324264762295228,0.002067630086094141,0.00022988327711782633,0.4025054997764528,46,"{'C': 12.698850583254085, 'gamma': 0.3539301323851334}",8,10,bayesian
haberman,rbf,5,0.7286021505376346,0.039973976966863674,0.6791527918162779,0.04349816367677101,0.5504769433465084,0.013173383006163336,0.0019038399681448937,0.0001750004906237316,0.39475199999287724,47,"{'C': 2.469050145265414, 'gamma': 1.2126764221426334}",8,10,bayesian
haberman,custom_hermite,0,0.741505376344086,0.039052247613991106,0.6737838883960828,0.05248743292168861,0.5352292490118576,0.010884594472446487,0.002499019913375378,0.00025306879203270625,0.3696436998434365,42,"{'C': 18.300116551343315, 'degree': 4}",8,10,bayesian
haberman,custom_hermite,1,0.7453763440860215,0.0509178104858543,0.6842278677285433,0.06511537074780814,0.5381251646903821,0.009871160327327676,0.0025838900357484816,0.0002554062354934914,0.3683337001129985,43,"{'C': 8.179149256222683, 'degree': 6}",8,10,bayesian
haberman,custom_hermite,2,0.7418279569892473,0.030725042088724862,0.6662980637701634,0.05186904311820516,0.5334057971014492,0.003992543794356899,0.0017797600943595172,9.736977471886065e-05,0.36535599967464805,44,"{'C': 20.87121887449257, 'degree': 1}",8,10,bayesian
haberman,custom_hermite,3,0.738494623655914,0.042207006282727694,0.6676272291845894,0.05406874595809651,0.535957839262187,0.012245107487048157,0.0018448500428348779,0.00018162280419833904,0.36730080004781485,45,"{'C': 15.457743794700386, 'degree': 2}",8,10,bayesian
haberman,custom_hermite,4,0.7416129032258064,0.025065759276866034,0.6646577459225909,0.047027882443263114,0.5337839262187088,0.010483023197270309,0.002493719989433885,0.00020430041164287425,0.37786459969356656,46,"{'C': 22.818144526090006, 'degree': 3}",8,10,bayesian
haberman,custom_hermite,5,0.7449462365591398,0.025944077464988197,0.6796775426532224,0.03439723624105789,0.5384901185770751,0.008736672520308263,0.0024344999808818104,0.00019261345066969555,0.35915610007941723,47,"{'C': 18.218637102894156, 'degree': 3}",8,10,bayesian
haberman,custom_gegen,0,0.7416129032258064,0.048327442319237274,0.692504787847916,0.0633896752451928,0.5261475625823452,0.013461321018977155,0.007569369953125715,0.00023036975753250687,0.749123599845916,42,"{'C': 10.799193521034251, 'degree': 2, 'alpha': 0.7275872604975351}",8,10,bayesian
haberman,custom_gegen,1,0.7486021505376345,0.05575411389597711,0.6800167106068434,0.08067482688543612,0.5388432147562583,0.009331982979099415,0.0077605899423360825,0.0004574908289007659,0.7846500999294221,43,"{'C': 6.015499909513754, 'degree': 2, 'alpha': 1.2196836069877095}",8,10,bayesian
haberman,custom_gegen,2,0.7453763440860215,0.035881770375133216,0.694786419190533,0.04201925103382612,0.5294123847167326,0.007211005298809607,0.007675660029053688,0.00021555395929877993,0.8796398001722991,44,"{'C': 16.160617649522433, 'degree': 2, 'alpha': 0.7772957074756099}",8,10,bayesian
haberman,custom_gegen,3,0.7347311827956988,0.06707479995837058,0.6857012753440151,0.07583393262167358,0.5250671936758893,0.014504435584097303,0.007701709959656,0.0001505338213549839,0.7329132999293506,45,"{'C': 11.013831688474836, 'degree': 2, 'alpha': 0.5243023712538111}",8,10,bayesian
haberman,custom_gegen,4,0.7381720430107527,0.04799904130541436,0.6865905371226575,0.06550397695151819,0.5410408432147562,0.013731758515052627,0.003985230065882206,0.0005097816834369869,0.6764469998888671,46,"{'C': 9.871403897553764, 'degree': 4, 'alpha': -0.4183827982365956}",8,10,bayesian
haberman,custom_gegen,5,0.7517204301075269,0.0289423138788649,0.7074752240586469,0.038164362232409856,0.530866930171278,0.011650024024784343,0.008196209976449608,0.0004015903060268186,0.8427039002999663,47,"{'C': 8.787343679511642, 'degree': 5, 'alpha': 1.101213157303507}",8,10,bayesian
haberman,custom_alsalam,0,0.7449462365591397,0.04645559520962459,0.6831679955992687,0.05966509421587454,0.5533833992094863,0.01587335331403944,0.0022241900209337474,9.978562543437263e-05,0.45029049972072244,42,"{'C': 1.4530322205928181, 'degree': 6, 'a': -1, 'q': 0.6}",8,10,bayesian
haberman,custom_alsalam,1,0.7386021505376344,0.03508557827960436,0.6547790167524512,0.04746939562876135,0.5330355731225296,0.010578191028584318,0.001680910075083375,0.00030536109285193706,0.4204734996892512,43,"{'C': 6.015499909513754, 'degree': 2, 'a': -1, 'q': 0.86}",8,10,bayesian
haberman,custom_alsalam,2,0.7420430107526881,0.03831172384016468,0.6845514314440244,0.042340813636791874,0.5337694334650855,0.008244859804964854,0.0023399700410664083,0.00021492931903517354,0.4204403003677726,44,"{'C': 16.160617649522433, 'degree': 2, 'a': -1, 'q': 0.64}",8,10,bayesian
haberman,custom_alsalam,3,0.7382795698924731,0.04777679633954483,0.674434511331789,0.06363752168772996,0.5334137022397892,0.01003256815964349,0.0019295099191367626,0.00015357408441725245,0.4285136996768415,45,"{'C': 2.812409934004069, 'degree': 2, 'a': -1, 'q': 0.48000000000000004}",8,10,bayesian
haberman,custom_alsalam,4,0.7382795698924731,0.0348400371444959,0.6590602102766508,0.04482856419213351,0.5334097496706193,0.006625288325738838,0.0027161999605596066,0.0004062402219312767,0.4757345002144575,46,"{'C': 7.4983963426883635, 'degree': 1, 'a': -1, 'q': 0.37}",8,10,bayesian
haberman,custom_alsalam,5,0.7480645161290322,0.028265665660716033,0.6808216433861773,0.04392945485570929,0.5410316205533597,0.008405177656930943,0.002108699968084693,4.709307955365786e-05,0.3865633001551032,47,"{'C': 2.8380983088693443, 'degree': 6, 'a': -1, 'q': 0.73}",8,10,bayesian
ionosphere,linear,0,0.8944444444444445,0.046327729314109084,0.8900648925287987,0.04937867608408861,0.2421679726743018,0.010861881413337408,0.003472140058875084,0.0006838071345393583,0.5880057998001575,42,{'C': 3.90130999242047},8,10,bayesian
ionosphere,linear,1,0.8717460317460318,0.05758558650602274,0.8662688797367147,0.062358140130577076,0.24660036166365282,0.012114666223907255,0.0025823500007390978,0.00024017724018999344,0.5587887996807694,43,{'C': 2.877249105178084},8,10,bayesian
ionosphere,linear,2,0.8915873015873015,0.05555124699845989,0.8857960267498957,0.06263026136337312,0.21621157323688972,0.01744352622877884,0.005733610037714243,0.00019716800993770597,0.631986299995333,44,{'C': 15.231350277073174},8,10,bayesian
ionosphere,linear,3,0.8746825396825397,0.044493241352784096,0.8702005280662268,0.047866970496162765,0.24342877235282295,0.007724833878853134,0.004000190133228898,0.0008042194437645993,0.5697888000868261,45,{'C': 4.08394788075846},8,10,bayesian
ionosphere,linear,4,0.8915873015873015,0.045894980186826605,0.8873818432315034,0.048892773741311034,0.2339381153305204,0.011944655081824995,0.0042338699102401735,0.0007842002635764326,0.6159961000084877,46,{'C': 6.226828244802206},8,10,bayesian
ionosphere,linear,5,0.891825396825397,0.05805277527003586,0.8868367413549759,0.061699042269415,0.25197508539280694,0.011786232866195488,0.0030633399728685617,0.0004801224101854465,0.6269940999336541,47,{'C': 2.8380983088693443},8,10,bayesian
ionosphere,poly,0,0.9144444444444446,0.0443675638910182,0.9117624200242146,0.04662034047169858,0.28490456098051037,0.011860438926473984,0.003945490112528205,5.743792990002329e-05,0.4059121999889612,42,"{'C': 1.4530322205928181, 'degree': 6, 'gamma': 2.4106926249143474}",8,10,bayesian
ionosphere,poly,1,0.9200000000000002,0.05827450872677469,0.91590191824278,0.06265968184252602,0.23204139039582078,0.015728059982807255,0.0041708600707352165,6.929995249553671e-05,0.5050582000985742,43,"{'C': 18.343973658710794, 'degree': 3, 'gamma': 3.211281488286093}",8,10,bayesian
ionosphere,poly,2,0.917142857142857,0.05635166549518862,0.9132390957311183,0.06264591561537979,0.25735985533453887,0.009062200742883266,0.0041270899586379525,0.000142819469399596,0.4798905001953244,44,"{'C': 9.013160405570884, 'degree': 3, 'gamma': 2.443059172775448}",8,10,bayesian
ionosphere,poly,3,0.925873015873016,0.04087756177524953,0.9234676630184493,0.043766031876589825,0.22728852722523607,0.007230477785185464,0.007015869952738285,0.007305222255163416,0.5100835999473929,45,"{'C': 24.768051397260244, 'degree': 3, 'gamma': 2.4791420829636928}",8,10,bayesian
ionosphere,poly,4,0.9230158730158731,0.051254113268928245,0.9194512170364435,0.05731986274366177,0.24153204741812337,0.010590993895586792,0.004112889990210533,0.00013372225906594488,0.47954950015991926,46,"{'C': 11.375642969250542, 'degree': 4, 'gamma': 0.3539301323851334}",8,10,bayesian
ionosphere,poly,5,0.9316666666666666,0.04071428571428573,0.9299910459617406,0.042056126823540874,0.26558268032951576,0.010830939564658325,0.0040062400046736,6.226916650890443e-05,0.44568710029125214,47,"{'C': 3.1787371619055294, 'degree': 5, 'gamma': 0.036494979737815125}",8,10,bayesian
ionosphere,rbf,0,0.9400000000000001,0.03245090483314443,0.9405496475919939,0.031955510104132945,0.5995609805103477,0.009761480448305002,0.003267479920759797,0.00040642284479306935,0.47082059970125556,42,"{'C': 3.90130999242047, 'gamma': 0.6371656669645575}",8,10,bayesian
ionosphere,rbf,1,0.9514285714285714,0.03625307868699864,0.9509531683538782,0.036696260341557145,0.46660337552742615,0.010410510652259347,0.002928679995238781,0.00010816731851556548,0.46944899996742606,43,"{'C': 6.361273725371123, 'gamma': 0.24227591946943294}",8,10,bayesian
ionosphere,rbf,2,0.9486507936507935,0.028059905143175225,0.9482283301327479,0.029000149332793393,0.5378280088406671,0.005851722124490554,0.0030992799904197453,0.00014510856633310508,0.4750267998315394,44,"{'C': 20.87121887449257, 'gamma': 0.43317197834869975}",8,10,bayesian
ionosphere,rbf,3,0.9457936507936507,0.03493515210511772,0.9456696657584166,0.035014220218087956,0.510609805103476,0.009562178549322935,0.0031834098976105452,0.00021858766377798956,0.4759392002597451,45,"{'C': 7.036901101574616, 'gamma': 0.3235756148467037}",8,10,bayesian
ionosphere,rbf,4,0.9430158730158731,0.03130205415151391,0.9429000401434158,0.031587787895054814,0.514400241109102,0.012141179541364993,0.0030884000938385726,9.554540382466004e-05,0.474015099927783,46,"{'C': 12.698850583254085, 'gamma': 0.3539301323851334}",8,10,bayesian
ionosphere,rbf,5,0.9402380952380952,0.03912955978514955,0.9391525619044186,0.04014514347968662,0.2617842073538276,0.015838105043352292,0.002933609951287508,0.00026932903528203745,0.47268790006637573,47,"{'C': 6.40055479001776, 'gamma': 0.11129523917292246}",8,10,bayesian
ionosphere,custom_hermite,0,0.6865873015873016,0.03623509154687527,0.59503320176784,0.0604186783611206,0.6644524814145066,0.010243464576184592,0.01695026005618274,0.0006591911598714448,1.8995926999486983,42,"{'C': 18.300116551343315, 'degree': 4}",8,10,bayesian
ionosphere,custom_hermite,1,0.6894444444444445,0.0349026829758339,0.6023493318227693,0.06710574450104786,0.671416515973478,0.009521512606332796,0.018645960045978426,0.0004922512728445451,1.8974367999471724,43,"{'C': 8.179149256222683, 'degree': 6}",8,10,bayesian
ionosphere,custom_hermite,2,0.6865873015873016,0.02869121714119295,0.5961096697164885,0.054047539575785425,0.6771177416114125,0.010731813674859704,0.018182679964229464,0.000780642699388869,1.8697282001376152,44,"{'C': 5.448253834793757, 'degree': 6}",8,10,bayesian
ionosphere,custom_hermite,3,0.6835714285714285,0.04426842980670335,0.5956748427308157,0.0705277403563979,0.6616033755274262,0.008708762633143583,0.017676520021632315,0.0005413585903342772,1.7428825995884836,45,"{'C': 24.725298825376527, 'degree': 4}",8,10,bayesian
ionosphere,custom_hermite,4,0.6837301587301587,0.03504532212970233,0.5988865617118269,0.05183855454953327,0.6723658830620856,0.008350050322343289,0.01838600989431143,0.0005803660770531512,1.894375799689442,46,"{'C': 7.827610313856364, 'degree': 6}",8,10,bayesian
ionosphere,custom_hermite,5,0.6837301587301589,0.03504532212970233,0.5937339811931355,0.05788881775393536,0.6682489451476794,0.009271305818168207,0.01850540013983846,0.0008740192863927842,1.841555000282824,47,"{'C': 17.690420851338768, 'degree': 5}",8,10,bayesian
ionosphere,custom_gegen,0,0.9372222222222222,0.03797675025710736,0.9359126560971148,0.03919962214817693,0.20449568012859154,0.008643551653064978,0.028976589953526855,0.0020631922954014647,6.872331299819052,42,"{'C': 20.811233577369745, 'degree': 2, 'alpha': -0.12816831525786976}",8,10,bayesian
ionosphere,custom_gegen,1,0.9344444444444445,0.047925206278381274,0.9332471818334606,0.049140362681555375,0.2570423950170786,0.010826694741077784,0.030861240066587924,0.0017418847670454959,7.490235999692231,43,"{'C': 2.877249105178084, 'degree': 4, 'alpha': -0.2245519812698833}",8,10,bayesian
ionosphere,custom_gegen,2,0.8943650793650795,0.06404761904761902,0.8893124208816161,0.070174345983711,0.3716395418927065,0.012835451020592508,0.023096210043877363,0.0014216845967914046,7.808094900101423,44,"{'C': 10.691860375019163, 'degree': 1, 'alpha': -0.05638125000041694}",8,10,bayesian
ionosphere,custom_gegen,3,0.9287301587301589,0.02643178873595795,0.9295820469993334,0.025954552781348002,0.6008227848101266,0.01285308876195292,0.029896530043333768,0.0004456747297784078,6.333768299780786,45,"{'C': 1.933161862413238, 'degree': 3, 'alpha': 0.45088785981341584}",8,10,bayesian
ionosphere,custom_gegen,4,0.9257936507936508,0.04089766555219318,0.9244599526374643,0.04255039087818591,0.2728691983122363,0.025127671648950342,0.03911369005218148,0.017996349627448328,6.632464100141078,46,"{'C': 11.375642969250542, 'degree': 4, 'alpha': -0.3210331699585467}",8,10,bayesian
ionosphere,custom_gegen,5,0.9203174603174602,0.03762808812407318,0.9191569123975343,0.038703776784257946,0.2554450472171991,0.07666892104817215,0.031408119946718216,0.0023703599819417578,8.292716700118035,47,"{'C': 6.166987894984273, 'degree': 2, 'alpha': -0.4422174052507317}",8,10,bayesian
ionosphere,custom_alsalam,0,0.9315873015873015,0.03187631994510394,0.9299410970096409,0.0333136000631165,0.5821458710066305,0.010015112399884327,0.013061759993433952,0.0009088000460628506,1.509297200012952,42,"{'C': 3.4882070224403936, 'degree': 2, 'a': -1, 'q': 0.37}",8,10,bayesian
ionosphere,custom_alsalam,1,0.9457936507936509,0.04690476190476192,0.9459773321029884,0.046359361105248256,0.6229827205143661,0.009712775841199716,0.013411169964820146,0.0007605498771727174,1.5278170998208225,43,"{'C': 5.526503868113398, 'degree': 3, 'a': -1, 'q': 0.32}",8,10,bayesian
ionosphere,custom_alsalam,2,0.9288095238095238,0.022898028908426963,0.9295074688069258,0.022742750637795416,0.6451426562186056,0.00846441105492379,0.014390660030767322,0.00048368358466202083,1.475101100280881,44,"{'C': 17.75398968518351, 'degree': 6, 'a': -1, 'q': 0.46}",8,10,bayesian
ionosphere,custom_alsalam,3,0.9486507936507937,0.04004603360204649,0.948902843583101,0.03936114019070315,0.5948061080972474,0.007475597326797233,0.012434919970110059,0.0003576828522209307,1.5035230000503361,45,"{'C': 2.812409934004069, 'degree': 2, 'a': -1, 'q': 0.48000000000000004}",8,10,bayesian
ionosphere,custom_alsalam,4,0.9344444444444445,0.0384772512819348,0.9347139463710892,0.03846652225130451,0.6062075547518584,0.009594440652458174,0.013035730086266994,0.0005609140630527784,1.3735968000255525,46,"{'C': 9.871403897553764, 'degree': 4, 'a': -1, 'q': 0.04}",8,10,bayesian
ionosphere,custom_alsalam,5,0.9318253968253968,0.06620631876181403,0.9326818713164153,0.06512127419818792,0.6049417319670484,0.007133492130011199,0.020669239945709704,0.019175214949572264,1.5811012000776827,47,"{'C': 3.1787371619055294, 'degree': 5, 'a': -1, 'q': 0.01}",8,10,bayesian
breast,linear,0,0.9677962489343563,0.018205597814806573,0.9677349100866772,0.018406076777489545,0.0735319509546887,0.0034764747469941764,0.0038951400201767683,0.00039846245968138576,0.5208739000372589,42,{'C': 9.364128431065215},8,10,bayesian
breast,linear,1,0.9648337595907929,0.021011293417587645,0.9649246042107267,0.02085479597979423,0.07515902650883188,0.0039112271063293114,0.0031566200312227012,0.0003303575826544584,0.5112740998156369,43,{'C': 2.877249105178084},8,10,bayesian
breast,linear,2,0.9693094629156009,0.02105383934071256,0.9694095529504428,0.020919051536603717,0.07385583008924552,0.004040622710581063,0.003208829928189516,0.00037058994954570015,0.5103172999806702,44,{'C': 2.6207978131423735},8,10,bayesian
breast,linear,3,0.9677109974424554,0.017179616688616912,0.9677450250297234,0.017107742847035236,0.07239479886655545,0.00464353692602816,0.004304449912160635,0.0003248875523505255,0.49586489982903004,45,{'C': 24.725298825376527},8,10,bayesian
breast,linear,4,0.9692668371696506,0.018950440211300962,0.969364619221067,0.01888934573487165,0.07776091734858717,0.00402680022165421,0.0027342499699443577,0.0002848737477897877,0.506780999712646,46,{'C': 1.0725933433582453},8,10,bayesian
breast,linear,5,0.9664109121909632,0.01839763934380614,0.9665613215884227,0.018177841647982536,0.07385530044225523,0.0039632241100415674,0.0032720100600272415,0.00031134756749143623,0.535708200186491,47,{'C': 2.8380983088693443},8,10,bayesian
breast,poly,0,0.9692455242966751,0.01660300163820776,0.9692811097126247,0.016679301151114514,0.08117740525939461,0.004502484205217,0.0028629799373447893,0.00015298737839703922,0.6652835998684168,42,"{'C': 3.4882070224403936, 'degree': 2, 'gamma': 1.475347969373303}",8,10,bayesian
breast,poly,1,0.9736572890025575,0.017092658377560556,0.9737591344365797,0.01696320087690003,0.08329281533857683,0.0039732669868696195,0.003014180017635226,0.0001798189217697835,1.0478077000007033,43,"{'C': 6.015499909513754, 'degree': 2, 'gamma': 3.438750940498319}",8,10,bayesian
breast,poly,2,0.9707587382779199,0.019572784551680603,0.9708287020196721,0.019479203760529203,0.07759778607558063,0.004867364642857621,0.003047560015693307,0.00033853895806921423,0.9896536995656788,44,"{'C': 10.691860375019163, 'degree': 1, 'gamma': 0.8838158075525571}",8,10,bayesian
breast,poly,3,0.9706308610400682,0.019761941266701652,0.9707285627425051,0.01967089006380995,0.0806914541458118,0.0057139274244720345,0.002700540004298091,0.0002467564407819441,0.9677420002408326,45,"{'C': 2.812409934004069, 'degree': 2, 'gamma': 1.9223568388864396}",8,10,bayesian
breast,poly,4,0.9707161125319693,0.017293712187118088,0.9708338341664492,0.01720206011224956,0.08378062021662562,0.004497676388187646,0.011296009924262763,0.00019289176343987585,1.0634997999295592,46,"{'C': 1.0725933433582453, 'degree': 3, 'gamma': 3.652252873960553}",8,10,bayesian
breast,poly,5,0.9707800511508953,0.015936115561034716,0.9709598033202521,0.0156714868866626,0.08263949577606525,0.005198027077151847,0.0031774100847542287,0.0004000853755551135,0.858279200270772,47,"{'C': 6.773749163565875, 'degree': 2, 'gamma': 3.8183630314316934}",8,10,bayesian
breast,rbf,0,0.964855072463768,0.016335576798822724,0.9652201169287583,0.016028098095145882,0.44590847700007946,0.0033389612205223895,0.006890519987791777,0.0006184063751248752,0.7864256002940238,42,"{'C': 15.028274178568475, 'gamma': 2.8368516771561185}",8,10,bayesian
breast,rbf,1,0.9619565217391303,0.022842438878767413,0.9620154829703015,0.022736293963135274,0.11159979873414369,0.0059307623257200915,0.005767880007624626,0.00019914464807381865,0.789153499994427,43,"{'C': 6.361273725371123, 'gamma': 0.24227591946943294}",8,10,bayesian
breast,rbf,2,0.964919011082694,0.023607352655932345,0.9652989647302206,0.023162479291378015,0.4338706602049734,0.004155288314934353,0.0062317799776792525,0.00012423556538942947,0.7830687998794019,44,"{'C': 8.98341163436399, 'gamma': 2.443059172775448}",8,10,bayesian
breast,rbf,3,0.9662617220801366,0.017448996318476354,0.9664212468228991,0.01733399473967155,0.2295415905299118,0.006518463846451773,0.005903600016608834,9.555651859159801e-05,0.8514233003370464,45,"{'C': 1.2140015006602403, 'gamma': 0.6663708483298129}",8,10,bayesian
breast,rbf,4,0.964855072463768,0.017574386215931534,0.9651683458359382,0.017331944551282775,0.3977542967612086,0.0041187399775143825,0.006165319960564375,0.00028094589577574763,0.7883648998104036,46,"{'C': 1.0725933433582453, 'gamma': 1.7722052636656271}",8,10,bayesian
breast,rbf,5,0.9693094629156012,0.01200957225767151,0.9694071777650061,0.011838746107772111,0.09419162628108366,0.003865049702538724,0.005617879936471582,0.0006226973626372946,0.7628124002367258,47,"{'C': 6.40055479001776, 'gamma': 0.11129523917292246}",8,10,bayesian
breast,custom_hermite,0,0.9721867007672635,0.013725970058277281,0.9721799822854633,0.01372453710247948,0.19782023781149866,0.0070644650761761225,0.03498372002504766,0.0014307224301496908,3.339354599826038,42,"{'C': 15.028274178568475, 'degree': 5}",8,10,bayesian
breast,custom_hermite,1,0.9721653878942883,0.01663829803749472,0.9722284510301524,0.016511878905414338,0.2189698366039035,0.005826113498534058,0.031959980027750134,0.0013660586750865837,3.336172700393945,43,"{'C': 8.179149256222683, 'degree': 6}",8,10,bayesian
breast,custom_hermite,2,0.9751065643648763,0.013224564691666989,0.975096654850786,0.01320776408364376,0.19293901114906914,0.007080573170899245,0.03344251997768879,0.0014578221311055846,3.317551900167018,44,"{'C': 18.616267401506267, 'degree': 3}",8,10,bayesian
breast,custom_hermite,3,0.9735720375106565,0.01717928617853325,0.9736252189229424,0.017077624127146106,0.18171579142501523,0.0037667926558682114,0.03368631997145712,0.0019265271287857723,3.2311317999847233,45,"{'C': 24.768051397260244, 'degree': 3}",8,10,bayesian
breast,custom_hermite,4,0.9722080136402387,0.02304890400729961,0.9722002801154908,0.02303820084909859,0.18952278806175682,0.00796322145475818,0.03257806999608874,0.0006788124240434352,3.4399329996667802,46,"{'C': 19.59602493779296, 'degree': 4}",8,10,bayesian
breast,custom_hermite,5,0.9737212276214835,0.015586414531091178,0.9737442509306801,0.015464794885990465,0.19277482058208206,0.005427102526522498,0.033448470011353496,0.0013890105181101281,3.4103900003246963,47,"{'C': 18.218637102894156, 'degree': 3}",8,10,bayesian
breast,custom_gegen,0,0.9692455242966751,0.017823233290141776,0.9692662634845745,0.017925111218480522,0.08638277587987606,0.004670178667681311,0.047136239940300584,0.003504759610669604,7.702253099996597,42,"{'C': 20.811233577369745, 'degree': 2, 'alpha': -0.12816831525786976}",8,10,bayesian
breast,custom_gegen,1,0.9706947996589941,0.018585815083489055,0.9708317702288047,0.01839438194125134,0.09272953576441303,0.0064045192641316705,0.04889488997869194,0.0017643864515276449,7.72715779999271,43,"{'C': 5.526503868113398, 'degree': 3, 'alpha': 0.1390319773262353}",8,10,bayesian
breast,custom_gegen,2,0.9692881500426257,0.021067093064017325,0.9693020572252525,0.021077639726299148,0.09907205847302772,0.003931820475002367,0.051462679915130136,0.01655830092193152,8.351799900177866,44,"{'C': 10.691860375019163, 'degree': 1, 'alpha': -0.05638125000041694}",8,10,bayesian
breast,custom_gegen,3,0.9677323103154307,0.018348192804930993,0.9677896501935745,0.018282080767636613,0.09061571462620163,0.005290458864887527,0.04499437008053064,0.0012799169981582664,7.057895100209862,45,"{'C': 24.725298825376527, 'degree': 4, 'alpha': 0.07008013089057508}",8,10,bayesian
breast,custom_gegen,4,0.9751491901108269,0.01957844640213015,0.9751814099074835,0.019566207163325074,0.3803477132491195,0.004242856625046424,0.0449313900899142,0.0009365656427868705,7.085624700412154,46,"{'C': 19.59602493779296, 'degree': 4, 'alpha': 0.00559575211634028}",8,10,bayesian
breast,custom_gegen,5,0.9546462063086103,0.0211317538591715,0.9546853047562573,0.021094789054474136,0.12087073965202193,0.004795999413161796,0.04807222001254559,0.0022939445808125023,8.271866499911994,47,"{'C': 3.1787371619055294, 'degree': 5, 'alpha': -0.47957646815918376}",8,10,bayesian
breast,custom_alsalam,0,0.9677749360613811,0.01280256314326297,0.9679102846741756,0.012740946601354669,0.34960117581631844,0.006297476928063261,0.016203999985009432,0.0007743155741367038,1.7662967001087964,42,"{'C': 1.4530322205928181, 'degree': 6, 'a': -1, 'q': 0.6}",8,10,bayesian
breast,custom_alsalam,1,0.9589727195225916,0.024338190478159553,0.9592217715707833,0.024111978100431416,0.1891989089272,0.007406983274182877,0.015313100023195147,0.00031366646843298786,1.7483132001943886,43,"{'C': 2.877249105178084, 'degree': 4, 'a': -1, 'q': 0.14}",8,10,bayesian
breast,custom_alsalam,2,0.963469735720375,0.027024218680163605,0.9634163959738234,0.027024699393608503,0.32634013929715844,0.009249625753183803,0.015146220056340098,0.0006759767462566175,1.829355400055647,44,"{'C': 16.160617649522433, 'degree': 2, 'a': -1, 'q': 0.64}",8,10,bayesian
breast,custom_alsalam,3,0.9647911338448424,0.023889781757309457,0.9648967494915522,0.02376424248887581,0.23913932364079343,0.008343167879622878,0.01683191005140543,0.0005540497943014866,1.8176748999394476,45,"{'C': 24.768051397260244, 'degree': 3, 'a': -1, 'q': 0.62}",8,10,bayesian
breast,custom_alsalam,4,0.963384484228474,0.014998509417828803,0.9635779056957976,0.014853488209030615,0.20139694393686608,0.009977099637881615,0.016547620063647628,0.000583358436417195,1.7380103003233671,46,"{'C': 19.59602493779296, 'degree': 4, 'a': -1, 'q': 0.25}",8,10,bayesian
breast,custom_alsalam,5,0.9619565217391305,0.013397391298391407,0.9621299241401543,0.013266034655336056,0.19196499033394243,0.005684700486662545,0.01656498000957072,0.0018069369971925964,1.742997500114143,47,"{'C': 3.1787371619055294, 'degree': 5, 'a': -1, 'q': 0.01}",8,10,bayesian
australian,linear,0,0.8536231884057971,0.05554715332387477,0.8538093625836423,0.0555567407434834,0.34541062801932365,0.01762898949638489,0.01916279997676611,0.0036211413838320573,1.8303722999989986,42,{'C': 9.364128431065215},8,10,bayesian
australian,linear,1,0.8550724637681159,0.025925425826084526,0.8553058487978294,0.026004243312177808,0.31980676328502416,0.024113760447452347,0.012795590003952384,0.001488268164115045,1.767008200287819,43,{'C': 2.877249105178084},8,10,bayesian
australian,linear,2,0.8492753623188405,0.03502332166259295,0.8495262598367738,0.034945117108611506,0.3605475040257649,0.01088476303775922,0.02029300001449883,0.003102532293852996,1.843527799937874,44,{'C': 20.87121887449257},8,10,bayesian
australian,linear,3,0.855072463768116,0.04150093061819233,0.8553148311912203,0.041597975522892884,0.31755233494363927,0.018927774885558926,0.012036870000883937,0.0011282806366158028,1.6635892996564507,45,{'C': 1.933161862413238},8,10,bayesian
australian,linear,4,0.855072463768116,0.035499851344683725,0.8551822776205645,0.03565922624080152,0.3505636070853462,0.010185742093957142,0.020773880043998362,0.0028492257033528095,1.8734196000732481,46,{'C': 19.59602493779296},8,10,bayesian
australian,linear,5,0.8521739130434783,0.03768115942028985,0.8522494269966776,0.03798034121292676,0.3244766505636071,0.024530092518058513,0.012687230063602329,0.0017652531595625661,1.7870326000265777,47,{'C': 2.8380983088693443},8,10,bayesian
australian,poly,0,0.8623188405797102,0.061230812099355374,0.8622197725971438,0.06156316060864431,0.3156199677938808,0.014546331453315575,0.0057569198776036504,0.0005093927573327065,1.0855704001151025,42,"{'C': 10.799193521034251, 'degree': 2, 'gamma': 2.4534763774094808}",8,10,bayesian
australian,poly,1,0.8637681159420291,0.03790346907426671,0.8638385742350124,0.03796012589765412,0.3307568438003221,0.01085494334708711,0.014681699965149165,0.0005072321362024622,1.5763136995956302,43,"{'C': 2.877249105178084, 'degree': 4, 'gamma': 0.547104622928547}",8,10,bayesian
australian,poly,2,0.8579710144927535,0.03538132062531507,0.8581015976815696,0.035572684795790246,0.3177133655394525,0.0064432364005612055,0.007157840020954609,0.0007182400609490501,1.5676863002590835,44,"{'C': 16.160617649522433, 'degree': 2, 'gamma': 2.553002555011625}",8,10,bayesian
australian,poly,3,0.8594202898550725,0.05022528536569116,0.8597000764750561,0.05005598089416507,0.3159420289855073,0.008012789246135087,0.005971809988841415,0.0005411351849702816,1.4773357999511063,45,"{'C': 11.013831688474836, 'degree': 2, 'gamma': 2.0464596786253284}",8,10,bayesian
australian,poly,4,0.8594202898550725,0.036115755925730755,0.8591352118076321,0.03621347806853978,0.31111111111111117,0.009160362417602506,0.007001640135422349,0.0006372995772160583,1.4614669997245073,46,"{'C': 18.952138540380794, 'degree': 2, 'gamma': 3.749930096242834}",8,10,bayesian
australian,poly,5,0.8608695652173914,0.035023321662592956,0.8609882696358369,0.03515990196387513,0.3201288244766506,0.008298936377922788,0.0054383699782192705,0.0005897834414397675,1.208704899996519,47,"{'C': 8.055876493788903, 'degree': 2, 'gamma': 3.6700680469463474}",8,10,bayesian
australian,rbf,0,0.8420289855072465,0.05323005122378829,0.8411585114533168,0.05457187930988627,0.5243156199677939,0.014709419963503051,0.008372760051861406,0.0001810204167596376,1.0312188998796046,42,"{'C': 3.90130999242047, 'gamma': 0.6371656669645575}",8,10,bayesian
australian,rbf,1,0.8652173913043478,0.036115755925730755,0.8652587491314467,0.03625391296281395,0.38663446054750406,0.011282488924704254,0.007967130094766618,0.00017149428423223595,1.012648900039494,43,"{'C': 6.361273725371123, 'gamma': 0.24227591946943294}",8,10,bayesian
australian,rbf,2,0.8391304347826086,0.03576510921522627,0.8390622787182919,0.035725707190416296,0.44428341384863124,0.009346712953901094,0.008392039965838195,0.0004958097952783533,1.0457979002967477,44,"{'C': 10.691860375019163, 'gamma': 0.46770693414988207}",8,10,bayesian
australian,rbf,3,0.8449275362318842,0.04398258233476382,0.8450534160054269,0.043863687415360564,0.5471819645732688,0.011607614358093479,0.0075261200778186325,0.0002952566045757698,1.0177743998356164,45,"{'C': 1.2140015006602403, 'gamma': 0.6663708483298129}",8,10,bayesian
australian,rbf,4,0.8478260869565217,0.03256841312209308,0.8476846653020113,0.03251579534527881,0.40450885668276976,0.007580420158415344,0.008108559949323534,0.00031584369607233373,1.032289800234139,46,"{'C': 12.698850583254085, 'gamma': 0.3539301323851334}",8,10,bayesian
australian,rbf,5,0.8478260869565217,0.04008497590127342,0.8478825996619502,0.040158234600095453,0.3542673107890499,0.009661835748792272,0.007784830080345273,0.000975712966337881,1.0657689999789,47,"{'C': 6.40055479001776, 'gamma': 0.11129523917292246}",8,10,bayesian
australian,custom_hermite,0,0.8,0.048847245061891933,0.7915371082150858,0.05509389620805826,0.7492753623188405,0.0072749481469092225,0.06062723998911679,0.0016341269530665914,5.577073900029063,42,"{'C': 15.028274178568475, 'degree': 5}",8,10,bayesian
australian,custom_hermite,1,0.773913043478261,0.04057971014492755,0.7616301241806218,0.045151886808258726,0.777938808373591,0.004407063505122083,0.08142598997801542,0.022993752638026024,6.175593999680132,43,"{'C': 16.652589237237546, 'degree': 4}",8,10,bayesian
australian,custom_hermite,2,0.8057971014492754,0.03899601173064845,0.7994878519830401,0.04150649815030914,0.7481481481481481,0.0064089367929573236,0.05891810008324683,0.002340933418037018,5.439271799754351,44,"{'C': 24.013195103916477, 'degree': 3}",8,10,bayesian
australian,custom_hermite,3,0.8188405797101449,0.0468499416673757,0.8137152887708933,0.04966143026115177,0.719645732689211,0.00681104218439826,0.053078649938106535,0.0006927391216651627,5.36276839999482,45,"{'C': 24.725298825376527, 'degree': 4}",8,10,bayesian
australian,custom_hermite,4,0.7956521739130434,0.03070959434843057,0.7873221406884097,0.03407881758228519,0.7539452495974235,0.00610218850933861,0.05487454002723098,0.002673532185539476,5.476128299720585,46,"{'C': 22.818144526090006, 'degree': 3}",8,10,bayesian
australian,custom_hermite,5,0.8144927536231883,0.03094805290443858,0.8089883559141959,0.03373070620360875,0.7254428341384862,0.005155494555098935,0.05877578002400696,0.002033425593063372,5.606006700079888,47,"{'C': 17.690420851338768, 'degree': 5}",8,10,bayesian
australian,custom_gegen,0,0.8565217391304347,0.05162757429146921,0.8562222057013618,0.05204337227091815,0.32930756843800324,0.01586376141736598,0.09233920997940004,0.0055143281344433,14.651455299928784,42,"{'C': 20.811233577369745, 'degree': 2, 'alpha': -0.12816831525786976}",8,10,bayesian
australian,custom_gegen,1,0.855072463768116,0.037232558199029354,0.8551075315457611,0.03737758779448341,0.3436392914653784,0.012744836674659817,0.09202551008202135,0.005236935371055933,14.270627900026739,43,"{'C': 5.526503868113398, 'degree': 3, 'alpha': 0.1390319773262353}",8,10,bayesian
australian,custom_gegen,2,0.8550724637681159,0.027498066610159817,0.8552683835062351,0.0274904527728114,0.327536231884058,0.006724835110409372,0.08972051995806396,0.005227122411844664,15.264914700295776,44,"{'C': 10.691860375019163, 'degree': 1, 'alpha': -0.05638125000041694}",8,10,bayesian
australian,custom_gegen,3,0.8565217391304347,0.043211743524277035,0.8567304991623782,0.0434980444163589,0.33285024154589377,0.008850825174661067,0.0937117600813508,0.006284288499809545,13.634310999885201,45,"{'C': 24.725298825376527, 'degree': 4, 'alpha': 0.07008013089057508}",8,10,bayesian
australian,custom_gegen,4,0.8579710144927535,0.02810249192705118,0.8577624119584607,0.028154611829294837,0.33236714975845416,0.009720700980860924,0.10809857002459466,0.016307882981064677,14.89990029996261,46,"{'C': 7.4983963426883635, 'degree': 1, 'alpha': 0.25070004483418906}",8,10,bayesian
australian,custom_gegen,5,0.782608695652174,0.05869117893135242,0.7825449306211627,0.058667887081524754,0.40096618357487923,0.01554591740566464,0.11970890001393855,0.03406518879163402,16.545783000066876,47,"{'C': 3.1787371619055294, 'degree': 5, 'alpha': -0.47957646815918376}",8,10,bayesian
australian,custom_alsalam,0,0.8333333333333334,0.05235475903822737,0.8326991536709395,0.053027907883867055,0.5115942028985507,0.009139107003969537,0.028756000055000185,0.00109324573724373,3.34507940011099,42,"{'C': 4.585929341825992, 'degree': 2, 'a': -1, 'q': 0.52}",8,10,bayesian
australian,custom_alsalam,1,0.7942028985507246,0.028102491927051203,0.7938306799564316,0.027513360627156702,0.4698872785829308,0.01629196762633396,0.04470011009834707,0.0021095615164433046,3.556377800181508,43,"{'C': 16.652589237237546, 'degree': 4, 'a': -1, 'q': 0.03}",8,10,bayesian
australian,custom_alsalam,2,0.7884057971014492,0.029842406205759436,0.7793291060303902,0.03341504195676757,0.7247987117552335,0.005165544261624963,0.029526589857414364,0.003775152645147658,3.2870489000342786,44,"{'C': 9.013160405570884, 'degree': 3, 'a': -1, 'q': 0.61}",8,10,bayesian
australian,custom_alsalam,3,0.8115942028985508,0.036664088813546415,0.811431800207598,0.03638951699198206,0.4798711755233495,0.012028888500472209,0.028316800110042097,0.0018442815294787871,3.1752889999188483,45,"{'C': 2.812409934004069, 'degree': 2, 'a': -1, 'q': 0.48000000000000004}",8,10,bayesian
australian,custom_alsalam,4,0.8028985507246377,0.049018940653008006,0.802218102093228,0.04892526136660786,0.3780998389694042,0.010480605536407716,0.03698847987689078,0.0016152984527026265,3.2766956998966634,46,"{'C': 7.4983963426883635, 'degree': 1, 'a': -1, 'q': 0.37}",8,10,bayesian
australian,custom_alsalam,5,0.7797101449275362,0.06073138214422308,0.7795472883124793,0.060502580602251006,0.48293075684380043,0.01281079104875929,0.032332640048116444,0.001980625407476998,3.1424978002905846,47,"{'C': 3.1787371619055294, 'degree': 5, 'a': -1, 'q': 0.01}",8,10,bayesian
german,linear,0,0.7710000000000001,0.03238826948140328,0.7614702442629782,0.03222515706792416,0.533,0.004715354483093992,0.018176949955523013,0.0017715039762906948,3.404814400244504,42,{'C': 1.4530322205928181},8,10,bayesian
german,linear,1,0.7689999999999999,0.036455452267116384,0.7574726788493301,0.03953358238695635,0.5357777777777779,0.006863753427324665,0.02472362997941673,0.0007950014293321313,3.5138257001526654,43,{'C': 3.3356407136855206},8,10,bayesian
german,linear,2,0.773,0.03769615364994155,0.762452905630599,0.03798158913657712,0.5867777777777777,0.010128190702863978,0.04105622991919518,0.0007404899379314656,3.892907400149852,44,{'C': 9.845094997655195},8,10,bayesian
german,linear,3,0.773,0.027946377224964264,0.7625253290772942,0.02996541486988266,0.5557777777777778,0.008872206567856488,0.03646059003658593,0.0012259627149838561,3.3697882001288235,45,{'C': 7.036901101574616},8,10,bayesian
german,linear,4,0.764,0.059025418253494825,0.7541211738359509,0.06017550997948813,0.5584444444444444,0.013781361541078787,0.038105509942397475,0.0011616453839029739,3.8239851002581418,46,{'C': 7.827610313856364},8,10,bayesian
german,linear,5,0.762,0.029257477676655614,0.7508528569470126,0.030427293300958683,0.5333333333333333,0.004766135686561611,0.023071120027452707,0.0007652998009141658,3.8645902001298964,47,{'C': 2.8380983088693443},8,10,bayesian
german,poly,0,0.771,0.02844292530665579,0.7590685574335113,0.02861187850995605,0.5404444444444445,0.005691665988829184,0.014169289963319898,0.0008353001678720483,2.52316760038957,42,"{'C': 4.585929341825992, 'degree': 2, 'gamma': 2.106451407284698}",8,10,bayesian
german,poly,1,0.7700000000000001,0.03255764119219944,0.7574096844938453,0.034405638473713036,0.5426666666666666,0.0076368179010842625,0.011185269895941019,0.0010196648561989303,3.6750615001656115,43,"{'C': 6.361273725371123, 'degree': 1, 'gamma': 3.468678178582751}",8,10,bayesian
german,poly,2,0.7579999999999999,0.04354308211415449,0.7464377486254874,0.04368771356182661,0.5386666666666666,0.006607141665474903,0.011626749951392411,0.000657894289600899,3.4084733999334276,44,"{'C': 10.691860375019163, 'degree': 1, 'gamma': 0.8838158075525571}",8,10,bayesian
german,poly,3,0.764,0.025768197453450273,0.751146153038873,0.029238476480407446,0.5454444444444444,0.006487404700886685,0.01076333997771144,0.000305212974437105,3.2889382001012564,45,"{'C': 2.812409934004069, 'degree': 2, 'gamma': 1.9223568388864396}",8,10,bayesian
german,poly,4,0.765,0.054817880294662974,0.7529404744805519,0.056088536297246985,0.5392222222222223,0.010750251217277105,0.010884959949180484,0.0007591816179370602,3.319958500098437,46,"{'C': 8.092322006689862, 'degree': 1, 'gamma': 3.211524249181703}",8,10,bayesian
german,poly,5,0.759,0.030479501308256343,0.7458806893112903,0.031573019693804695,0.5497777777777777,0.00452155332208352,0.012664989940822125,0.0017865348878279964,3.247809199616313,47,"{'C': 2.469050145265414, 'degree': 2, 'gamma': 2.569034341275915}",8,10,bayesian
german,rbf,0,0.7139999999999999,0.025377155080899046,0.6688595800215257,0.032951073835943555,0.9486666666666667,0.00418108616049484,0.023168819956481457,0.0032236704761564585,2.3145232000388205,42,"{'C': 3.90130999242047, 'gamma': 0.6371656669645575}",8,10,bayesian
german,rbf,1,0.7070000000000001,0.041243181254602565,0.6954400389482439,0.04158231438937011,0.7683333333333333,0.00479840508481981,0.02046802998520434,0.00024379501704655782,2.1228328002616763,43,"{'C': 6.361273725371123, 'gamma': 0.24227591946943294}",8,10,bayesian
german,rbf,2,0.722,0.024413111231467405,0.6885715881891814,0.02617261572970676,0.8923333333333332,0.006563084189165501,0.02248121998272836,0.004757901369051008,2.200220299884677,44,"{'C': 10.691860375019163, 'gamma': 0.46770693414988207}",8,10,bayesian
german,rbf,3,0.72,0.03435112807463535,0.6587235068186097,0.04644068034349257,0.958,0.004812535072823937,0.01884929002262652,0.0012716731607746677,2.1254139998927712,45,"{'C': 1.2140015006602403, 'gamma': 0.6663708483298129}",8,10,bayesian
german,rbf,4,0.711,0.022113344387495962,0.6251762807552256,0.03576752745658109,0.9924444444444445,0.0014740554623801521,0.01993534998036921,0.001149395303888788,2.117492299992591,46,"{'C': 21.677167808874145, 'gamma': 1.3052310290573594}",8,10,bayesian
german,rbf,5,0.732,0.039191835884530866,0.7241583737594832,0.04252399340920505,0.6411111111111112,0.007097208632298365,0.020489689940586687,0.00048806915921433653,2.1160181001760066,47,"{'C': 6.40055479001776, 'gamma': 0.11129523917292246}",8,10,bayesian
german,custom_hermite,0,0.7,0.0,0.5764705882352941,0.0,0.6006666666666666,0.000737027731190107,0.21949614002369344,0.015287846749156595,21.174346799962223,42,"{'C': 9.364128431065215, 'degree': 6}",8,10,bayesian
german,custom_hermite,1,0.7,0.0,0.5764705882352941,0.0,0.5999999999999999,1.1102230246251565e-16,0.21533643011935055,0.02054309519078975,20.35052189975977,43,"{'C': 2.877249105178084, 'degree': 4}",8,10,bayesian
german,custom_hermite,2,0.7,0.0,0.5764705882352941,0.0,0.5999999999999999,1.1102230246251565e-16,0.19758658003993332,0.012123446055711206,19.381718600168824,44,"{'C': 20.87121887449257, 'degree': 1}",8,10,bayesian
german,custom_hermite,3,0.7,0.0,0.5764705882352941,0.0,0.5999999999999999,1.1102230246251565e-16,0.203876080038026,0.02234398604801775,19.29390859976411,45,"{'C': 24.725298825376527, 'degree': 4}",8,10,bayesian
german,custom_hermite,4,0.7,0.0,0.5764705882352941,0.0,0.5999999999999999,1.1102230246251565e-16,0.20260660001076758,0.010971866598966628,19.483131899964064,46,"{'C': 19.59602493779296, 'degree': 4}",8,10,bayesian
german,custom_hermite,5,0.7,0.0,0.5764705882352941,0.0,0.5999999999999999,1.1102230246251565e-16,0.20941381994634867,0.00975719744369958,19.809898800216615,47,"{'C': 2.8380983088693443, 'degree': 6}",8,10,bayesian
german,custom_gegen,0,0.7260000000000001,0.02374868417407583,0.7209327001420093,0.02242590613116427,0.6706666666666667,0.00865240992619191,0.3166839400772005,0.01676548599712974,46.52320499997586,42,"{'C': 3.4882070224403936, 'degree': 2, 'alpha': 0.23906006815444647}",8,10,bayesian
german,custom_gegen,1,0.71,0.043817804600413277,0.7083288518941926,0.04485945518720664,0.5965555555555555,0.01179506069463499,0.34087527012452484,0.030750932220930893,47.25977779971436,43,"{'C': 5.526503868113398, 'degree': 3, 'alpha': 0.1390319773262353}",8,10,bayesian
german,custom_gegen,2,0.7569999999999999,0.047968739820845825,0.7405573196443269,0.053771891490096924,0.5584444444444444,0.00765296682565448,0.31287037003785373,0.02998140943787884,50.07567779999226,44,"{'C': 10.691860375019163, 'degree': 1, 'alpha': -0.05638125000041694}",8,10,bayesian
german,custom_gegen,3,0.7430000000000001,0.031000000000000024,0.7345748631298094,0.029549815109068185,0.5524444444444445,0.0060205409707307,0.32230561003088953,0.020257827515993136,43.145748800132424,45,"{'C': 24.725298825376527, 'degree': 4, 'alpha': 0.07008013089057508}",8,10,bayesian
german,custom_gegen,4,0.708,0.03867815921162743,0.6966234027647564,0.04048653597953134,0.7734444444444445,0.010103782447830455,0.3150674700271338,0.016857932449655597,42.90763070015237,46,"{'C': 11.375642969250542, 'degree': 4, 'alpha': -0.3210331699585467}",8,10,bayesian
german,custom_gegen,5,0.7020000000000001,0.028565713714171388,0.678741843517266,0.03302429030908873,0.8493333333333334,0.006210306049992055,0.30902662994340063,0.015278341166709017,48.95060950005427,47,"{'C': 6.166987894984273, 'degree': 2, 'alpha': -0.4422174052507317}",8,10,bayesian
german,custom_alsalam,0,0.718,0.02400000000000002,0.6645009476799832,0.03468687559931409,0.9445555555555556,0.0037663225014840773,0.10064396006055176,0.0038240830786193144,9.689140100032091,42,"{'C': 20.811233577369745, 'degree': 2, 'a': -1, 'q': 0.19}",8,10,bayesian
german,custom_alsalam,1,0.7150000000000001,0.01688194301613415,0.6565412422422543,0.02427223290227515,0.9716666666666669,0.002236067977499786,0.1056190500035882,0.0027694179901387346,9.74402829958126,43,"{'C': 5.526503868113398, 'degree': 3, 'a': -1, 'q': 0.32}",8,10,bayesian
german,custom_alsalam,2,0.718,0.01536229149573723,0.6583797492382433,0.0230824415385426,0.9655555555555555,0.004581228472908518,0.10123936999589205,0.003733050970169065,9.618761999998242,44,"{'C': 9.845094997655195, 'degree': 3, 'a': -1, 'q': 0.51}",8,10,bayesian
german,custom_alsalam,3,0.71,0.038987177379235856,0.6603925602587608,0.0489285826640175,0.9451111111111112,0.0031111111111111144,0.10046464004553854,0.004562231169349536,9.850553099997342,45,"{'C': 11.013831688474836, 'degree': 2, 'a': -1, 'q': 0.51}",8,10,bayesian
german,custom_alsalam,4,0.711,0.02022374841615666,0.6478412784829518,0.0294916865272885,0.9681111111111111,0.003550343401926784,0.09960824982263147,0.004338657691464466,9.710879599675536,46,"{'C': 11.375642969250542, 'degree': 4, 'a': -1, 'q': 0.09}",8,10,bayesian
german,custom_alsalam,5,0.705,0.028017851452243794,0.6482731847196044,0.03529625124367368,0.9633333333333335,0.0028109134757052135,0.09859896996058523,0.0031509729724877914,9.561263900250196,47,"{'C': 3.1787371619055294, 'degree': 5, 'a': -1, 'q': 0.01}",8,10,bayesian
heart,linear,0,0.8333333333333334,0.06676946806414795,0.831333855987698,0.06790170075220206,0.3613168724279835,0.014700058518100202,0.0042970000300556425,0.00033688377920882155,0.49865429988130927,42,{'C': 14.966863446441717},8,10,bayesian
heart,linear,1,0.8296296296296296,0.08795808953361421,0.8273470057660874,0.08931548339091859,0.36502057613168726,0.02008044921605901,0.004847150016576052,0.00024376806078822984,0.5055863996967673,43,{'C': 21.478578136223994},8,10,bayesian
heart,linear,2,0.8407407407407407,0.03333333333333333,0.8393695530600063,0.033361455043483514,0.36460905349794237,0.00827150256882378,0.004740379936993122,0.00012851100656175045,0.524847500026226,44,{'C': 18.616267401506267},8,10,bayesian
heart,linear,3,0.837037037037037,0.05785370130301223,0.8351987904779861,0.05929602409201444,0.3666666666666667,0.01332850595942522,0.004124900000169874,0.000266099685504716,0.478591900318861,45,{'C': 13.73906862639129},8,10,bayesian
heart,linear,4,0.8481481481481481,0.07304845527154083,0.8473708460786131,0.07322562006264,0.36460905349794237,0.01637839402644642,0.003101209923624992,0.0004421352784178549,0.5048628998920321,46,{'C': 6.226828244802206},8,10,bayesian
heart,linear,5,0.8333333333333333,0.06879324304076559,0.8321857529306108,0.06940957846002604,0.36831275720164613,0.015964744643021254,0.0021325900219380856,0.0004742505741442967,0.5165646001696587,47,{'C': 2.8380983088693443},8,10,bayesian
heart,poly,0,0.837037037037037,0.062415924245750806,0.8355940513744506,0.06279309620666919,0.3720164609053498,0.013549035089015917,0.0015023200307041407,0.00015896262770567044,0.3535257000476122,42,"{'C': 14.966863446441717, 'degree': 1, 'gamma': 0.6371656669645575}",8,10,bayesian
heart,poly,1,0.825925925925926,0.10482201257840672,0.8241837355851415,0.10563665465382091,0.38847736625514406,0.01887628796902011,0.0012818399351090192,7.827930617017835e-05,0.5018804003484547,43,"{'C': 6.361273725371123, 'degree': 1, 'gamma': 3.468678178582751}",8,10,bayesian
heart,poly,2,0.8444444444444444,0.0322881403225235,0.8433992809694073,0.03215264498642849,0.3786008230452675,0.0080220529586905,0.0014610500074923038,9.922268530474922e-05,0.418163999915123,44,"{'C': 10.691860375019163, 'degree': 1, 'gamma': 0.8838158075525571}",8,10,bayesian
heart,poly,3,0.8407407407407407,0.05505951387895741,0.8396056460489975,0.056126429484508925,0.44897119341563785,0.0081164950301712,0.0010981699917465449,5.416156897835634e-05,0.41620790027081966,45,"{'C': 1.2140015006602403, 'degree': 1, 'gamma': 0.4776161161246224}",8,10,bayesian
heart,poly,4,0.837037037037037,0.08314794192830981,0.8364574497941645,0.08334388772220021,0.3831275720164609,0.013454965205161986,0.0014298499096184968,0.00014348450393086067,0.4231089996173978,46,"{'C': 8.092322006689862, 'degree': 1, 'gamma': 3.211524249181703}",8,10,bayesian
heart,poly,5,0.8222222222222223,0.06988134171893778,0.8215799566410997,0.06994698444464624,0.4090534979423868,0.009053497942386832,0.0014004999306052924,0.00012905864851023844,0.4220918999053538,47,"{'C': 2.469050145265414, 'degree': 2, 'gamma': 2.569034341275915}",8,10,bayesian
heart,rbf,0,0.7666666666666667,0.0907974123861575,0.7648134700548495,0.09037557353515983,0.739917695473251,0.011164329190329657,0.0018828699365258216,5.3609509564553504e-05,0.35410960018634796,42,"{'C': 3.90130999242047, 'gamma': 0.6371656669645575}",8,10,bayesian
heart,rbf,1,0.8,0.10370370370370369,0.796215800963653,0.10927444624759343,0.5407407407407406,0.020260960699738532,0.0019328599330037833,0.00010543686235285679,0.35560330003499985,43,"{'C': 6.361273725371123, 'gamma': 0.24227591946943294}",8,10,bayesian
heart,rbf,2,0.7925925925925925,0.06241592424575079,0.791686322936323,0.06294609963205568,0.634156378600823,0.009816346042696749,0.002024429989978671,0.00012132298237250444,0.3507981998845935,44,"{'C': 20.87121887449257, 'gamma': 0.43317197834869975}",8,10,bayesian
heart,rbf,3,0.788888888888889,0.06208538746014893,0.7876011066459505,0.06392949713736122,0.5802469135802469,0.015616185976140139,0.0020000998862087726,0.0001623178240216539,0.3602669998072088,45,"{'C': 7.036901101574616, 'gamma': 0.3235756148467037}",8,10,bayesian
heart,rbf,4,0.8,0.05785370130301226,0.798231501582027,0.05823039570956405,0.5979423868312757,0.018130362775235134,0.0019665199797600508,7.153052019326059e-05,0.3520414000377059,46,"{'C': 12.698850583254085, 'gamma': 0.3539301323851334}",8,10,bayesian
heart,rbf,5,0.7962962962962964,0.07267191433462437,0.7951596633073759,0.07362037040836544,0.45596707818930043,0.018477320428513296,0.0017665800638496875,5.6181448271279894e-05,0.35687780007719994,47,"{'C': 6.40055479001776, 'gamma': 0.11129523917292246}",8,10,bayesian
heart,custom_hermite,0,0.7074074074074074,0.05354382331407763,0.6703821182458953,0.07066400287618844,0.8242798353909466,0.008443738489170035,0.005062180012464524,0.00024549641523605696,0.6613241997547448,42,"{'C': 18.300116551343315, 'degree': 4}",8,10,bayesian
heart,custom_hermite,1,0.7037037037037037,0.07590333900710813,0.6606247552377583,0.10120258224833398,0.8374485596707819,0.009062845903516564,0.0055413500405848025,0.00035057320168110863,0.6585424998775125,43,"{'C': 16.652589237237546, 'degree': 4}",8,10,bayesian
heart,custom_hermite,2,0.7148148148148148,0.049828237211384095,0.6833234167496294,0.062638669524535,0.8226337448559672,0.009284373804673656,0.0031197699252516033,0.0001235994126848979,0.5955527001060545,44,"{'C': 24.013195103916477, 'degree': 3}",8,10,bayesian
heart,custom_hermite,3,0.7111111111111111,0.07554102983100423,0.6753386569072843,0.09498750733603102,0.7897119341563785,0.009987375390544524,0.0052773899398744105,0.0007466004281121412,0.6055831001140177,45,"{'C': 24.725298825376527, 'degree': 4}",8,10,bayesian
heart,custom_hermite,4,0.7074074074074075,0.056047207223783535,0.6687212826944509,0.07622012656857007,0.8222222222222222,0.008189197013223208,0.006286170007660985,0.000601988776696276,0.8154460000805557,46,"{'C': 19.59602493779296, 'degree': 4}",8,10,bayesian
heart,custom_hermite,5,0.7074074074074074,0.05091750772173156,0.6705765648593307,0.07138643320557905,0.8156378600823047,0.007979719929903432,0.005465799989178777,0.0003051601369113404,0.6286593996919692,47,"{'C': 17.690420851338768, 'degree': 5}",8,10,bayesian
heart,custom_gegen,0,0.8148148148148149,0.07219847662821455,0.812625419425818,0.07382965485838311,0.4135802469135802,0.026108184239608062,0.005891730030998588,0.0004759649040514078,1.6406527999788523,42,"{'C': 20.811233577369745, 'degree': 2, 'alpha': -0.12816831525786976}",8,10,bayesian
heart,custom_gegen,1,0.8111111111111111,0.09721781295116065,0.8079320347655461,0.10258598263122992,0.4275720164609053,0.023092984109626666,0.005497470032423735,0.00039982295499879037,1.6239232001826167,43,"{'C': 5.526503868113398, 'degree': 3, 'alpha': 0.1390319773262353}",8,10,bayesian
heart,custom_gegen,2,0.8407407407407407,0.03722176155970699,0.8395732021082652,0.03663640264424776,0.431275720164609,0.007080103100446599,0.005062519945204258,0.0008096254260038354,1.6963478000834584,44,"{'C': 10.691860375019163, 'degree': 1, 'alpha': -0.05638125000041694}",8,10,bayesian
heart,custom_gegen,3,0.8518518518518517,0.04057204129667896,0.8497362717476455,0.04286155578679978,0.3983539094650206,0.012040114270228632,0.008168409997597336,0.0005364602861301065,1.5045265997759998,45,"{'C': 24.725298825376527, 'degree': 4, 'alpha': 0.07008013089057508}",8,10,bayesian
heart,custom_gegen,4,0.837037037037037,0.05785370130301225,0.8332536833796617,0.06042882745368638,0.8888888888888887,0.0058198088986547245,0.007402369985356927,0.00043906839905698535,1.4435731996782124,46,"{'C': 19.59602493779296, 'degree': 4, 'alpha': 0.00559575211634028}",8,10,bayesian
heart,custom_gegen,5,0.788888888888889,0.06635730691544042,0.7884094216766631,0.06669287745800384,0.6053497942386831,0.010483735969429616,0.005575069971382618,0.00027644869054536925,1.898529500234872,47,"{'C': 6.166987894984273, 'degree': 2, 'alpha': -0.4422174052507317}",8,10,bayesian
heart,custom_alsalam,0,0.7851851851851852,0.09192350848882117,0.7811665910724616,0.09205006175394355,0.7176954732510288,0.01290896061017132,0.002867309981957078,0.00012470850756345734,0.6018221997655928,42,"{'C': 4.585929341825992, 'degree': 2, 'a': -1, 'q': 0.52}",8,10,bayesian
heart,custom_alsalam,1,0.7962962962962962,0.11623966538129787,0.7892084982586252,0.1304844619533911,0.7769547325102881,0.014814814814814812,0.0030716499779373406,0.0001883778988596193,0.5548447999171913,43,"{'C': 5.526503868113398, 'degree': 3, 'a': -1, 'q': 0.32}",8,10,bayesian
heart,custom_alsalam,2,0.7814814814814814,0.05354382331407763,0.7797473378284752,0.05333559048316553,0.7580246913580246,0.009703560594692679,0.003003899985924363,5.724748456524262e-05,0.5344058000482619,44,"{'C': 9.845094997655195, 'degree': 3, 'a': -1, 'q': 0.51}",8,10,bayesian
heart,custom_alsalam,3,0.8074074074074075,0.05689737591013783,0.8049378000328995,0.06194826801791409,0.7617283950617284,0.00928437380467364,0.0030487299896776675,7.356268442462961e-05,0.5678864996880293,45,"{'C': 1.933161862413238, 'degree': 3, 'a': -1, 'q': 0.47000000000000003}",8,10,bayesian
heart,custom_alsalam,4,0.7925925925925925,0.06457628064504702,0.7903636979118465,0.06508593197347222,0.7868312757201646,0.013747566327975379,0.005005950061604381,0.00044839950252880767,0.5954033997841179,46,"{'C': 19.59602493779296, 'degree': 4, 'a': -1, 'q': 0.25}",8,10,bayesian
heart,custom_alsalam,5,0.7629629629629628,0.08314794192830983,0.7606833622954314,0.08355517590219408,0.7115226337448559,0.005023273915939801,0.0030443300027400257,0.0002430214079073481,0.5659320000559092,47,"{'C': 6.166987894984273, 'degree': 2, 'a': -1, 'q': 0.03}",8,10,bayesian
fourclass,linear,0,0.7690991713445603,0.05116320967433879,0.7590363790644293,0.05224360499440251,0.5270686730961092,0.007330394091228254,0.00897047002799809,0.0011222316681483646,1.028417100198567,42,{'C': 9.364128431065215},8,10,bayesian
fourclass,linear,1,0.770315423683507,0.031828666057201915,0.7596450056785411,0.0362335119249776,0.5262953109411375,0.008099265299742824,0.009767679963260889,0.0007992125796339676,1.000819499604404,43,{'C': 15.227054415447753},8,10,bayesian
fourclass,linear,2,0.7693130179096498,0.05405180804451161,0.7593212950158553,0.05635284887430717,0.5286127369471234,0.0095814678862679,0.006388100003823638,0.0002184343259460618,0.958916800096631,44,{'C': 2.6207978131423735},8,10,bayesian
fourclass,linear,3,0.7667735899492113,0.034109145119294845,0.7555918397577329,0.0375414807988445,0.5311943797805122,0.006738367633225727,0.005699549987912178,0.0003080677472655692,0.9016622002236545,45,{'C': 1.2140015006602403},8,10,bayesian
fourclass,linear,4,0.7645282010157711,0.03801963813938568,0.7551717728934028,0.03930883235005513,0.5264235118057865,0.007740554542313746,0.011391440033912658,0.0008333781515453364,1.100050600245595,46,{'C': 19.59602493779296},8,10,bayesian
fourclass,linear,5,0.7691125367548785,0.04406035781348101,0.7590033761470435,0.04766163677564381,0.5282302959760559,0.006939210010089718,0.006683889962732792,0.00024522981756060913,1.0943262996152043,47,{'C': 2.8380983088693443},8,10,bayesian
fourclass,poly,0,0.9756348569901097,0.00966589024570064,0.9757848869371815,0.009580091049890271,0.3167061855670103,0.002678832201137207,0.025372570008039476,0.0005844723635685843,1.4137487998232245,42,"{'C': 9.364128431065215, 'degree': 6, 'gamma': 2.9321633619048173}",8,10,bayesian
fourclass,poly,1,0.8758620689655172,0.033742661225380055,0.8720119421080147,0.036433892686432615,0.39778250748254074,0.005589293651280272,0.02080383999273181,0.0004014195365869395,2.025614600162953,43,"{'C': 1.9174908372111847, 'degree': 6, 'gamma': 3.3981169167959324}",8,10,bayesian
fourclass,poly,2,0.9918871959369152,0.009071569800873154,0.9919285882917637,0.00901770831470114,0.2530290987695377,0.004033017941353406,0.027481069881469013,0.0010434419938454723,1.988777999766171,44,"{'C': 17.75398968518351, 'degree': 6, 'gamma': 1.8349747309285782}",8,10,bayesian
fourclass,poly,3,0.9872226677358995,0.01320800116249526,0.9873143651302716,0.01309037206506253,0.26656434985034916,0.005531017882151183,0.026851959992200136,0.0005886525233587549,1.97200240008533,45,"{'C': 15.685164675927945, 'degree': 6, 'gamma': 2.6058768340207172}",8,10,bayesian
fourclass,poly,4,0.8932771986099974,0.024796798613542906,0.8917253423081147,0.02521548788845186,0.3850211173927502,0.003603837887270355,0.02381968996487558,0.000310231531429891,1.8801118000410497,46,"{'C': 10.659318426847376, 'degree': 5, 'gamma': 3.4704024356367422}",8,10,bayesian
fourclass,poly,5,0.8920208500400962,0.0376491272616723,0.8902144107562029,0.038908540435744675,0.38721383438643164,0.0054249290830359845,0.021918470039963722,0.0003140945303168292,1.659520400222391,47,"{'C': 2.8380983088693443, 'degree': 6, 'gamma': 2.91917705535597}",8,10,bayesian
fourclass,rbf,0,1.0,0.0,1.0,0.0,0.06367642168274026,0.0010438540815244101,0.009583669947460294,0.0007345338827760709,1.156518000178039,42,"{'C': 9.364128431065215, 'gamma': 3.80362731460201}",8,10,bayesian
fourclass,rbf,1,1.0,0.0,1.0,0.0,0.07579298303957432,0.001989120163333869,0.010363470111042262,0.0010200990115684378,1.2349653001874685,43,"{'C': 8.179149256222683, 'gamma': 3.438750940498319}",8,10,bayesian
fourclass,rbf,2,1.0,0.0,1.0,0.0,0.09744745593614898,0.0016302151448998208,0.009939040057361126,0.00048161431698787204,1.182477599941194,44,"{'C': 8.98341163436399, 'gamma': 2.443059172775448}",8,10,bayesian
fourclass,rbf,3,1.0,0.0,1.0,0.0,0.06754356501496508,0.0018550877457819217,0.010079130064696074,0.00035448170752310024,1.1752070002257824,45,"{'C': 24.725298825376527, 'gamma': 2.205217271021953}",8,10,bayesian
fourclass,rbf,4,1.0,0.0,1.0,0.0,0.09693298969072164,0.0027799618040593595,0.009132959879934788,0.0005499582868005064,1.1500145997852087,46,"{'C': 6.226828244802206, 'gamma': 3.0360835232141175}",8,10,bayesian
fourclass,rbf,5,1.0,0.0,1.0,0.0,0.11446258729630862,0.0015093356676500415,0.008926990116015077,0.00042212239740346423,1.1605769996531308,47,"{'C': 2.8380983088693443, 'gamma': 3.898331079395257}",8,10,bayesian
fourclass,custom_hermite,0,0.8120556001069232,0.0369668403979592,0.7985174113713229,0.043895623809574257,0.4641656135683405,0.006943773468505201,0.023634810000658035,0.003541525136789585,2.4510069000534713,42,"{'C': 9.364128431065215, 'degree': 6}",8,10,bayesian
fourclass,custom_hermite,1,0.8085271317829458,0.033655695527369515,0.7942124206151817,0.0411841920354463,0.46751729298303957,0.007071935232512698,0.021136310091242193,0.0010441334024999273,2.2639673999510705,43,"{'C': 8.179149256222683, 'degree': 6}",8,10,bayesian
fourclass,custom_hermite,2,0.8075247260090885,0.03795176215936928,0.7930681167808042,0.044932468724607225,0.4885254406385101,0.008039769449744752,0.020215420052409172,0.00047419478765867997,2.3195917000994086,44,"{'C': 8.98341163436399, 'degree': 4}",8,10,bayesian
fourclass,custom_hermite,3,0.8096899224806201,0.028883047523598222,0.7951297319038493,0.03780023375621362,0.4655856335217825,0.005482931135348576,0.03085420993156731,0.0032636718650041604,2.429097800049931,45,"{'C': 24.725298825376527, 'degree': 4}",8,10,bayesian
fourclass,custom_hermite,4,0.8097834803528468,0.02115468768528894,0.7961880567007478,0.024616035011706224,0.47035167941469896,0.0065222149588936885,0.030226609949022532,0.014254659599810841,2.7614952996373177,46,"{'C': 19.59602493779296, 'degree': 4}",8,10,bayesian
fourclass,custom_hermite,5,0.808553862603582,0.030579533065992048,0.7947744883665394,0.033730882665819854,0.47074077153308946,0.006991186003815545,0.022962019965052604,0.0013073407725145139,2.5295810997486115,47,"{'C': 17.690420851338768, 'degree': 5}",8,10,bayesian
fourclass,custom_gegen,0,0.7981555733761027,0.033254408627336945,0.7807663113023942,0.04071086782351644,0.4631343531759228,0.00648470913824975,0.02355679008178413,0.00044230602506349187,5.055430999957025,42,"{'C': 3.4882070224403936, 'degree': 2, 'alpha': 0.23906006815444647}",8,10,bayesian
fourclass,custom_gegen,1,0.9628708901363272,0.015419050086574968,0.9630723328978759,0.01528696975034925,0.2953081143997339,0.004872565401946017,0.02542164996266365,0.0005893471193861435,4.9682599999941885,43,"{'C': 16.652589237237546, 'degree': 4, 'alpha': -0.4322624893955228}",8,10,bayesian
fourclass,custom_gegen,2,0.9965517241379309,0.010344827586206884,0.9965838463971967,0.010248460808410185,0.03673578317259727,0.0015409092212341645,0.029314850037917495,0.005210336113665109,5.756023900117725,44,"{'C': 17.75398968518351, 'degree': 6, 'alpha': 0.41867600678848516}",8,10,bayesian
fourclass,custom_gegen,3,0.9222534081796312,0.03034813826451707,0.9224773422054877,0.030094094947636076,0.34673927502494184,0.006066404879653712,0.027146750036627053,0.001209247631621113,4.7886554999277,45,"{'C': 1.933161862413238, 'degree': 3, 'alpha': 0.45088785981341584}",8,10,bayesian
fourclass,custom_gegen,4,0.9280940924886394,0.03058162429656523,0.9279337785641344,0.030564192269259202,0.3379740605254407,0.005600718465595726,0.024910590052604674,0.0008958359748989122,4.684680299833417,46,"{'C': 9.871403897553764, 'degree': 4, 'alpha': -0.4183827982365956}",8,10,bayesian
fourclass,custom_gegen,5,0.9500935578722268,0.019533463731640034,0.9502270991222875,0.01960940448028296,0.35782490854672433,0.005013542935211909,0.02627768013626337,0.0006712031397125167,5.415249699726701,47,"{'C': 3.1787371619055294, 'degree': 5, 'alpha': -0.47957646815918376}",8,10,bayesian
fourclass,custom_alsalam,0,0.8631114675220528,0.04205199894608116,0.8571206696424405,0.04591534479236731,0.46081426671100767,0.006419597074434365,0.011276019969955087,0.00046277708952718465,1.5192376002669334,42,"{'C': 1.4530322205928181, 'degree': 6, 'a': -1, 'q': 0.6}",8,10,bayesian
fourclass,custom_alsalam,1,0.9918738305265972,0.011681980291261409,0.9918757124579678,0.011692447360127476,0.15029630861323579,0.0023081686334269986,0.014845880027860404,0.0010425599171261855,1.4530849000439048,43,"{'C': 16.652589237237546, 'degree': 4, 'a': -1, 'q': 0.03}",8,10,bayesian
fourclass,custom_alsalam,2,0.9953622026196204,0.0077010863324984335,0.9953848460947035,0.007658258967752189,0.16395976055869638,0.0029247714392197253,0.01255900990217924,0.0003443251245222022,1.4394839997403324,44,"{'C': 17.75398968518351, 'degree': 6, 'a': -1, 'q': 0.46}",8,10,bayesian
fourclass,custom_alsalam,3,0.9953622026196204,0.005680236488794358,0.9953782299171439,0.005660606181700601,0.14153209178583306,0.003479997470158495,0.01428265990689397,0.000530249078825237,1.4468523999676108,45,"{'C': 24.725298825376527, 'degree': 4, 'a': -1, 'q': 0.28}",8,10,bayesian
fourclass,custom_alsalam,4,0.9941860465116278,0.009374718311975075,0.994222676563537,0.009311406492746973,0.151972564017293,0.004780537068514108,0.01320122997276485,0.0006435717368077714,1.434997399803251,46,"{'C': 19.59602493779296, 'degree': 4, 'a': -1, 'q': 0.25}",8,10,bayesian
fourclass,custom_alsalam,5,0.9825982357658379,0.012994698460479822,0.9827031395171961,0.012862571400426842,0.25676637845028266,0.004255878128405018,0.01264780005440116,0.0005673740384974314,1.3914402998052537,47,"{'C': 3.1787371619055294, 'degree': 5, 'a': -1, 'q': 0.01}",8,10,bayesian
