dataset,kernel,trial,optimization_time,training_time,best_accuracy,best_f1_score,support_vector_prop,best_params,random_seed,n_optimization_trials,cv_folds
ecoli,linear,0,0.46583630004897714,0.0017165801022201777,0.8811942959001783,0.8737974400556624,0.38161541319694886,{'C': 5.809303133207778},42,10,10
ecoli,linear,1,0.4203678001649678,0.0015901000704616308,0.8719251336898395,0.8622660145831039,0.41302756103424915,{'C': 2.9023534286116157},43,10,10
ecoli,linear,2,0.44222399964928627,0.0022318999748677016,0.8725490196078433,0.8653968430788621,0.3442353506873866,{'C': 36.05072312479231},44,10,10
ecoli,linear,3,0.41710809990763664,0.0016978699713945389,0.8631907308377895,0.8548933091054419,0.3759939238957008,{'C': 7.729879318351191},45,10,10
ecoli,linear,4,0.47507060039788485,0.0016467700712382793,0.8628342245989306,0.8557476530246445,0.3912158765545429,{'C': 4.287501969778039},46,10,10
ecoli,linear,5,0.45867029996588826,0.0024558000266551973,0.8570409982174688,0.8486063454043927,0.3488634625051909,{'C': 35.14742912146425},47,10,10
ecoli,linear,6,0.4329852000810206,0.0015283100306987762,0.8754010695187165,0.8662318399964224,0.4384914650405438,{'C': 1.7500096028443315},48,10,10
ecoli,linear,7,0.46476650005206466,0.0029951299540698527,0.8513368983957218,0.8415317672345293,0.33962581688632437,{'C': 92.6335871707825},49,10,10
ecoli,linear,8,0.46951720025390387,0.0020354900043457747,0.8542780748663101,0.8498756238924161,0.3525145892072651,{'C': 22.809082361829173},50,10,10
ecoli,linear,9,0.42572399973869324,0.0016818800009787082,0.8662210338680927,0.8543308470924519,0.3872379953227111,{'C': 4.472173508112401},51,10,10
ecoli,poly,0,0.5156125002540648,0.0018058901187032461,0.8841354723707664,0.876552772958054,0.38359998251480776,"{'C': 13.95024657134353, 'degree': 2, 'gamma': 1.475347969373303}",42,10,10
ecoli,poly,1,0.596040999982506,0.0017230299301445485,0.8778966131907309,0.8685341774956518,0.40244355561383954,"{'C': 25.44285816486207, 'degree': 1, 'gamma': 3.468678178582751}",43,10,10
ecoli,poly,2,0.6337481997907162,0.004249879950657487,0.8785204991087344,0.8704438214046855,0.35349922409459494,"{'C': 39.37856132927404, 'degree': 3, 'gamma': 2.047267413208588}",44,10,10
ecoli,poly,3,0.5890109003521502,0.0015317000448703765,0.8810160427807487,0.8741825239851881,0.5125631106156974,"{'C': 4.853151568643681, 'degree': 1, 'gamma': 0.4776161161246224}",45,10,10
ecoli,poly,4,0.5841505001299083,0.0037672900594770907,0.8719251336898395,0.862842998339804,0.39981203418355077,"{'C': 4.287501969778039, 'degree': 3, 'gamma': 3.652252873960553}",46,10,10
ecoli,poly,5,0.5731087001040578,0.0016697699669748546,0.8689839572192513,0.8619753594685993,0.3968297160841912,"{'C': 9.873496758926203, 'degree': 2, 'gamma': 2.569034341275915}",47,10,10
ecoli,poly,6,0.6315551004372537,0.004717819998040796,0.8811051693404635,0.87141738392436,0.36242650755141737,"{'C': 29.89833876951833, 'degree': 5, 'gamma': 1.308437536827318}",48,10,10
ecoli,poly,7,0.642829000018537,0.004927570000290871,0.8689839572192513,0.8585131307697145,0.3631029659257316,"{'C': 44.22183607663652, 'degree': 5, 'gamma': 3.381749733807492}",49,10,10
ecoli,poly,8,0.5788706000894308,0.0016799499280750751,0.8779857397504456,0.8697976139146736,0.4282462352195484,"{'C': 5.641107515510172, 'degree': 2, 'gamma': 3.7048899841838416}",50,10,10
ecoli,poly,9,0.5124331000261009,0.0018011800479143859,0.8662210338680927,0.8538484319041544,0.3812842873691343,"{'C': 44.54160488284843, 'degree': 1, 'gamma': 3.0223873424901875}",51,10,10
ecoli,rbf,0,0.5467675998806953,0.002918259985744953,0.8750445632798574,0.8640724305454558,0.5489443315192446,"{'C': 2.059428845085949, 'gamma': 3.880109567207946}",42,10,10
ecoli,rbf,1,0.5306230001151562,0.0028457199689000843,0.866131907308378,0.8545240578404216,0.5294243000458987,"{'C': 2.9023534286116157, 'gamma': 2.9391533679917523}",43,10,10
ecoli,rbf,2,0.5328179001808167,0.002648570016026497,0.8785204991087344,0.8731189469642897,0.41797914890826837,"{'C': 42.76572445463983, 'gamma': 0.46770693414988207}",44,10,10
ecoli,rbf,3,0.528813200071454,0.002334460010752082,0.8721925133689838,0.8635834047791814,0.43419557187506835,"{'C': 4.853151568643681, 'gamma': 0.6663708483298129}",45,10,10
ecoli,rbf,4,0.5288676996715367,0.0025954298675060273,0.8688057040998217,0.8615776253563994,0.4857779817716871,"{'C': 4.287501969778039, 'gamma': 1.7722052636656271}",46,10,10
ecoli,rbf,5,0.5177837996743619,0.002709950041025877,0.866131907308378,0.8592263976920129,0.45204139619259937,"{'C': 27.092809416673624, 'gamma': 1.1055423805836644}",47,10,10
ecoli,rbf,6,0.5195681001059711,0.002947760047391057,0.8753119429590017,0.8655223524443743,0.5396749939894652,"{'C': 1.7500096028443315, 'gamma': 3.567987236421342}",48,10,10
ecoli,rbf,7,0.5349117000587285,0.0027527299243956804,0.8600713012477719,0.8503869208499728,0.3793029965248181,"{'C': 96.21679197288353, 'gamma': 0.2503777431897933}",49,10,10
ecoli,rbf,8,0.5348616996780038,0.0029183300212025642,0.860338680926916,0.8554681615242294,0.44445282276572023,"{'C': 49.4606699521566, 'gamma': 0.9243936192903239}",50,10,10
ecoli,rbf,9,0.5072101000696421,0.002666690060868859,0.8601604278074866,0.8475125583159832,0.4497355364675541,"{'C': 17.435164259026102, 'gamma': 0.884946142214355}",51,10,10
ecoli,custom_hermite,0,0.8090212000533938,0.005074980016797781,0.8693404634581106,0.8621955164122161,0.4355102397656984,"{'C': 83.24443163740138, 'degree': 2}",42,10,10
ecoli,custom_hermite,1,0.7873611999675632,0.003324949974194169,0.8691622103386809,0.8570003430397588,0.5294232072213843,"{'C': 25.44285816486207, 'degree': 1}",43,10,10
ecoli,custom_hermite,2,0.7672978001646698,0.003263079980388284,0.8725490196078433,0.8680386191830205,0.48709374248683146,"{'C': 42.76572445463983, 'degree': 1}",44,10,10
ecoli,custom_hermite,3,0.7643113001249731,0.004916650103405118,0.869073083778966,0.8625612588604626,0.46560881253688285,"{'C': 44.05364834656567, 'degree': 2}",45,10,10
ecoli,custom_hermite,4,0.808084599673748,0.005405650101602077,0.8688057040998217,0.8629602317598664,0.40973050947478856,"{'C': 78.38345124822426, 'degree': 4}",46,10,10
ecoli,custom_hermite,5,0.7644302998669446,0.003431039955466986,0.8688948306595364,0.860203516205944,0.5271118833737679,"{'C': 25.599987137364938, 'degree': 1}",47,10,10
ecoli,custom_hermite,6,0.8163201999850571,0.004924279963597655,0.8781639928698752,0.8726180869441669,0.4560192774244311,"{'C': 33.67204902905069, 'degree': 3}",48,10,10
ecoli,custom_hermite,7,0.7780706998892128,0.003431010013446212,0.8662210338680927,0.8562326291461456,0.44212838502393287,"{'C': 96.21679197288353, 'degree': 1}",49,10,10
ecoli,custom_hermite,8,0.84472870035097,0.004827720066532493,0.8748663101604277,0.8688333370983207,0.43750027320612855,"{'C': 76.05390826420042, 'degree': 2}",50,10,10
ecoli,custom_hermite,9,0.7181849996559322,0.0033883399330079554,0.8690730837789662,0.8593231563065247,0.48710248508294535,"{'C': 41.02538836217453, 'degree': 1}",51,10,10
ecoli,custom_gegen,0,1.775822600349784,0.0050276500638574365,0.8781639928698752,0.8705080815561462,0.3664087600813062,"{'C': 59.86624976121946, 'degree': 1, 'alpha': -0.1795709045309567}",42,10,10
ecoli,custom_gegen,1,1.8385163000784814,0.006968459952622652,0.8811051693404635,0.8664355058217618,0.5271107905492536,"{'C': 89.70996089957345, 'degree': 2, 'alpha': 0.031986596966799064}",43,10,10
ecoli,custom_gegen,2,2.0841269996017218,0.0046223099809139965,0.8754010695187165,0.8680474494361075,0.5324055253207439,"{'C': 42.76572445463983, 'degree': 1, 'alpha': -0.05638125000041694}",44,10,10
ecoli,custom_gegen,3,1.8356511001475155,0.008145199995487929,0.8693404634581106,0.8622166360681305,0.42559504294800343,"{'C': 11.246977118703663, 'degree': 2, 'alpha': 0.4623190862767723}",45,10,10
ecoli,custom_gegen,4,1.6669847001321614,0.004801449878141284,0.8717468805704099,0.8636017798507829,0.35913382729001375,"{'C': 29.99148509430352, 'degree': 1, 'alpha': 0.25070004483418906}",46,10,10
ecoli,custom_gegen,5,2.2058924003504217,0.007961300015449525,0.8631907308377895,0.8561054926640871,0.40342928332568356,"{'C': 24.665691528082416, 'degree': 2, 'alpha': -0.4422174052507317}",47,10,10
ecoli,custom_gegen,6,1.3496253001503646,0.004997829999774694,0.8692513368983956,0.8590315933724796,0.36739339496863593,"{'C': 35.71784231100412, 'degree': 1, 'alpha': -0.20762466185188871}",48,10,10
ecoli,custom_gegen,7,2.3525816998444498,0.007216669991612435,0.8720142602495544,0.8613002959769369,0.3792953467532184,"{'C': 25.193648320991734, 'degree': 2, 'alpha': -0.3386652195968104}",49,10,10
ecoli,custom_gegen,8,2.0972401998005807,0.0045975500252097845,0.8721925133689841,0.8658799190628622,0.37699276550171573,"{'C': 66.83408854009923, 'degree': 1, 'alpha': 0.16084403508539902}",50,10,10
ecoli,custom_gegen,9,1.7888244995847344,0.007024489995092154,0.8691622103386809,0.8594043232849146,0.49338841168885095,"{'C': 48.78009133549274, 'degree': 2, 'alpha': -0.05581670324541077}",51,10,10
ecoli,custom_alsalam,0,0.9246129998937249,0.005237419996410609,0.8723707664884135,0.8667202782650671,0.4355146110637554,"{'C': 13.95024657134353, 'degree': 2, 'a': -1, 'q': 0.37}",42,10,10
ecoli,custom_alsalam,1,0.9343453999608755,0.006206679996103049,0.8393048128342245,0.8314147351133053,0.4341857364544402,"{'C': 22.103678559441246, 'degree': 3, 'a': -1, 'q': 0.32}",43,10,10
ecoli,custom_alsalam,2,0.8154262001626194,0.0064286999870091675,0.8724598930481283,0.8684541501060575,0.43088322077240837,"{'C': 36.05072312479231, 'degree': 3, 'a': -1, 'q': 0.61}",44,10,10
ecoli,custom_alsalam,3,0.8176347999833524,0.004781199945136904,0.8723707664884135,0.8683200436629889,0.4358512010141412,"{'C': 11.246977118703663, 'degree': 2, 'a': -1, 'q': 0.48000000000000004}",45,10,10
ecoli,custom_alsalam,4,0.8917217999696732,0.005175569886341691,0.8717468805704099,0.8651290725515416,0.44212947784844714,"{'C': 30.75461872064403, 'degree': 2, 'a': -1, 'q': 0.49}",46,10,10
ecoli,custom_alsalam,5,0.886831299867481,0.004343240102753043,0.8631907308377895,0.8559389300213397,0.4695735798745438,"{'C': 9.873496758926203, 'degree': 2, 'a': -1, 'q': 0.64}",47,10,10
ecoli,custom_alsalam,6,0.8739241999574006,0.005104259913787245,0.8721925133689841,0.8645782557852677,0.43848490809345836,"{'C': 54.52338114221105, 'degree': 4, 'a': -1, 'q': 0.59}",48,10,10
ecoli,custom_alsalam,7,0.866306799929589,0.004587580077350139,0.8691622103386809,0.8574873046970062,0.5327377439730727,"{'C': 28.984498812192676, 'degree': 2, 'a': -1, 'q': 0.7000000000000001}",49,10,10
ecoli,custom_alsalam,8,0.8272879002615809,0.005478949984535575,0.8602495543672013,0.8550582151210733,0.4381647105107862,"{'C': 52.41082616290873, 'degree': 6, 'a': -1, 'q': 0.5700000000000001}",50,10,10
ecoli,custom_alsalam,9,0.8410439998842776,0.0050976399797946215,0.8691622103386809,0.8598477249063681,0.44410530457019204,"{'C': 4.77353057385992, 'degree': 2, 'a': -1, 'q': 0.29000000000000004}",51,10,10
glass,linear,0,0.4372609001584351,0.0017466700170189141,0.6632034632034632,0.626972534116497,0.7383122841105354,{'C': 15.602708025603208},42,10,10
glass,linear,1,0.4071720000356436,0.001575969997793436,0.6586580086580086,0.6268648827758836,0.7429916882556131,{'C': 11.506341584411505},43,10,10
glass,linear,2,0.43589260010048747,0.001526209944859147,0.6816017316017315,0.646260667437138,0.7487127590673575,{'C': 10.480505640882603},44,10,10
glass,linear,3,0.41457819985225797,0.0017033000476658344,0.667965367965368,0.6414943752620665,0.7398828799654577,{'C': 16.33328149637847},45,10,10
glass,linear,4,0.45053069991990924,0.0019807400181889533,0.6582251082251082,0.6339748292070274,0.719098121761658,{'C': 24.905060108483372},46,10,10
glass,linear,5,0.45690950006246567,0.00163546996191144,0.6642857142857144,0.631952427231065,0.7486911701208981,{'C': 11.349733700893058},47,10,10
glass,linear,6,0.43803759990260005,0.0024118199944496155,0.658874458874459,0.625966635365031,0.7134148316062177,{'C': 28.48683188622436},48,10,10
glass,linear,7,0.44256360037252307,0.0018373400438576938,0.6448051948051947,0.608342115400939,0.723785621761658,{'C': 21.043173174840597},49,10,10
glass,linear,8,0.4345583999529481,0.001850700005888939,0.6491341991341991,0.6219906658528951,0.7201505829015543,{'C': 25.548136901797378},50,10,10
glass,linear,9,0.43473839992657304,0.0017198500223457812,0.6642857142857143,0.6293186492279814,0.7393377590673575,{'C': 15.76785920720762},51,10,10
glass,poly,0,0.4445925001055002,0.0029533499386161567,0.7008658008658009,0.6866264128028834,0.6412213946459413,"{'C': 37.454637344617396, 'degree': 6, 'gamma': 2.9321633619048173}",42,10,10
glass,poly,1,0.4472471000626683,0.0028583600651472807,0.7004329004329004,0.6820799453197824,0.656282383419689,"{'C': 44.576390325611044, 'degree': 5, 'gamma': 0.34433613551210357}",43,10,10
glass,poly,2,0.4650038001127541,0.0038358999881893396,0.7331168831168832,0.7177939054409641,0.6266839378238342,"{'C': 95.74724943472268, 'degree': 6, 'gamma': 3.5291436202329205}",44,10,10
glass,poly,3,0.44854260003194213,0.0030598098877817393,0.7108225108225109,0.6962921143593412,0.6511010362694301,"{'C': 98.90116233604654, 'degree': 4, 'gamma': 1.1370165937272034}",45,10,10
glass,poly,4,0.43558380007743835,0.0029695800505578516,0.7246753246753247,0.7039597030095502,0.658900043177893,"{'C': 78.38345124822426, 'degree': 4, 'gamma': 1.007906067758062}",46,10,10
glass,poly,5,0.43316869996488094,0.002704920060932636,0.7106060606060607,0.6997246777498878,0.6630154360967184,"{'C': 35.14742912146425, 'degree': 5, 'gamma': 3.201549584739277}",47,10,10
glass,poly,6,0.4503737003542483,0.0028610200621187686,0.7196969696969696,0.7092850503592433,0.661469127806563,"{'C': 44.49646271214178, 'degree': 5, 'gamma': 1.8488408310945195}",48,10,10
glass,poly,7,0.4633464002981782,0.0035091199446469546,0.719047619047619,0.7141438323581181,0.6355057210708118,"{'C': 70.76117850962414, 'degree': 6, 'gamma': 2.431682930384008}",49,10,10
glass,poly,8,0.4346477002836764,0.0026308200787752865,0.7015151515151515,0.6833863369295702,0.6760416666666667,"{'C': 67.45763200916058, 'degree': 3, 'gamma': 2.036436743715766}",50,10,10
glass,poly,9,0.408839900046587,0.0028823900036513807,0.7106060606060606,0.6921368827251181,0.6604193652849741,"{'C': 72.8713543332869, 'degree': 4, 'gamma': 2.8609524348443096}",51,10,10
glass,rbf,0,0.39757260028272867,0.0017448000144213438,0.714935064935065,0.6906493366577401,0.7933479058721934,"{'C': 5.809303133207778, 'gamma': 3.4667955808220072}",42,10,10
glass,rbf,1,0.39181029982864857,0.0017575000878423453,0.7010822510822511,0.6830028085558624,0.7502671632124353,"{'C': 11.506341584411505, 'gamma': 2.442374492441684}",43,10,10
glass,rbf,2,0.4045882998034358,0.001903219986706972,0.7331168831168832,0.7199347384641502,0.6754857512953367,"{'C': 83.48438002441628, 'gamma': 0.43317197834869975}",44,10,10
glass,rbf,3,0.40272120013833046,0.0019464100245386363,0.7147186147186148,0.7020427620083847,0.6858862262521589,"{'C': 61.82983006225224, 'gamma': 1.14187715102262}",45,10,10
glass,rbf,4,0.40197790041565895,0.0018288199789822102,0.7054112554112554,0.6855558808605028,0.7622085492227979,"{'C': 10.408335656931513, 'gamma': 3.211524249181703}",46,10,10
glass,rbf,5,0.39812610018998384,0.0019321400672197343,0.7064935064935065,0.6935450462849844,0.6765490069084628,"{'C': 70.60339509628965, 'gamma': 0.9983686305083388}",47,10,10
glass,rbf,6,0.4242664002813399,0.001985110016539693,0.7158008658008658,0.7049782414499354,0.6692519430051813,"{'C': 79.20363403128228, 'gamma': 1.308437536827318}",48,10,10
glass,rbf,7,0.39908119989559054,0.0018290099687874317,0.7329004329004329,0.7199842827573921,0.6775636873920552,"{'C': 96.21679197288353, 'gamma': 0.2503777431897933}",49,10,10
glass,rbf,8,0.41164329973980784,0.0020053899846971036,0.7389610389610389,0.7277581755312849,0.6739556347150258,"{'C': 76.05390826420042, 'gamma': 1.25081849866812}",50,10,10
glass,rbf,9,0.39180879993364215,0.0019652399700134993,0.7147186147186148,0.6907751980684311,0.7481946243523316,"{'C': 28.42201566103021, 'gamma': 3.7981428233711143}",51,10,10
glass,custom_hermite,0,0.49348550010472536,0.002228880021721125,0.6961038961038961,0.6517336623644674,0.8312607944732298,"{'C': 83.24443163740138, 'degree': 2}",42,10,10
glass,custom_hermite,1,0.49035209976136684,0.0025346400681883095,0.6872294372294372,0.6445555840475626,0.8027256044905009,"{'C': 66.60935521958947, 'degree': 4}",43,10,10
glass,custom_hermite,2,0.49125370010733604,0.0025633400306105613,0.7188311688311687,0.6768296647575728,0.7928432642487047,"{'C': 50.99073105655105, 'degree': 5}",44,10,10
glass,custom_hermite,3,0.48151469975709915,0.0026406100019812583,0.70995670995671,0.6743716072287501,0.7450885146804835,"{'C': 97.60035557843834, 'degree': 5}",45,10,10
glass,custom_hermite,4,0.4960358999669552,0.00235474007204175,0.7101731601731602,0.6696246518073143,0.793364097582038,"{'C': 91.27231627122983, 'degree': 3}",46,10,10
glass,custom_hermite,5,0.4842860996723175,0.002603579964488745,0.7108225108225108,0.6728137342533628,0.7673979922279793,"{'C': 70.76080622076984, 'degree': 5}",47,10,10
glass,custom_hermite,6,0.48243589978665113,0.002409509988501668,0.6963203463203463,0.6620713203287286,0.8255478195164077,"{'C': 46.010662718398954, 'degree': 4}",48,10,10
glass,custom_hermite,7,0.4884441001340747,0.0024640601128339767,0.70995670995671,0.6744251632276843,0.8042638169257341,"{'C': 68.32799272073872, 'degree': 4}",49,10,10
glass,custom_hermite,8,0.49599940003827214,0.0023178800474852324,0.7054112554112555,0.6706024264692995,0.81360103626943,"{'C': 67.45763200916058, 'degree': 3}",50,10,10
glass,custom_hermite,9,0.4730689004063606,0.002647680090740323,0.6961038961038961,0.6563051646045897,0.7949104058721935,"{'C': 28.42201566103021, 'degree': 6}",51,10,10
glass,custom_gegen,0,0.9809992001391947,0.0030395199544727804,0.6961038961038961,0.6582185410049186,0.7518134715025907,"{'C': 45.607542351719374, 'degree': 5, 'alpha': -0.09264917350486412}",42,10,10
glass,custom_gegen,1,0.9969810997135937,0.004720870032906532,0.7097402597402598,0.6913717912634322,0.5763007340241797,"{'C': 66.60935521958947, 'degree': 4, 'alpha': -0.4322624893955228}",43,10,10
glass,custom_gegen,2,1.1223326004110277,0.0029612000100314615,0.6956709956709956,0.6595398283633578,0.7388331174438687,"{'C': 14.885657456358848, 'degree': 4, 'alpha': -0.17328102501183607}",44,10,10
glass,custom_gegen,3,1.0283363997004926,0.004511959943920374,0.7385281385281385,0.7287062619071787,0.6142190198618309,"{'C': 11.246977118703663, 'degree': 2, 'alpha': 0.4623190862767723}",45,10,10
glass,custom_gegen,4,0.9448023000732064,0.0037513898685574533,0.724025974025974,0.7053988659627757,0.6474606001727115,"{'C': 26.24225722762328, 'degree': 6, 'alpha': 0.29633924272509005}",46,10,10
glass,custom_gegen,5,1.1967354998923838,0.004308489942923188,0.711038961038961,0.7039128518540284,0.5955364853195164,"{'C': 12.712329991335293, 'degree': 5, 'alpha': -0.47957646815918376}",47,10,10
glass,custom_gegen,6,0.754088900052011,0.0032751200255006553,0.7192640692640694,0.6854144761000135,0.720166774611399,"{'C': 29.89833876951833, 'degree': 5, 'alpha': 0.15569648898167532}",48,10,10
glass,custom_gegen,7,1.2316438001580536,0.003844020003452897,0.7374458874458875,0.7321961159520967,0.6209844559585493,"{'C': 22.91459130306838, 'degree': 6, 'alpha': -0.37275251226410955}",49,10,10
glass,custom_gegen,8,1.126541499979794,0.003064880007877946,0.7056277056277057,0.6877791186404633,0.6890220207253885,"{'C': 31.001624859184517, 'degree': 3, 'alpha': 0.21001198681815925}",50,10,10
glass,custom_gegen,9,0.9679754003882408,0.0042146399151533846,0.7329004329004329,0.7169850854094552,0.6225415587219343,"{'C': 64.67490767496166, 'degree': 2, 'alpha': 0.3263934923421967}",51,10,10
glass,custom_alsalam,0,0.638457200024277,0.002929380023851991,0.7151515151515151,0.6988246765397362,0.6376025474956822,"{'C': 13.95024657134353, 'degree': 2, 'a': -1, 'q': 0.37}",42,10,10
glass,custom_alsalam,1,0.628675099927932,0.003749149991199374,0.6673160173160173,0.6487082101478386,0.6012251727115716,"{'C': 22.103678559441246, 'degree': 3, 'a': -1, 'q': 0.32}",43,10,10
glass,custom_alsalam,2,0.5489057996310294,0.003796309931203723,0.7515151515151516,0.7370566287544897,0.6105866796200345,"{'C': 42.76572445463983, 'degree': 1, 'a': -1, 'q': 0.22}",44,10,10
glass,custom_alsalam,3,0.5523399002850056,0.002402969961985946,0.7054112554112555,0.689500719479711,0.6910837651122625,"{'C': 11.246977118703663, 'degree': 2, 'a': -1, 'q': 0.48000000000000004}",45,10,10
glass,custom_alsalam,4,0.5980945001356304,0.002644510008394718,0.6963203463203463,0.6848087339462838,0.6448726252158894,"{'C': 29.99148509430352, 'degree': 1, 'a': -1, 'q': 0.37}",46,10,10
glass,custom_alsalam,5,0.6107783000916243,0.002944060089066625,0.7158008658008658,0.7063201177907061,0.6464216321243523,"{'C': 85.67920399582866, 'degree': 5, 'a': -1, 'q': 0.55}",47,10,10
glass,custom_alsalam,6,0.6290934002026916,0.004294340079650283,0.743073593073593,0.7300413928299819,0.6121653713298791,"{'C': 35.71784231100412, 'degree': 1, 'a': -1, 'q': 0.15000000000000002}",48,10,10
glass,custom_alsalam,7,0.5880950000137091,0.0034197701141238214,0.7329004329004329,0.7182673108390811,0.6126889032815198,"{'C': 89.62311386559638, 'degree': 5, 'a': -1, 'q': 0.5}",49,10,10
glass,custom_alsalam,8,0.5728160999715328,0.003342649945989251,0.7435064935064934,0.7383235177944881,0.6204879101899827,"{'C': 67.45763200916058, 'degree': 3, 'a': -1, 'q': 0.51}",50,10,10
glass,custom_alsalam,9,0.5790369999594986,0.0032946199644356966,0.7242424242424242,0.708731875034396,0.6131854490500863,"{'C': 67.57346581893972, 'degree': 1, 'a': -1, 'q': 0.34}",51,10,10
SPECTF,linear,0,0.7490241997875273,0.005798999965190887,0.7943019943019942,0.7941766036376926,0.3283437067773168,{'C': 73.1996621871987},42,10,10
SPECTF,linear,1,0.6504823002032936,0.0014794200658798217,0.8126780626780628,0.8058792630134095,0.40783022130013824,{'C': 2.9023534286116157},43,10,10
SPECTF,linear,2,0.7488724002614617,0.0024991599842906,0.7972934472934472,0.7933348301652015,0.36581431535269715,{'C': 10.480505640882603},44,10,10
SPECTF,linear,3,0.6614065002650023,0.0017397399060428143,0.8015669515669515,0.7838027380258903,0.39034578146611343,{'C': 4.853151568643681},45,10,10
SPECTF,linear,4,0.7456527003087103,0.001779480092227459,0.8122507122507123,0.805395459060346,0.387448132780083,{'C': 4.287501969778039},46,10,10
SPECTF,linear,5,0.7567996997386217,0.0028246499598026274,0.8014245014245015,0.791232806203803,0.3682762793914246,{'C': 11.349733700893058},47,10,10
SPECTF,linear,6,0.6952658002264798,0.0012596999295055866,0.7874643874643874,0.7765699896373655,0.41821058091286306,{'C': 1.7500096028443315},48,10,10
SPECTF,linear,7,0.7816968997940421,0.005515489960089326,0.782905982905983,0.7846958200791423,0.3354097510373444,{'C': 54.697041058422926},49,10,10
SPECTF,linear,8,0.7561986004002392,0.004086749954149127,0.79002849002849,0.7868301780663914,0.3445764177040111,{'C': 25.548136901797378},50,10,10
SPECTF,linear,9,0.6930018998682499,0.0016297800466418266,0.8166666666666667,0.8080141960536599,0.38909232365145224,{'C': 4.472173508112401},51,10,10
SPECTF,poly,0,0.45152049977332354,0.0012353300582617522,0.808974358974359,0.7983845019699107,0.4269605809128631,"{'C': 59.86624976121946, 'degree': 1, 'gamma': 0.6371656669645575}",42,10,10
SPECTF,poly,1,0.5128777995705605,0.0027886100579053164,0.808974358974359,0.8004359409034206,0.41740836791147995,"{'C': 22.103678559441246, 'degree': 3, 'gamma': 1.2750718767131752}",43,10,10
SPECTF,poly,2,0.5064039998687804,0.0016059800516813993,0.8195156695156696,0.814820913367425,0.4011791147994467,"{'C': 64.64140982977695, 'degree': 2, 'gamma': 2.553002555011625}",44,10,10
SPECTF,poly,3,0.5225910996086895,0.002490910002961755,0.8088319088319087,0.7902857851990495,0.43363070539419085,"{'C': 7.729879318351191, 'degree': 3, 'gamma': 1.899469254494512}",45,10,10
SPECTF,poly,4,0.4818199002183974,0.0012872000224888325,0.8239316239316239,0.810846729879916,0.418646265560166,"{'C': 30.75461872064403, 'degree': 2, 'gamma': 1.984005958930137}",46,10,10
SPECTF,poly,5,0.5097230998799205,0.003691620100289583,0.8280626780626781,0.8233297224776395,0.41072268326417705,"{'C': 35.14742912146425, 'degree': 5, 'gamma': 3.201549584739277}",47,10,10
SPECTF,poly,6,0.5019828001968563,0.0010267001111060382,0.7941595441595442,0.7031421452014157,0.44401970954356845,"{'C': 3.711994388168878, 'degree': 1, 'gamma': 0.8660498050857349}",48,10,10
SPECTF,poly,7,0.5332217002287507,0.0012545700650662185,0.8015669515669515,0.7969863804255939,0.4190542876901798,"{'C': 30.0971446211356, 'degree': 2, 'gamma': 3.706491553751403}",49,10,10
SPECTF,poly,8,0.4781629997305572,0.0014982599765062331,0.8125356125356126,0.8073315031226473,0.3995107192254495,"{'C': 55.99615041510878, 'degree': 2, 'gamma': 3.554547024509242}",50,10,10
SPECTF,poly,9,0.42972590029239655,0.0011582800652831793,0.8126780626780628,0.7997813006003096,0.43112378976486865,"{'C': 44.54160488284843, 'degree': 1, 'gamma': 3.0223873424901875}",51,10,10
SPECTF,rbf,0,0.4287526002153754,0.001945040049031377,0.7941595441595442,0.7031421452014157,1.0,"{'C': 37.454637344617396, 'gamma': 3.80362731460201}",42,10,10
SPECTF,rbf,1,0.41878770012408495,0.0019110399764031172,0.798148148148148,0.7718849718797494,0.897213001383126,"{'C': 13.33996302763464, 'gamma': 0.9742242670494365}",43,10,10
SPECTF,rbf,2,0.42147659976035357,0.001926730014383793,0.7941595441595442,0.7031421452014157,1.0,"{'C': 21.79066903578307, 'gamma': 3.8305527751924835}",44,10,10
SPECTF,rbf,3,0.4545398000627756,0.0018291600048542024,0.79002849002849,0.7282005804448648,1.0,"{'C': 98.90116233604654, 'gamma': 2.205217271021953}",45,10,10
SPECTF,rbf,4,0.41685769986361265,0.0019181500189006328,0.7941595441595442,0.7031421452014157,1.0,"{'C': 31.308380486232352, 'gamma': 3.749930096242834}",46,10,10
SPECTF,rbf,5,0.43666840018704534,0.001969669805839658,0.7943019943019942,0.7797001710372159,0.443594398340249,"{'C': 25.599987137364938, 'gamma': 0.11129523917292246}",47,10,10
SPECTF,rbf,6,0.41368080023676157,0.0019500399939715862,0.7941595441595442,0.7031421452014157,1.0,"{'C': 1.7500096028443315, 'gamma': 3.567987236421342}",48,10,10
SPECTF,rbf,7,0.4194470997899771,0.0020867600105702877,0.7910256410256411,0.7842964962042293,0.48274031811894885,"{'C': 96.21679197288353, 'gamma': 0.2503777431897933}",49,10,10
SPECTF,rbf,8,0.45094949984923005,0.001817449927330017,0.8054131054131053,0.7765013345455838,0.9629668049792531,"{'C': 76.05390826420042, 'gamma': 1.25081849866812}",50,10,10
SPECTF,rbf,9,0.43094620015472174,0.00195681001059711,0.7941595441595442,0.7031421452014157,1.0,"{'C': 28.42201566103021, 'gamma': 3.7981428233711143}",51,10,10
SPECTF,custom_hermite,0,1.7902676998637617,0.014888320025056601,0.7941595441595442,0.7031421452014157,0.5830186721991701,"{'C': 37.454637344617396, 'degree': 6}",42,10,10
SPECTF,custom_hermite,1,1.7520049000158906,0.013363130064681173,0.7941595441595442,0.7031421452014157,0.4910494467496542,"{'C': 11.506341584411505, 'degree': 4}",43,10,10
SPECTF,custom_hermite,2,1.5395202999934554,0.0065988400019705296,0.7941595441595442,0.7031421452014157,0.43986687413554637,"{'C': 83.48438002441628, 'degree': 1}",44,10,10
SPECTF,custom_hermite,3,1.564230800140649,0.014263869961723685,0.7941595441595442,0.7031421452014157,0.5226746196403872,"{'C': 98.90116233604654, 'degree': 4}",45,10,10
SPECTF,custom_hermite,4,1.821248899679631,0.014474500017240644,0.7941595441595442,0.7031421452014157,0.5156051175656985,"{'C': 78.38345124822426, 'degree': 4}",46,10,10
SPECTF,custom_hermite,5,1.62291119992733,0.015120000019669533,0.7941595441595442,0.7031421452014157,0.560954356846473,"{'C': 11.349733700893058, 'degree': 6}",47,10,10
SPECTF,custom_hermite,6,1.6034609000198543,0.014878550032153725,0.7941595441595442,0.7031421452014157,0.523494121715076,"{'C': 1.7500096028443315, 'degree': 6}",48,10,10
SPECTF,custom_hermite,7,1.543574099894613,0.006688650045543909,0.7941595441595442,0.7031421452014157,0.4527489626556017,"{'C': 30.0971446211356, 'degree': 2}",49,10,10
SPECTF,custom_hermite,8,1.7331580999307334,0.006739020021632314,0.7941595441595442,0.7031421452014157,0.4698271092669433,"{'C': 49.4606699521566, 'degree': 2}",50,10,10
SPECTF,custom_hermite,9,1.3440493000671268,0.006279890099540353,0.7941595441595442,0.7031421452014157,0.4336324343015214,"{'C': 67.57346581893972, 'degree': 1}",51,10,10
SPECTF,custom_gegen,0,7.234787099994719,0.08529141996987163,0.7978632478632478,0.7814285714576931,0.5085286998616874,"{'C': 43.19506991919293, 'degree': 2, 'alpha': 0.7275872604975351}",42,10,10
SPECTF,custom_gegen,1,6.4859675001353025,0.0233468699734658,0.8085470085470086,0.7972079098456291,0.5301798063623789,"{'C': 66.60935521958947, 'degree': 4, 'alpha': -0.4322624893955228}",43,10,10
SPECTF,custom_gegen,2,8.2420134996064,0.02545584999024868,0.8017094017094017,0.7189186584918049,1.0,"{'C': 71.01508918471401, 'degree': 6, 'alpha': 0.41867600678848516}",44,10,10
SPECTF,custom_gegen,3,6.550636299885809,0.017594929970800876,0.8160968660968662,0.8132105515536067,0.4423513139695713,"{'C': 4.853151568643681, 'degree': 1, 'alpha': -0.25925808411909057}",45,10,10
SPECTF,custom_gegen,4,5.791109699755907,0.017223720019683243,0.808974358974359,0.8028112557440737,0.43196230982019374,"{'C': 29.99148509430352, 'degree': 1, 'alpha': 0.25070004483418906}",46,10,10
SPECTF,custom_gegen,5,9.184526199940592,0.09626997006125748,0.7941595441595442,0.7031421452014157,0.44444329183955744,"{'C': 11.349733700893058, 'degree': 6, 'alpha': 0.9601819206672013}",47,10,10
SPECTF,custom_gegen,6,4.280289800371975,0.016081190016120673,0.7981481481481482,0.7748240233927475,0.7960719225449516,"{'C': 59.27484815312826, 'degree': 3, 'alpha': 0.4143113634482968}",48,10,10
SPECTF,custom_gegen,7,9.841493700165302,0.09521672008559108,0.813105413105413,0.7968994773674261,0.6570937067773168,"{'C': 89.62311386559638, 'degree': 5, 'alpha': 0.502572896317449}",49,10,10
SPECTF,custom_gegen,8,8.024933500215411,0.016316840052604677,0.8047008547008547,0.8017725524500593,0.41573997233748267,"{'C': 66.83408854009923, 'degree': 1, 'alpha': 0.16084403508539902}",50,10,10
SPECTF,custom_gegen,9,6.298397000413388,0.016070079989731312,0.8128205128205128,0.8043169155302623,0.4307071230982019,"{'C': 48.78009133549274, 'degree': 2, 'alpha': -0.05581670324541077}",51,10,10
SPECTF,custom_alsalam,0,1.5258641997352242,0.013378109922632575,0.7941595441595442,0.7031421452014157,0.41198132780082986,"{'C': 37.454637344617396, 'degree': 6, 'a': -1, 'q': 0.73}",42,10,10
SPECTF,custom_alsalam,1,1.4570118002593517,0.011290250066667794,0.8054131054131053,0.7820125344798168,0.8006725449515907,"{'C': 11.506341584411505, 'degree': 4, 'a': -1, 'q': 0.14}",43,10,10
SPECTF,custom_alsalam,2,1.3388437000103295,0.004185459949076176,0.7941595441595442,0.7031421452014157,0.41198132780082986,"{'C': 83.48438002441628, 'degree': 1, 'a': -1, 'q': 0.74}",44,10,10
SPECTF,custom_alsalam,3,1.3572423998266459,0.0050704600289464,0.7977207977207976,0.7877968038943047,0.4831621715076072,"{'C': 4.853151568643681, 'degree': 1, 'a': -1, 'q': 0.12}",45,10,10
SPECTF,custom_alsalam,4,1.3376608998514712,0.004908169945701956,0.7941595441595442,0.7031421452014157,0.41198132780082986,"{'C': 75.80782838911712, 'degree': 2, 'a': -1, 'q': 0.93}",46,10,10
SPECTF,custom_alsalam,5,1.4726061997935176,0.01168685988523066,0.7941595441595442,0.7031421452014157,0.41198132780082986,"{'C': 11.349733700893058, 'degree': 6, 'a': -1, 'q': 0.73}",47,10,10
SPECTF,custom_alsalam,6,1.3786400998942554,0.006155100045725703,0.7874643874643875,0.77576121786688,0.8164730290456431,"{'C': 57.49878373151376, 'degree': 3, 'a': -1, 'q': 0.38}",48,10,10
SPECTF,custom_alsalam,7,1.5026480997912586,0.012181669939309359,0.7944444444444445,0.7807469128587654,0.79774377593361,"{'C': 22.91459130306838, 'degree': 6, 'a': -1, 'q': 0.060000000000000005}",49,10,10
SPECTF,custom_alsalam,8,1.2581112002953887,0.005004829959943891,0.7974358974358975,0.7944574601511887,0.4943827800829875,"{'C': 66.83408854009923, 'degree': 1, 'a': -1, 'q': 0.33}",50,10,10
SPECTF,custom_alsalam,9,1.1400377000682056,0.004913550009950996,0.7941595441595442,0.7031421452014157,0.41198132780082986,"{'C': 64.40232868225607, 'degree': 2, 'a': -1, 'q': 0.9400000000000001}",51,10,10
student,linear,0,0.6581164998933673,0.003767329966649413,0.2342857142857143,0.21995086923658355,0.9769994128009396,{'C': 5.809303133207778},42,10,10
student,linear,1,0.6536755999550223,0.0034376400988548996,0.2833333333333333,0.2413715728715729,0.9770052847915442,{'C': 2.9023534286116157},43,10,10
student,linear,2,0.656043500173837,0.004187679896131158,0.21523809523809523,0.18785789871504158,0.9777803875513799,{'C': 10.480505640882603},44,10,10
student,linear,3,0.6639041998423636,0.0044836900662630795,0.2623809523809524,0.23016484573627433,0.9693482090428654,{'C': 98.90116233604654},45,10,10
student,linear,4,0.6549757998436689,0.0038349300157278776,0.2561904761904762,0.23109750566893425,0.9800763358778626,{'C': 4.287501969778039},46,10,10
student,linear,5,0.6883233999833465,0.004270409978926182,0.25047619047619046,0.23207369614512469,0.971650029359953,{'C': 11.349733700893058},47,10,10
student,linear,6,0.6611033002845943,0.0032343999948352574,0.24380952380952378,0.22353061224489795,0.9716324133881387,{'C': 1.7500096028443315},48,10,10
student,linear,7,0.6866693999618292,0.004686250071972609,0.24142857142857146,0.21586507936507937,0.975490311215502,{'C': 30.0971446211356},49,10,10
student,linear,8,0.6895431997254491,0.0046602299902588126,0.20999999999999996,0.18741080876795163,0.970093951849677,{'C': 49.4606699521566},50,10,10
student,linear,9,0.7027789000421762,0.004850819986313581,0.2623809523809523,0.24777777777777774,0.9762654139753376,{'C': 67.57346581893972},51,10,10
student,poly,0,0.44801479997113347,0.0021358601283282042,0.25666666666666665,0.2337948189376761,1.0,"{'C': 51.42392960692274, 'degree': 4, 'gamma': 0.20070086318124095}",42,10,10
student,poly,1,0.4291166001930833,0.0021221401169896127,0.3057142857142857,0.2704139352710781,0.9976981796829125,"{'C': 11.506341584411505, 'degree': 4, 'gamma': 0.547104622928547}",43,10,10
student,poly,2,0.44703330006450415,0.0020158900413662197,0.26095238095238094,0.22803061224489798,0.9984732824427482,"{'C': 71.01508918471401, 'degree': 6, 'gamma': 1.8349747309285782}",44,10,10
student,poly,3,0.4122381000779569,0.001621579984202981,0.3176190476190476,0.27347656840513984,0.9892777451556076,"{'C': 4.853151568643681, 'degree': 1, 'gamma': 0.4776161161246224}",45,10,10
student,poly,4,0.43625030014663935,0.002130109956488013,0.24904761904761905,0.21612250712250716,0.9992307692307693,"{'C': 78.38345124822426, 'degree': 4, 'gamma': 1.007906067758062}",46,10,10
student,poly,5,0.4181253998540342,0.0021743799559772016,0.29761904761904756,0.2738707482993197,0.9915795654726953,"{'C': 9.873496758926203, 'degree': 2, 'gamma': 2.569034341275915}",47,10,10
student,poly,6,0.44407379999756813,0.0022913199849426747,0.2761904761904762,0.2506100460386175,0.9946271285965944,"{'C': 86.47117395863914, 'degree': 3, 'gamma': 2.1999785331136565}",48,10,10
student,poly,7,0.4229744002223015,0.0022283900063484905,0.28380952380952384,0.2598745275888133,0.9884908984145626,"{'C': 30.0971446211356, 'degree': 2, 'gamma': 3.706491553751403}",49,10,10
student,poly,8,0.4334460999816656,0.0020360199734568594,0.29095238095238096,0.26292410499553354,0.9984674104521434,"{'C': 40.820311836119366, 'degree': 5, 'gamma': 3.045888366285398}",50,10,10
student,poly,9,0.44653099961578846,0.0021351799368858337,0.29666666666666663,0.2598480725623583,0.9984732824427482,"{'C': 72.8713543332869, 'degree': 4, 'gamma': 2.8609524348443096}",51,10,10
student,rbf,0,0.38978510024026036,0.0018184499349445105,0.24047619047619045,0.09395547692761314,1.0,"{'C': 37.454637344617396, 'gamma': 3.80362731460201}",42,10,10
student,rbf,1,0.3860755003988743,0.0016262301243841649,0.2752380952380952,0.16189621521123068,1.0,"{'C': 25.44285816486207, 'gamma': 0.24227591946943294}",43,10,10
student,rbf,2,0.38513770001009107,0.001723430072888732,0.24666666666666665,0.11305590364800891,1.0,"{'C': 83.48438002441628, 'gamma': 0.43317197834869975}",44,10,10
student,rbf,3,0.38448880007490516,0.0016659400425851345,0.25428571428571434,0.1293087702917424,1.0,"{'C': 28.14544874820433, 'gamma': 0.3235756148467037}",45,10,10
student,rbf,4,0.3885564999654889,0.0016808299347758292,0.24761904761904763,0.12007557701443147,1.0,"{'C': 50.79392613603845, 'gamma': 0.3539301323851334}",46,10,10
student,rbf,5,0.38478050008416176,0.0018229900859296321,0.24047619047619045,0.09395547692761314,1.0,"{'C': 11.349733700893058, 'gamma': 3.898331079395257}",47,10,10
student,rbf,6,0.3890987001359463,0.001770660001784563,0.24761904761904763,0.10519953887987943,1.0,"{'C': 11.232090227245585, 'gamma': 0.5809964763486839}",48,10,10
student,rbf,7,0.38801740016788244,0.0017770701088011265,0.24047619047619045,0.09395547692761314,1.0,"{'C': 30.0971446211356, 'gamma': 1.0000119867228543}",49,10,10
student,rbf,8,0.3882520003244281,0.0017701300792396068,0.24047619047619045,0.09395547692761314,1.0,"{'C': 49.4606699521566, 'gamma': 0.9243936192903239}",50,10,10
student,rbf,9,0.3815317000262439,0.0016360499896109105,0.2690476190476191,0.1758074922276603,1.0,"{'C': 67.57346581893972, 'gamma': 0.1937751009648631}",51,10,10
student,custom_hermite,0,0.76788209984079,0.004357050079852343,0.24047619047619045,0.09395547692761314,1.0,"{'C': 37.454637344617396, 'degree': 6}",42,10,10
student,custom_hermite,1,0.744098300114274,0.00370427998714149,0.24047619047619045,0.09395547692761314,0.9938696418085732,"{'C': 11.506341584411505, 'degree': 4}",43,10,10
student,custom_hermite,2,0.7170876003801823,0.0027299799956381323,0.24047619047619045,0.09395547692761314,0.9961714621256608,"{'C': 83.48438002441628, 'degree': 1}",44,10,10
student,custom_hermite,3,0.6905211000703275,0.003717020060867071,0.24047619047619045,0.09395547692761314,0.9969406928948914,"{'C': 98.90116233604654, 'degree': 4}",45,10,10
student,custom_hermite,4,0.7505357996560633,0.0037109100259840487,0.24047619047619045,0.09395547692761314,0.9938813857897827,"{'C': 78.38345124822426, 'degree': 4}",46,10,10
student,custom_hermite,5,0.7244911999441683,0.0043115399312227964,0.24047619047619045,0.09395547692761314,0.9984615384615385,"{'C': 11.349733700893058, 'degree': 6}",47,10,10
student,custom_hermite,6,0.7292324001900852,0.004293049965053797,0.24047619047619045,0.09395547692761314,0.993112155020552,"{'C': 1.7500096028443315, 'degree': 6}",48,10,10
student,custom_hermite,7,0.706474700011313,0.0030019300058484076,0.24047619047619045,0.09395547692761314,0.9961714621256608,"{'C': 30.0971446211356, 'degree': 2}",49,10,10
student,custom_hermite,8,0.7562638996168971,0.00304708001203835,0.24047619047619045,0.09395547692761314,0.9961773341162654,"{'C': 49.4606699521566, 'degree': 2}",50,10,10
student,custom_hermite,9,0.651076199952513,0.0027632500976324083,0.24047619047619045,0.09395547692761314,0.9954139753376394,"{'C': 67.57346581893972, 'degree': 1}",51,10,10
student,custom_gegen,0,1.2180325002409518,0.005432860041037202,0.29000000000000004,0.26156160241874526,0.9961714621256608,"{'C': 45.607542351719374, 'degree': 5, 'alpha': -0.09264917350486412}",42,10,10
student,custom_gegen,1,1.2318607000634074,0.004958249907940626,0.29095238095238096,0.24728238163952448,0.9900352319436289,"{'C': 89.70996089957345, 'degree': 2, 'alpha': 0.031986596966799064}",43,10,10
student,custom_gegen,2,1.4021896999329329,0.005007160035893321,0.24238095238095236,0.20884013605442178,0.9877392836171461,"{'C': 42.76572445463983, 'degree': 1, 'alpha': -0.05638125000041694}",44,10,10
student,custom_gegen,3,1.236065600067377,0.005448869941756129,0.3242857142857143,0.26182942982942986,0.9992307692307693,"{'C': 7.455003975369499, 'degree': 6, 'alpha': -0.04245679680117881}",45,10,10
student,custom_gegen,4,1.124826299957931,0.004993850039318204,0.24761904761904757,0.15189360188519854,1.0,"{'C': 45.50093688875895, 'degree': 4, 'alpha': -0.3210331699585467}",46,10,10
student,custom_gegen,5,1.4074574001133442,0.005720729986205697,0.26095238095238094,0.1237332301341589,1.0,"{'C': 12.712329991335293, 'degree': 5, 'alpha': -0.47957646815918376}",47,10,10
student,custom_gegen,6,1.0036577000282705,0.005702240020036697,0.29142857142857137,0.2500571254142683,1.0,"{'C': 1.7500096028443315, 'degree': 6, 'alpha': 0.0768737232730975}",48,10,10
student,custom_gegen,7,1.572132300119847,0.011961130006238819,0.24047619047619045,0.09395547692761314,0.9287492660011744,"{'C': 30.0971446211356, 'degree': 2, 'alpha': 1.3534069187677595}",49,10,10
student,custom_gegen,8,1.3501214999705553,0.00405124993994832,0.31142857142857144,0.2763879268879269,0.9992366412213741,"{'C': 66.83408854009923, 'degree': 1, 'alpha': 0.16084403508539902}",50,10,10
student,custom_gegen,9,1.1774188000708818,0.003957559866830706,0.3033333333333333,0.25663443963443966,1.0,"{'C': 67.57346581893972, 'degree': 1, 'alpha': 0.19317430835975868}",51,10,10
student,custom_alsalam,0,0.7431870000436902,0.003221449954435229,0.2552380952380952,0.1394782913165266,1.0,"{'C': 59.86624976121946, 'degree': 1, 'a': -1, 'q': 0.16}",42,10,10
student,custom_alsalam,1,0.7707584002055228,0.004050359968096018,0.24047619047619045,0.0944281660032434,1.0,"{'C': 11.506341584411505, 'degree': 4, 'a': -1, 'q': 0.14}",43,10,10
student,custom_alsalam,2,0.7521854001097381,0.0032039599027484655,0.2538095238095238,0.1404010875605303,1.0,"{'C': 42.76572445463983, 'degree': 1, 'a': -1, 'q': 0.22}",44,10,10
student,custom_alsalam,3,0.8076307000592351,0.004092509998008609,0.24047619047619045,0.09395547692761314,1.0,"{'C': 98.90116233604654, 'degree': 4, 'a': -1, 'q': 0.28}",45,10,10
student,custom_alsalam,4,0.7411079001612961,0.003062440035864711,0.2542857142857143,0.12966163365931166,1.0,"{'C': 29.99148509430352, 'degree': 1, 'a': -1, 'q': 0.37}",46,10,10
student,custom_alsalam,5,0.8003763002343476,0.004326719930395484,0.24047619047619045,0.09395547692761314,0.9471403405754553,"{'C': 11.349733700893058, 'degree': 6, 'a': -1, 'q': 0.73}",47,10,10
student,custom_alsalam,6,0.7997967000119388,0.0033391798846423627,0.25476190476190486,0.13575074474234136,1.0,"{'C': 35.71784231100412, 'degree': 1, 'a': -1, 'q': 0.15000000000000002}",48,10,10
student,custom_alsalam,7,0.7929946999065578,0.0027466499712318184,0.24047619047619045,0.09395547692761314,0.9310510863182617,"{'C': 30.0971446211356, 'degree': 2, 'a': -1, 'q': 0.92}",49,10,10
student,custom_alsalam,8,0.7527336999773979,0.003145419992506504,0.2480952380952381,0.13398078439652966,1.0,"{'C': 66.83408854009923, 'degree': 1, 'a': -1, 'q': 0.33}",50,10,10
student,custom_alsalam,9,0.6797964000143111,0.0030771799851208926,0.261904761904762,0.13891505725097056,1.0,"{'C': 67.57346581893972, 'degree': 1, 'a': -1, 'q': 0.34}",51,10,10
parkinson,linear,0,0.49233780009672046,0.002599079953506589,0.8963157894736842,0.8885032403961329,0.3191168831168831,{'C': 37.454637344617396},42,10,10
parkinson,linear,1,0.4782161000184715,0.0037294699810445308,0.8921052631578947,0.8837293559773581,0.31053246753246755,{'C': 73.37509587973202},43,10,10
parkinson,linear,2,0.49985160026699305,0.0026376101188361643,0.8881578947368421,0.8803046322798348,0.32248701298701304,{'C': 36.05072312479231},44,10,10
parkinson,linear,3,0.45827060006558895,0.0038786598946899177,0.8971052631578946,0.8911614144922171,0.30028246753246757,{'C': 98.90116233604654},45,10,10
parkinson,linear,4,0.4952429002150893,0.0018933699931949377,0.8973684210526315,0.8863655561697245,0.322525974025974,{'C': 24.905060108483372},46,10,10
parkinson,linear,5,0.5276537002064288,0.0035488900728523733,0.8973684210526315,0.8911539621492383,0.3088344155844156,{'C': 79.96066056140373},47,10,10
parkinson,linear,6,0.4902138998731971,0.0037837800569832324,0.8878947368421052,0.8776875552402366,0.30767857142857136,{'C': 89.15743514475867},48,10,10
parkinson,linear,7,0.5142819997854531,0.0021638200152665375,0.8921052631578947,0.8843308511127652,0.3190974025974026,{'C': 30.0971446211356},49,10,10
parkinson,linear,8,0.49975059973075986,0.0038468700367957354,0.8871052631578948,0.8783432217338861,0.30371753246753247,{'C': 99.65742644123478},50,10,10
parkinson,linear,9,0.4707170999608934,0.002681829920038581,0.8971052631578947,0.8916408475187785,0.31569155844155844,{'C': 38.79790826931381},51,10,10
parkinson,poly,0,0.3661802997812629,0.0024979400914162397,0.9339473684210526,0.9340878192379861,0.2666753246753247,"{'C': 45.607542351719374, 'degree': 5, 'gamma': 0.8112002257872146}",42,10,10
parkinson,poly,1,0.39600219996646047,0.0024834399111568926,0.928421052631579,0.928786477417705,0.26382142857142854,"{'C': 44.576390325611044, 'degree': 5, 'gamma': 0.34433613551210357}",43,10,10
parkinson,poly,2,0.39282110007479787,0.0020415699575096367,0.9131578947368422,0.906974115506897,0.3128214285714286,"{'C': 25.845772136401497, 'degree': 4, 'gamma': 3.45284305764726}",44,10,10
parkinson,poly,3,0.4026946001686156,0.002693500043824315,0.9276315789473684,0.9286028726026385,0.2638311688311688,"{'C': 98.90116233604654, 'degree': 4, 'gamma': 1.1370165937272034}",45,10,10
parkinson,poly,4,0.3884406997822225,0.0024731301236897707,0.9181578947368421,0.9189525797271246,0.25241558441558437,"{'C': 26.24225722762328, 'degree': 6, 'gamma': 1.5900322463481311}",46,10,10
parkinson,poly,5,0.39530309988185763,0.002746050013229251,0.9278947368421054,0.9269251459228627,0.27178246753246754,"{'C': 93.52364450917413, 'degree': 4, 'gamma': 0.7232980738582272}",47,10,10
parkinson,poly,6,0.41590179968625307,0.002600809978321195,0.9176315789473686,0.9157449036645952,0.2672435064935065,"{'C': 44.49646271214178, 'degree': 5, 'gamma': 1.8488408310945195}",48,10,10
parkinson,poly,7,0.40920900041237473,0.002920139953494072,0.9228947368421053,0.9225977521594546,0.24159740259740253,"{'C': 89.16045222433813, 'degree': 5, 'gamma': 2.274306065194007}",49,10,10
parkinson,poly,8,0.3889309000223875,0.0026151700876653194,0.9226315789473685,0.9224724318802535,0.23531493506493506,"{'C': 52.41082616290873, 'degree': 6, 'gamma': 2.2921895719519734}",50,10,10
parkinson,poly,9,0.3591811000369489,0.0023160300217568873,0.9128947368421054,0.911493164525847,0.2848863636363637,"{'C': 58.23602569893819, 'degree': 4, 'gamma': 3.1839949340859026}",51,10,10
parkinson,rbf,0,0.3289330000989139,0.0012337500229477882,0.9536842105263158,0.9536549228991124,0.5321948051948051,"{'C': 43.19506991919293, 'gamma': 1.1759911054765733}",42,10,10
parkinson,rbf,1,0.34786209976300597,0.001221780013293028,0.9539473684210525,0.9525620800485782,0.4769318181818181,"{'C': 13.33996302763464, 'gamma': 0.9742242670494365}",43,10,10
parkinson,rbf,2,0.3322767000645399,0.001268699998036027,0.9544736842105263,0.9533558681660923,0.6159415584415584,"{'C': 74.46430352747011, 'gamma': 1.4519955194586383}",44,10,10
parkinson,rbf,3,0.33585610007867217,0.0012761499732732774,0.9592105263157895,0.9594323650836737,0.525353896103896,"{'C': 61.82983006225224, 'gamma': 1.14187715102262}",45,10,10
parkinson,rbf,4,0.33069630013778806,0.0012238199356943368,0.9389473684210528,0.9393843086835302,0.5652629870129869,"{'C': 86.70827247968342, 'gamma': 1.3052310290573594}",46,10,10
parkinson,rbf,5,0.3334201998077333,0.0012536200229078531,0.9639473684210527,0.963390382057322,0.522512987012987,"{'C': 27.092809416673624, 'gamma': 1.1055423805836644}",47,10,10
parkinson,rbf,6,0.3297418002039194,0.001253889873623848,0.9586842105263159,0.957985455599764,0.5424870129870131,"{'C': 28.48683188622436, 'gamma': 1.2068590039380354}",48,10,10
parkinson,rbf,7,0.33103490015491843,0.0012163999490439892,0.9539473684210525,0.9537502358045652,0.4854610389610389,"{'C': 30.0971446211356, 'gamma': 1.0000119867228543}",49,10,10
parkinson,rbf,8,0.33137999987229705,0.0011890400666743517,0.9592105263157895,0.9584163148570971,0.4660941558441559,"{'C': 49.4606699521566, 'gamma': 0.9243936192903239}",50,10,10
parkinson,rbf,9,0.3335792999714613,0.0012496599927544593,0.9539473684210528,0.9524684484674204,0.7390097402597402,"{'C': 58.99977765355496, 'gamma': 1.9591863560120992}",51,10,10
parkinson,custom_hermite,0,0.6667118999175727,0.0035669900942593815,0.7797368421052632,0.7007387452588689,0.53675,"{'C': 60.11190005930913, 'degree': 5}",42,10,10
parkinson,custom_hermite,1,0.6631265003234148,0.0037779999896883965,0.7639473684210525,0.6687554447616367,0.5538376623376623,"{'C': 32.71457844205816, 'degree': 6}",43,10,10
parkinson,custom_hermite,2,0.650698899757117,0.0038077599834650754,0.8205263157894735,0.7786117700668784,0.5373181818181817,"{'C': 94.3351286897191, 'degree': 6}",44,10,10
parkinson,custom_hermite,3,0.6231856001541018,0.003513880027458072,0.7797368421052632,0.6978699254821545,0.5282045454545454,"{'C': 97.60035557843834, 'degree': 5}",45,10,10
parkinson,custom_hermite,4,0.659464499913156,0.0032921000383794308,0.7589473684210526,0.6585313551257823,0.5310584415584415,"{'C': 78.38345124822426, 'degree': 4}",46,10,10
parkinson,custom_hermite,5,0.6338979997672141,0.0035101501271128654,0.7797368421052632,0.6982786511733879,0.5287694805194805,"{'C': 70.76080622076984, 'degree': 5}",47,10,10
parkinson,custom_hermite,6,0.6495888000354171,0.0035665599629282952,0.7592105263157894,0.6590329433208689,0.5396103896103897,"{'C': 44.49646271214178, 'degree': 5}",48,10,10
parkinson,custom_hermite,7,0.6497629000805318,0.003843279974535108,0.836578947368421,0.7926737815244944,0.5373149350649351,"{'C': 92.6335871707825, 'degree': 6}",49,10,10
parkinson,custom_hermite,8,0.6898145000450313,0.0038418499752879143,0.7692105263157893,0.6794811225925776,0.5492792207792208,"{'C': 37.73213245401471, 'degree': 6}",50,10,10
parkinson,custom_hermite,9,0.6115170000120997,0.003819119930267334,0.7644736842105264,0.6697586211518098,0.5566883116883117,"{'C': 28.42201566103021, 'degree': 6}",51,10,10
parkinson,custom_gegen,0,1.8108704001642764,0.0048150700516998764,0.9326315789473683,0.932104806966349,0.30772077922077923,"{'C': 45.607542351719374, 'degree': 5, 'alpha': -0.09264917350486412}",42,10,10
parkinson,custom_gegen,1,1.7888684002682567,0.004570910008624196,0.9542105263157895,0.9533639517676423,0.28147077922077923,"{'C': 22.103678559441246, 'degree': 3, 'alpha': 0.1390319773262353}",43,10,10
parkinson,custom_gegen,2,2.2720411997288465,0.005029360018670559,0.938421052631579,0.938099670756424,0.2854610389610389,"{'C': 14.885657456358848, 'degree': 4, 'alpha': -0.17328102501183607}",44,10,10
parkinson,custom_gegen,3,1.7851992999203503,0.004314460046589375,0.9434210526315789,0.9432447317391665,0.2752077922077922,"{'C': 4.853151568643681, 'degree': 1, 'alpha': -0.25925808411909057}",45,10,10
parkinson,custom_gegen,4,1.5738486996851861,0.005210600048303604,0.9547368421052631,0.9554315027126924,0.5219090909090909,"{'C': 26.24225722762328, 'degree': 6, 'alpha': 0.29633924272509005}",46,10,10
parkinson,custom_gegen,5,2.1855230000801384,0.005027399957180023,0.9431578947368422,0.9422226174474287,0.34988636363636366,"{'C': 12.712329991335293, 'degree': 5, 'alpha': -0.47957646815918376}",47,10,10
parkinson,custom_gegen,6,1.1746983998455107,0.005060210032388568,0.9536842105263158,0.9531825882162515,0.3236363636363636,"{'C': 29.89833876951833, 'degree': 5, 'alpha': 0.15569648898167532}",48,10,10
parkinson,custom_gegen,7,2.398121299687773,0.005059120012447238,0.943157894736842,0.9427459639086594,0.346435064935065,"{'C': 22.91459130306838, 'degree': 6, 'alpha': -0.37275251226410955}",49,10,10
parkinson,custom_gegen,8,2.1724332999438047,0.004442109912633896,0.9439473684210528,0.9432054472142875,0.2911396103896104,"{'C': 31.001624859184517, 'degree': 3, 'alpha': 0.21001198681815925}",50,10,10
parkinson,custom_gegen,9,1.7489906996488571,0.004362899996340275,0.9489473684210527,0.9492182104681375,0.30825649350649353,"{'C': 64.67490767496166, 'degree': 2, 'alpha': 0.3263934923421967}",51,10,10
parkinson,custom_alsalam,0,0.6415934003889561,0.003282610001042485,0.948421052631579,0.9483447360099782,0.4085616883116884,"{'C': 51.42392960692274, 'degree': 4, 'a': -1, 'q': 0.05}",42,10,10
parkinson,custom_alsalam,1,0.666249199770391,0.002558349957689643,0.948421052631579,0.9472328968755921,0.37436038961038964,"{'C': 89.70996089957345, 'degree': 2, 'a': -1, 'q': 0.26}",43,10,10
parkinson,custom_alsalam,2,0.6551660001277924,0.0038098200224339963,0.9539473684210525,0.9537670523766186,0.46266558441558436,"{'C': 71.01508918471401, 'degree': 6, 'a': -1, 'q': 0.46}",44,10,10
parkinson,custom_alsalam,3,0.6551611004397273,0.00290824007242918,0.9539473684210525,0.9539675536297514,0.42107467532467535,"{'C': 7.729879318351191, 'degree': 3, 'a': -1, 'q': 0.47000000000000003}",45,10,10
parkinson,custom_alsalam,4,0.6530818999744952,0.0037514399737119675,0.9442105263157895,0.9448491201374523,0.44899675324675326,"{'C': 26.24225722762328, 'degree': 6, 'a': -1, 'q': 0.4}",46,10,10
parkinson,custom_alsalam,5,0.6648920001462102,0.003505240101367235,0.9589473684210527,0.958249316226601,0.40627922077922074,"{'C': 12.712329991335293, 'degree': 5, 'a': -1, 'q': 0.01}",47,10,10
parkinson,custom_alsalam,6,0.6654281998053193,0.00344676012173295,0.9586842105263159,0.957985455599764,0.45757792207792203,"{'C': 44.49646271214178, 'degree': 5, 'a': -1, 'q': 0.46}",48,10,10
parkinson,custom_alsalam,7,0.6730944002047181,0.0034677299205213784,0.9436842105263157,0.9443853135721294,0.4546818181818181,"{'C': 89.62311386559638, 'degree': 5, 'a': -1, 'q': 0.5}",49,10,10
parkinson,custom_alsalam,8,0.6337879002094269,0.002824629936367273,0.9492105263157896,0.9486984465185391,0.4159707792207793,"{'C': 67.45763200916058, 'degree': 3, 'a': -1, 'q': 0.51}",50,10,10
parkinson,custom_alsalam,9,0.5784471998922527,0.002644559973850846,0.9434210526315789,0.9442184411091384,0.3874545454545455,"{'C': 64.67490767496166, 'degree': 2, 'a': -1, 'q': 0.41000000000000003}",51,10,10
vertebral,linear,0,0.3995465002954006,0.0017348399851471186,0.867741935483871,0.8682048799347968,0.3888888888888889,{'C': 15.602708025603208},42,10,10
vertebral,linear,1,0.3836322999559343,0.0016852798871695995,0.8709677419354838,0.8707880389647341,0.39641577060931904,{'C': 13.33996302763464},43,10,10
vertebral,linear,2,0.4126968998461962,0.002542549977079034,0.8548387096774193,0.851432425545336,0.33297491039426524,{'C': 83.48438002441628},44,10,10
vertebral,linear,3,0.37948079966008663,0.0015846899710595607,0.864516129032258,0.863272270996492,0.4336917562724015,{'C': 7.729879318351191},45,10,10
vertebral,linear,4,0.3993492000736296,0.0016105299815535544,0.864516129032258,0.8665609341081,0.4838709677419355,{'C': 4.287501969778039},46,10,10
vertebral,linear,5,0.41165030002593994,0.0019883399829268454,0.861290322580645,0.8601456856551485,0.35089605734767026,{'C': 35.14742912146425},47,10,10
vertebral,linear,6,0.39347749995067716,0.0018920898903161288,0.8709677419354838,0.8701142552052664,0.36415770609319,{'C': 28.48683188622436},48,10,10
vertebral,linear,7,0.41887200018391013,0.0029289699159562588,0.8741935483870966,0.8728630606211454,0.3376344086021505,{'C': 68.32799272073872},49,10,10
vertebral,linear,8,0.39611099986359477,0.0017777100205421449,0.8806451612903226,0.878673606142039,0.36738351254480284,{'C': 25.548136901797378},50,10,10
vertebral,linear,9,0.39618440018966794,0.0019151600077748298,0.861290322580645,0.8601423605454034,0.3548387096774194,{'C': 34.33102395058668},51,10,10
vertebral,poly,0,0.4586946996860206,0.0017323399893939494,0.8612903225806452,0.8618070495991137,0.4043010752688172,"{'C': 70.80754970702675, 'degree': 1, 'gamma': 3.880109567207946}",42,10,10
vertebral,poly,1,0.5387082998640835,0.004079720051959157,0.8580645161290322,0.8580454366266059,0.35268817204301073,"{'C': 66.60935521958947, 'degree': 4, 'gamma': 0.13122695669081097}",43,10,10
vertebral,poly,2,0.5707111000083387,0.003576659969985485,0.8548387096774194,0.851780848067316,0.3706093189964158,"{'C': 25.845772136401497, 'degree': 4, 'gamma': 3.45284305764726}",44,10,10
vertebral,poly,3,0.5201715999282897,0.0016540498938411475,0.8580645161290322,0.856552973326947,0.3910394265232975,"{'C': 44.05364834656567, 'degree': 2, 'gamma': 2.0464596786253284}",45,10,10
vertebral,poly,4,0.49635239969938993,0.0016259200405329467,0.864516129032258,0.8665609341081,0.46272401433691757,"{'C': 32.367259024240155, 'degree': 1, 'gamma': 3.211524249181703}",46,10,10
vertebral,poly,5,0.5040865000337362,0.0015984800178557635,0.8548387096774194,0.8558392674463162,0.4150537634408602,"{'C': 24.665691528082416, 'degree': 2, 'gamma': 0.11129523917292246}",47,10,10
vertebral,poly,6,0.531504400074482,0.0016523700673133136,0.867741935483871,0.867683747088783,0.45376344086021503,"{'C': 35.71784231100412, 'degree': 1, 'gamma': 0.5809964763486839}",48,10,10
vertebral,poly,7,0.528460199944675,0.00167196998372674,0.861290322580645,0.8612702321921416,0.38136200716845875,"{'C': 54.697041058422926, 'degree': 2, 'gamma': 3.0826154591763455}",49,10,10
vertebral,poly,8,0.49659639969468117,0.001728480076417327,0.867741935483871,0.8667128909145362,0.40465949820788527,"{'C': 66.83408854009923, 'degree': 1, 'gamma': 1.3187439458760737}",50,10,10
vertebral,poly,9,0.44837290002033114,0.001675090054050088,0.8580645161290322,0.856647306363697,0.4046594982078854,"{'C': 67.57346581893972, 'degree': 1, 'gamma': 1.3834755702868913}",51,10,10
vertebral,rbf,0,0.46255020005628467,0.0020687300711870193,0.8419354838709678,0.8437913213900103,0.4329749103942652,"{'C': 15.602708025603208, 'gamma': 0.6371656669645575}",42,10,10
vertebral,rbf,1,0.45983840012922883,0.002012820076197386,0.8451612903225806,0.8468908220674413,0.42831541218637986,"{'C': 25.44285816486207, 'gamma': 0.24227591946943294}",43,10,10
vertebral,rbf,2,0.4893481000326574,0.0023866000585258005,0.8387096774193548,0.835601643056332,0.3759856630824373,"{'C': 83.48438002441628, 'gamma': 0.43317197834869975}",44,10,10
vertebral,rbf,3,0.48266700003296137,0.0020747499540448187,0.8451612903225806,0.8442262186181232,0.41218637992831536,"{'C': 28.14544874820433, 'gamma': 0.3235756148467037}",45,10,10
vertebral,rbf,4,0.49895189981907606,0.0022102300077676772,0.832258064516129,0.8337262689579861,0.38996415770609316,"{'C': 50.79392613603845, 'gamma': 0.3539301323851334}",46,10,10
vertebral,rbf,5,0.47411479987204075,0.002075139945372939,0.8548387096774193,0.8564942039077043,0.4666666666666666,"{'C': 25.599987137364938, 'gamma': 0.11129523917292246}",47,10,10
vertebral,rbf,6,0.47693599993363023,0.0020790600683540106,0.8387096774193548,0.8395303131307793,0.44802867383512535,"{'C': 11.232090227245585, 'gamma': 0.5809964763486839}",48,10,10
vertebral,rbf,7,0.4957328997552395,0.0022833399940282106,0.8354838709677418,0.8351337436609146,0.37419354838709673,"{'C': 96.21679197288353, 'gamma': 0.2503777431897933}",49,10,10
vertebral,rbf,8,0.49376600002869964,0.0028733400627970695,0.8354838709677418,0.8332280408636329,0.4222222222222222,"{'C': 67.45763200916058, 'gamma': 1.5738640491848939}",50,10,10
vertebral,rbf,9,0.46280420012772083,0.0021787500474601982,0.8516129032258064,0.8491862829582022,0.3896057347670251,"{'C': 67.57346581893972, 'gamma': 0.1937751009648631}",51,10,10
vertebral,custom_hermite,0,0.6211895002052188,0.003940619993954897,0.8483870967741935,0.8505133149396171,0.471326164874552,"{'C': 30.424920053710814, 'degree': 4}",42,10,10
vertebral,custom_hermite,1,0.6009924001991749,0.003017990104854107,0.8483870967741934,0.8494477049996361,0.4369175627240144,"{'C': 86.66499744127913, 'degree': 2}",43,10,10
vertebral,custom_hermite,2,0.6324383998289704,0.0039121899753808975,0.8451612903225806,0.8450553639453586,0.46057347670250887,"{'C': 35.93172446996938, 'degree': 4}",44,10,10
vertebral,custom_hermite,3,0.5933614000678062,0.0029049999080598353,0.8516129032258064,0.8516662790013297,0.4559139784946237,"{'C': 61.82983006225224, 'degree': 2}",45,10,10
vertebral,custom_hermite,4,0.6350805000402033,0.004020580090582371,0.8483870967741935,0.8528510721773696,0.41792114695340493,"{'C': 78.38345124822426, 'degree': 4}",46,10,10
vertebral,custom_hermite,5,0.5940119000151753,0.0028989299666136504,0.8548387096774193,0.856930103698622,0.44695340501792113,"{'C': 70.60339509628965, 'degree': 2}",47,10,10
vertebral,custom_hermite,6,0.6011777999810874,0.002871289988979697,0.8548387096774193,0.8564872003876965,0.4376344086021505,"{'C': 79.20363403128228, 'degree': 2}",48,10,10
vertebral,custom_hermite,7,0.5992850000038743,0.0039160898886621,0.8548387096774193,0.8568600574985086,0.4347670250896057,"{'C': 72.1653240061406, 'degree': 3}",49,10,10
vertebral,custom_hermite,8,0.6276336000300944,0.0028641799464821814,0.8612903225806452,0.8622266480821779,0.443010752688172,"{'C': 76.05390826420042, 'degree': 2}",50,10,10
vertebral,custom_hermite,9,0.5705540999770164,0.0038540099747478964,0.8580645161290322,0.8590061241618919,0.46308243727598575,"{'C': 34.33102395058668, 'degree': 4}",51,10,10
vertebral,custom_gegen,0,1.449095300398767,0.003573910053819418,0.8580645161290322,0.8589205900959872,0.42401433691756274,"{'C': 59.86624976121946, 'degree': 1, 'alpha': -0.1795709045309567}",42,10,10
vertebral,custom_gegen,1,1.49407529970631,0.0049046800471842286,0.861290322580645,0.8580865827307494,0.40716845878136204,"{'C': 22.103678559441246, 'degree': 3, 'alpha': 0.1390319773262353}",43,10,10
vertebral,custom_gegen,2,1.799598400015384,0.005098589928820729,0.8580645161290322,0.8562793132198919,0.42867383512544804,"{'C': 14.885657456358848, 'degree': 4, 'alpha': -0.17328102501183607}",44,10,10
vertebral,custom_gegen,3,1.5007620002143085,0.005272869998589158,0.864516129032258,0.8621118580374111,0.40179211469534054,"{'C': 98.90116233604654, 'degree': 4, 'alpha': 0.07008013089057508}",45,10,10
vertebral,custom_gegen,4,1.3327846000902355,0.0035987700801342727,0.861290322580645,0.8635310268337106,0.42007168458781363,"{'C': 29.99148509430352, 'degree': 1, 'alpha': 0.25070004483418906}",46,10,10
vertebral,custom_gegen,5,1.9123142999596894,0.018218359816819428,0.8354838709677418,0.8374878244814846,0.5028673835125448,"{'C': 11.349733700893058, 'degree': 6, 'alpha': 0.9601819206672013}",47,10,10
vertebral,custom_gegen,6,1.109309300314635,0.0036217499524354934,0.867741935483871,0.8681559856594937,0.4422939068100358,"{'C': 35.71784231100412, 'degree': 1, 'alpha': -0.20762466185188871}",48,10,10
vertebral,custom_gegen,7,1.9281971002928913,0.003764849994331598,0.8451612903225806,0.8435186186585273,0.3684587813620072,"{'C': 25.193648320991734, 'degree': 2, 'alpha': -0.3386652195968104}",49,10,10
vertebral,custom_gegen,8,1.754195200279355,0.003611260047182441,0.864516129032258,0.8633956694805667,0.43476702508960574,"{'C': 66.83408854009923, 'degree': 1, 'alpha': 0.16084403508539902}",50,10,10
vertebral,custom_gegen,9,1.4290884002111852,0.0039793299976736305,0.8483870967741934,0.8474663501304605,0.40788530465949824,"{'C': 67.57346581893972, 'degree': 1, 'alpha': 0.19317430835975868}",51,10,10
vertebral,custom_alsalam,0,0.7560652000829577,0.0038703800644725563,0.8451612903225806,0.847535255459011,0.4612903225806452,"{'C': 5.809303133207778, 'degree': 6, 'a': -1, 'q': 0.6}",42,10,10
vertebral,custom_alsalam,1,0.788249199744314,0.005055860104039312,0.8193548387096774,0.8177880891101674,0.3663082437275985,"{'C': 22.103678559441246, 'degree': 3, 'a': -1, 'q': 0.32}",43,10,10
vertebral,custom_alsalam,2,0.6606608000583947,0.003922260040417314,0.8419354838709676,0.8391823044864631,0.3677419354838709,"{'C': 42.76572445463983, 'degree': 1, 'a': -1, 'q': 0.22}",44,10,10
vertebral,custom_alsalam,3,0.6716283997520804,0.0027471399400383232,0.8419354838709676,0.8410519238140794,0.43906810035842286,"{'C': 4.853151568643681, 'degree': 1, 'a': -1, 'q': 0.12}",45,10,10
vertebral,custom_alsalam,4,0.7345700999721885,0.002994519891217351,0.8548387096774193,0.857015402979264,0.4075268817204301,"{'C': 29.99148509430352, 'degree': 1, 'a': -1, 'q': 0.37}",46,10,10
vertebral,custom_alsalam,5,0.7114015999250114,0.0037160600069910286,0.8354838709677418,0.8392317098623623,0.4408602150537635,"{'C': 64.55653988897474, 'degree': 3, 'a': -1, 'q': 0.7000000000000001}",47,10,10
vertebral,custom_alsalam,6,0.7378654000349343,0.004032679973170162,0.8451612903225806,0.8450658789335963,0.37168458781362,"{'C': 35.71784231100412, 'degree': 1, 'a': -1, 'q': 0.15000000000000002}",48,10,10
vertebral,custom_alsalam,7,0.7038946999236941,0.004568719957023859,0.8354838709677418,0.8345901976501192,0.39605734767025086,"{'C': 70.76117850962414, 'degree': 6, 'a': -1, 'q': 0.61}",49,10,10
vertebral,custom_alsalam,8,0.6448645000346005,0.0036921700928360226,0.8516129032258064,0.8519973021065128,0.37168458781362007,"{'C': 66.83408854009923, 'degree': 1, 'a': -1, 'q': 0.33}",50,10,10
vertebral,custom_alsalam,9,0.6653292998671532,0.0038310800679028033,0.8419354838709676,0.8416993724906687,0.41003584229390677,"{'C': 15.76785920720762, 'degree': 3, 'a': -1, 'q': 0.59}",51,10,10
fertility,linear,0,0.29728149995207787,0.0010784500278532504,0.8800000000000001,0.8243274853801168,0.528888888888889,{'C': 37.454637344617396},42,10,10
fertility,linear,1,0.28615620033815503,0.0007866400294005871,0.8800000000000001,0.8243274853801168,0.4644444444444444,{'C': 11.506341584411505},43,10,10
fertility,linear,2,0.2920201998203993,0.0014158199075609446,0.8800000000000001,0.8243274853801168,0.5255555555555554,{'C': 83.48438002441628},44,10,10
fertility,linear,3,0.2822558996267617,0.0015360799618065358,0.8800000000000001,0.8243274853801168,0.5433333333333334,{'C': 98.90116233604654},45,10,10
fertility,linear,4,0.29751010006293654,0.0013992099557071924,0.8800000000000001,0.8243274853801168,0.531111111111111,{'C': 78.38345124822426},46,10,10
fertility,linear,5,0.31101440032944083,0.0009934999980032444,0.8800000000000001,0.8243274853801168,0.47444444444444445,{'C': 11.349733700893058},47,10,10
fertility,linear,6,0.28061140002682805,0.0006735999137163162,0.8800000000000001,0.8243274853801168,0.41555555555555557,{'C': 1.7500096028443315},48,10,10
fertility,linear,7,0.292803100310266,0.0009424700867384673,0.8800000000000001,0.8243274853801168,0.5066666666666667,{'C': 30.0971446211356},49,10,10
fertility,linear,8,0.2855125996284187,0.0010852599516510963,0.8800000000000001,0.8243274853801168,0.5366666666666667,{'C': 49.4606699521566},50,10,10
fertility,linear,9,0.28626650013029575,0.001315740030258894,0.8800000000000001,0.8243274853801168,0.5311111111111111,{'C': 67.57346581893972},51,10,10
fertility,poly,0,0.2613948998041451,0.0008258400950580836,0.8800000000000001,0.8243274853801168,0.46222222222222226,"{'C': 59.86624976121946, 'degree': 1, 'gamma': 0.6371656669645575}",42,10,10
fertility,poly,1,0.2653294000774622,0.0007163700647652149,0.8800000000000001,0.8243274853801168,0.4111111111111111,"{'C': 25.44285816486207, 'degree': 1, 'gamma': 3.468678178582751}",43,10,10
fertility,poly,2,0.2648180997930467,0.000765780033543706,0.8800000000000001,0.8243274853801168,0.4722222222222222,"{'C': 83.48438002441628, 'degree': 1, 'gamma': 2.982551919191829}",44,10,10
fertility,poly,3,0.26220319978892803,0.0006606999784708023,0.8800000000000001,0.8243274853801168,0.40444444444444444,"{'C': 4.853151568643681, 'degree': 1, 'gamma': 0.4776161161246224}",45,10,10
fertility,poly,4,0.2806436000391841,0.0007028400897979737,0.8800000000000001,0.8243274853801168,0.44333333333333325,"{'C': 32.367259024240155, 'degree': 1, 'gamma': 3.211524249181703}",46,10,10
fertility,poly,5,0.26488739997148514,0.0007306099403649568,0.86,0.8321293429652561,0.37,"{'C': 9.873496758926203, 'degree': 2, 'gamma': 2.569034341275915}",47,10,10
fertility,poly,6,0.2659620000049472,0.0006900600157678128,0.8800000000000001,0.8243274853801168,0.4477777777777778,"{'C': 35.71784231100412, 'degree': 1, 'gamma': 0.5809964763486839}",48,10,10
fertility,poly,7,0.26361009990796447,0.0008315999992191791,0.8400000000000001,0.841390608875129,0.3244444444444444,"{'C': 54.697041058422926, 'degree': 2, 'gamma': 3.0826154591763455}",49,10,10
fertility,poly,8,0.2724434998817742,0.0007414400111883879,0.8800000000000001,0.8243274853801168,0.45888888888888885,"{'C': 66.83408854009923, 'degree': 1, 'gamma': 1.3187439458760737}",50,10,10
fertility,poly,9,0.26118599995970726,0.0007375400513410568,0.8800000000000001,0.8243274853801168,0.45888888888888896,"{'C': 67.57346581893972, 'degree': 1, 'gamma': 1.3834755702868913}",51,10,10
fertility,rbf,0,0.2675494998693466,0.0008133199531584978,0.8900000000000002,0.8485380116959064,0.9555555555555555,"{'C': 73.1996621871987, 'gamma': 2.4009048979725676}",42,10,10
fertility,rbf,1,0.2727308999747038,0.0008290799800306558,0.89,0.8540970072239421,0.9544444444444444,"{'C': 11.506341584411505, 'gamma': 2.442374492441684}",43,10,10
fertility,rbf,2,0.2698376001790166,0.0008573999162763357,0.9000000000000001,0.8538011695906432,0.9566666666666667,"{'C': 35.93172446996938, 'gamma': 2.443059172775448}",44,10,10
fertility,rbf,3,0.268875100184232,0.000837860070168972,0.89,0.8513519091847265,0.9577777777777777,"{'C': 98.90116233604654, 'gamma': 2.205217271021953}",45,10,10
fertility,rbf,4,0.2698316997848451,0.0008314800448715687,0.9000000000000001,0.8565806673546611,0.9644444444444444,"{'C': 78.38345124822426, 'gamma': 2.545040547553847}",46,10,10
fertility,rbf,5,0.27360779978334904,0.0008835998829454184,0.8699999999999999,0.8190643274853799,0.9744444444444446,"{'C': 11.349733700893058, 'gamma': 3.898331079395257}",47,10,10
fertility,rbf,6,0.27157469978556037,0.0008649699855595827,0.89,0.8513175094599242,0.9577777777777777,"{'C': 46.010662718398954, 'gamma': 2.3773410045112495}",48,10,10
fertility,rbf,7,0.2729953001253307,0.0008780899457633496,0.8900000000000002,0.845173718610251,0.9577777777777777,"{'C': 68.32799272073872, 'gamma': 2.274306065194007}",49,10,10
fertility,rbf,8,0.27410770021378994,0.0008572200313210487,0.89,0.8479532163742689,0.9566666666666667,"{'C': 90.91793462081102, 'gamma': 2.246704085142842}",50,10,10
fertility,rbf,9,0.28881500009447336,0.000832970067858696,0.8699999999999999,0.8190643274853799,0.9644444444444445,"{'C': 34.33102395058668, 'gamma': 2.5816410998446386}",51,10,10
fertility,custom_hermite,0,0.3468257999047637,0.001023640064522624,0.8800000000000001,0.8243274853801168,0.3622222222222223,"{'C': 15.602708025603208, 'degree': 1}",42,10,10
fertility,custom_hermite,1,0.34826970007270575,0.0013209399301558733,0.8800000000000001,0.8243274853801168,0.39666666666666667,"{'C': 11.506341584411505, 'degree': 4}",43,10,10
fertility,custom_hermite,2,0.336733799893409,0.001016790047287941,0.8800000000000001,0.8243274853801168,0.35,"{'C': 83.48438002441628, 'degree': 1}",44,10,10
fertility,custom_hermite,3,0.3381162998266518,0.0012694100383669137,0.8900000000000002,0.8485380116959064,0.3944444444444445,"{'C': 98.90116233604654, 'degree': 4}",45,10,10
fertility,custom_hermite,4,0.3502389001660049,0.0013512298930436373,0.8800000000000001,0.8243274853801168,0.39666666666666667,"{'C': 24.905060108483372, 'degree': 5}",46,10,10
fertility,custom_hermite,5,0.345492800232023,0.0014158799778670073,0.8800000000000001,0.8243274853801168,0.4522222222222222,"{'C': 11.349733700893058, 'degree': 6}",47,10,10
fertility,custom_hermite,6,0.3435265999287367,0.0014231800101697444,0.8800000000000001,0.8243274853801168,0.44666666666666666,"{'C': 1.7500096028443315, 'degree': 6}",48,10,10
fertility,custom_hermite,7,0.34000749979168177,0.0011016199365258216,0.8800000000000001,0.8243274853801168,0.36444444444444446,"{'C': 30.0971446211356, 'degree': 2}",49,10,10
fertility,custom_hermite,8,0.3560983003117144,0.001092930044978857,0.8800000000000001,0.8243274853801168,0.3711111111111111,"{'C': 49.4606699521566, 'degree': 2}",50,10,10
fertility,custom_hermite,9,0.32620340026915073,0.001009610015898943,0.8800000000000001,0.8243274853801168,0.35888888888888887,"{'C': 67.57346581893972, 'degree': 1}",51,10,10
fertility,custom_gegen,0,0.3697176002897322,0.0021392399445176124,0.8800000000000001,0.8243274853801168,0.24,"{'C': 37.454637344617396, 'degree': 6, 'alpha': 0.9666679442046962}",42,10,10
fertility,custom_gegen,1,0.36722949985414743,0.001856729993596673,0.8800000000000001,0.8243274853801168,0.24,"{'C': 24.059721406914914, 'degree': 2, 'alpha': 1.2196836069877095}",43,10,10
fertility,custom_gegen,2,0.384024899918586,0.0013103099074214697,0.89,0.8485724114207086,0.8411111111111111,"{'C': 71.01508918471401, 'degree': 6, 'alpha': 0.41867600678848516}",44,10,10
fertility,custom_gegen,3,0.37374800024554133,0.0020783400163054467,0.8800000000000001,0.8243274853801168,0.24,"{'C': 62.73954087875989, 'degree': 6, 'alpha': 0.8037038179642295}",45,10,10
fertility,custom_gegen,4,0.34951959969475865,0.001106089958921075,0.8800000000000001,0.8243274853801168,0.35666666666666663,"{'C': 78.38345124822426, 'degree': 4, 'alpha': 0.00559575211634028}",46,10,10
fertility,custom_gegen,5,0.3996681999415159,0.0020954899955540895,0.8800000000000001,0.8243274853801168,0.24,"{'C': 11.349733700893058, 'degree': 6, 'alpha': 0.9601819206672013}",47,10,10
fertility,custom_gegen,6,0.35293429996818304,0.0012710899580270052,0.8800000000000001,0.8243274853801168,0.3944444444444445,"{'C': 1.7500096028443315, 'degree': 6, 'alpha': 0.0768737232730975}",48,10,10
fertility,custom_gegen,7,0.3994319001212716,0.0018759600818157196,0.8800000000000001,0.8243274853801168,0.24,"{'C': 30.0971446211356, 'degree': 2, 'alpha': 1.3534069187677595}",49,10,10
fertility,custom_gegen,8,0.3761208998039365,0.0010821300093084574,0.8800000000000001,0.8243274853801168,0.3488888888888889,"{'C': 49.4606699521566, 'degree': 2, 'alpha': 0.01839310827685059}",50,10,10
fertility,custom_gegen,9,0.3593723000958562,0.0018975000828504562,0.8800000000000001,0.8243274853801168,0.24,"{'C': 64.40232868225607, 'degree': 2, 'alpha': 1.3991822352335102}",51,10,10
fertility,custom_alsalam,0,0.3695867997594178,0.0015835300553590059,0.8800000000000001,0.8243274853801168,0.3722222222222222,"{'C': 37.454637344617396, 'degree': 6, 'a': -1, 'q': 0.73}",42,10,10
fertility,custom_alsalam,1,0.36404130002483726,0.0011292099021375178,0.8800000000000001,0.8243274853801168,0.24,"{'C': 24.059721406914914, 'degree': 2, 'a': -1, 'q': 0.86}",43,10,10
fertility,custom_alsalam,2,0.3659882000647485,0.0012042900081723929,0.9,0.8660543515651874,0.5988888888888889,"{'C': 64.64140982977695, 'degree': 2, 'a': -1, 'q': 0.64}",44,10,10
fertility,custom_alsalam,3,0.3820807998999953,0.0016361100599169732,0.8900000000000002,0.845173718610251,0.6677777777777778,"{'C': 62.73954087875989, 'degree': 6, 'a': -1, 'q': 0.65}",45,10,10
fertility,custom_alsalam,4,0.36189089994877577,0.0011238399893045425,0.8800000000000001,0.8243274853801168,0.24,"{'C': 75.80782838911712, 'degree': 2, 'a': -1, 'q': 0.93}",46,10,10
fertility,custom_alsalam,5,0.3777337996289134,0.001553500024601817,0.8800000000000001,0.8243274853801168,0.3088888888888889,"{'C': 11.349733700893058, 'degree': 6, 'a': -1, 'q': 0.73}",47,10,10
fertility,custom_alsalam,6,0.374420499894768,0.001344960043206811,0.8699999999999999,0.8496800825593395,0.7833333333333334,"{'C': 86.47117395863914, 'degree': 3, 'a': -1, 'q': 0.55}",48,10,10
fertility,custom_alsalam,7,0.3746321997605264,0.0011687800288200378,0.8800000000000001,0.8243274853801168,0.24,"{'C': 30.0971446211356, 'degree': 2, 'a': -1, 'q': 0.92}",49,10,10
fertility,custom_alsalam,8,0.3647314999252558,0.001250079832971096,0.8800000000000001,0.8243274853801168,0.24,"{'C': 39.63359464236797, 'degree': 3, 'a': -1, 'q': 0.99}",50,10,10
fertility,custom_alsalam,9,0.34545399993658066,0.0011205300223082304,0.8800000000000001,0.8243274853801168,0.24,"{'C': 64.40232868225607, 'degree': 2, 'a': -1, 'q': 0.9400000000000001}",51,10,10
cervical,linear,0,0.2428293996490538,0.0006393299903720617,0.9178571428571429,0.9034515484515484,0.2083413461538462,{'C': 37.454637344617396},42,10,10
cervical,linear,1,0.24411570001393557,0.0006610099691897631,0.9035714285714285,0.9008252858252858,0.21141826923076926,{'C': 11.506341584411505},43,10,10
cervical,linear,2,0.26044700015336275,0.0006466500461101532,0.9017857142857142,0.8988311688311688,0.20370192307692309,{'C': 83.48438002441628},44,10,10
cervical,linear,3,0.2445129998959601,0.000714499969035387,0.9053571428571429,0.9024819624819624,0.2160817307692308,{'C': 98.90116233604654},45,10,10
cervical,linear,4,0.24464059993624687,0.0006599999964237213,0.9142857142857143,0.9097258297258296,0.21295673076923077,{'C': 78.38345124822426},46,10,10
cervical,linear,5,0.24285469995811582,0.000652570091187954,0.9160714285714284,0.9114646464646464,0.2099038461538462,{'C': 11.349733700893058},47,10,10
cervical,linear,6,0.24369819974526763,0.0006473499350249767,0.9017857142857142,0.8968931068931069,0.22223557692307697,{'C': 1.7500096028443315},48,10,10
cervical,linear,7,0.24584999959915876,0.0006516799330711365,0.9035714285714287,0.8973620823620824,0.21754807692307696,{'C': 30.0971446211356},49,10,10
cervical,linear,8,0.2493655001744628,0.000653519993647933,0.9160714285714286,0.9113852813852814,0.2068028846153846,{'C': 49.4606699521566},50,10,10
cervical,linear,9,0.24304990004748106,0.0006693999748677015,0.9053571428571429,0.8961247086247086,0.20836538461538462,{'C': 67.57346581893972},51,10,10
cervical,poly,0,0.2498619998805225,0.0006434801034629345,0.9178571428571429,0.9034515484515484,0.2083413461538462,"{'C': 59.86624976121946, 'degree': 1, 'gamma': 0.6371656669645575}",42,10,10
cervical,poly,1,0.253632599953562,0.0006400899495929479,0.9589285714285716,0.9571500721500721,0.23298076923076927,"{'C': 25.44285816486207, 'degree': 1, 'gamma': 3.468678178582751}",43,10,10
cervical,poly,2,0.25247570034116507,0.0006368099711835384,0.9321428571428572,0.9293173493173492,0.27776442307692306,"{'C': 64.64140982977695, 'degree': 2, 'gamma': 2.553002555011625}",44,10,10
cervical,poly,3,0.26638679997995496,0.0007337299641221762,0.9178571428571429,0.9156637806637807,0.3225961538461538,"{'C': 7.729879318351191, 'degree': 3, 'gamma': 1.899469254494512}",45,10,10
cervical,poly,4,0.25496029993519187,0.0006407500710338354,0.9142857142857144,0.9109163059163059,0.273125,"{'C': 75.80782838911712, 'degree': 2, 'gamma': 3.749930096242834}",46,10,10
cervical,poly,5,0.2679020999930799,0.0006802400574088096,0.9446428571428571,0.941132756132756,0.28389423076923076,"{'C': 24.665691528082416, 'degree': 2, 'gamma': 0.11129523917292246}",47,10,10
cervical,poly,6,0.25685720006003976,0.0007261498831212521,0.9303571428571429,0.9265612165612165,0.31016826923076923,"{'C': 86.47117395863914, 'degree': 3, 'gamma': 2.1999785331136565}",48,10,10
cervical,poly,7,0.2518412000499666,0.0006378899328410625,0.9160714285714286,0.914007104007104,0.2870913461538461,"{'C': 30.0971446211356, 'degree': 2, 'gamma': 3.706491553751403}",49,10,10
cervical,poly,8,0.2530253999866545,0.0006394900847226381,0.9178571428571429,0.9148809523809524,0.28391826923076924,"{'C': 49.4606699521566, 'degree': 2, 'gamma': 1.033528914970139}",50,10,10
cervical,poly,9,0.24937660014256835,0.000638280063867569,0.9321428571428572,0.9262445887445887,0.31473557692307697,"{'C': 4.77353057385992, 'degree': 2, 'gamma': 1.1798663823605715}",51,10,10
cervical,rbf,0,0.2687873002141714,0.0007425299845635891,0.7232142857142858,0.6298951048951048,0.9706971153846154,"{'C': 15.602708025603208, 'gamma': 0.6371656669645575}",42,10,10
cervical,rbf,1,0.26820489997044206,0.0007898599840700626,0.9035714285714287,0.8978463203463203,0.7824038461538462,"{'C': 25.44285816486207, 'gamma': 0.24227591946943294}",43,10,10
cervical,rbf,2,0.27010490000247955,0.0007316200528293848,0.8357142857142857,0.8111471861471861,0.8919471153846154,"{'C': 83.48438002441628, 'gamma': 0.43317197834869975}",44,10,10
cervical,rbf,3,0.26930780010297894,0.0007371099665760994,0.8910714285714286,0.8875613275613276,0.8533894230769231,"{'C': 28.14544874820433, 'gamma': 0.3235756148467037}",45,10,10
cervical,rbf,4,0.26821309980005026,0.0007433499675244093,0.8625,0.8539024864024863,0.8857451923076922,"{'C': 50.79392613603845, 'gamma': 0.3539301323851334}",46,10,10
cervical,rbf,5,0.26797569962218404,0.0007184999994933605,0.8875,0.8852597402597404,0.4953846153846154,"{'C': 25.599987137364938, 'gamma': 0.11129523917292246}",47,10,10
cervical,rbf,6,0.26731570018455386,0.0007380999624729157,0.7642857142857142,0.6859079809079809,0.9614903846153846,"{'C': 11.232090227245585, 'gamma': 0.5809964763486839}",48,10,10
cervical,rbf,7,0.2720373999327421,0.0008096499834209681,0.9017857142857142,0.897989787989788,0.7854807692307693,"{'C': 96.21679197288353, 'gamma': 0.2503777431897933}",49,10,10
cervical,rbf,8,0.27310430025681853,0.0007512698881328106,0.7089285714285716,0.5885531135531135,1.0,"{'C': 25.548136901797378, 'gamma': 1.5947519840516893}",50,10,10
cervical,rbf,9,0.2731821001507342,0.0007451599463820458,0.9035714285714287,0.9020951270951271,0.7036778846153846,"{'C': 67.57346581893972, 'gamma': 0.1937751009648631}",51,10,10
cervical,custom_hermite,0,0.45193770015612245,0.0012130199931561947,0.7089285714285716,0.5885531135531135,0.6712740384615385,"{'C': 15.602708025603208, 'degree': 1}",42,10,10
cervical,custom_hermite,1,0.44786709966138005,0.0017559099476784467,0.7089285714285716,0.5885531135531135,0.7283894230769231,"{'C': 11.506341584411505, 'degree': 4}",43,10,10
cervical,custom_hermite,2,0.4417300997301936,0.0020400899928063156,0.7214285714285714,0.6270479520479519,0.8086298076923077,"{'C': 94.3351286897191, 'degree': 6}",44,10,10
cervical,custom_hermite,3,0.41272980021312833,0.0012098299339413643,0.7089285714285716,0.5885531135531135,0.6805288461538461,"{'C': 28.14544874820433, 'degree': 1}",45,10,10
cervical,custom_hermite,4,0.45233580004423857,0.0018572900909930468,0.7089285714285716,0.5885531135531135,0.7653846153846153,"{'C': 24.905060108483372, 'degree': 5}",46,10,10
cervical,custom_hermite,5,0.4340681000612676,0.002032500086352229,0.7089285714285716,0.5885531135531135,0.7932211538461539,"{'C': 11.349733700893058, 'degree': 6}",47,10,10
cervical,custom_hermite,6,0.4374106000177562,0.00205847998149693,0.7089285714285716,0.5885531135531135,0.7731730769230769,"{'C': 1.7500096028443315, 'degree': 6}",48,10,10
cervical,custom_hermite,7,0.42612709989771247,0.001349030015990138,0.7089285714285716,0.5885531135531135,0.6960096153846154,"{'C': 30.0971446211356, 'degree': 2}",49,10,10
cervical,custom_hermite,8,0.44803819991648197,0.0015144799835979939,0.7089285714285716,0.5885531135531135,0.7098557692307692,"{'C': 25.548136901797378, 'degree': 3}",50,10,10
cervical,custom_hermite,9,0.3970042997971177,0.0011688699945807458,0.7089285714285716,0.5885531135531135,0.6758894230769231,"{'C': 67.57346581893972, 'degree': 1}",51,10,10
cervical,custom_gegen,0,0.4390875999815762,0.0011286600027233362,0.9178571428571429,0.9048556998556998,0.646610576923077,"{'C': 13.95024657134353, 'degree': 2, 'alpha': 0.23906006815444647}",42,10,10
cervical,custom_gegen,1,0.41759289987385273,0.0010860999580472707,0.9160714285714286,0.9137518037518036,0.33798076923076925,"{'C': 89.70996089957345, 'degree': 2, 'alpha': 0.031986596966799064}",43,10,10
cervical,custom_gegen,2,0.4517312999814749,0.0010913699865341187,0.9178571428571429,0.9133793983793984,0.2916346153846154,"{'C': 42.76572445463983, 'degree': 1, 'alpha': -0.05638125000041694}",44,10,10
cervical,custom_gegen,3,0.4218986998312175,0.0010726300068199634,0.9178571428571429,0.9167604617604617,0.452235576923077,"{'C': 4.853151568643681, 'degree': 1, 'alpha': -0.25925808411909057}",45,10,10
cervical,custom_gegen,4,0.40561499958857894,0.001054619997739792,0.9142857142857143,0.9131890331890332,0.4460576923076924,"{'C': 29.99148509430352, 'degree': 1, 'alpha': 0.25070004483418906}",46,10,10
cervical,custom_gegen,5,0.4560714000836015,0.0012750100810080766,0.8875,0.8852597402597404,0.46915865384615385,"{'C': 93.52364450917413, 'degree': 4, 'alpha': -0.1365519894643772}",47,10,10
cervical,custom_gegen,6,0.39101900020614266,0.0012522199656814336,0.9178571428571429,0.911012876012876,0.8364663461538461,"{'C': 57.49878373151376, 'degree': 3, 'alpha': 0.2673391530069128}",48,10,10
cervical,custom_gegen,7,0.4733989001251757,0.0011311898939311503,0.9160714285714284,0.914007104007104,0.7391586538461539,"{'C': 25.193648320991734, 'degree': 2, 'alpha': -0.3386652195968104}",49,10,10
cervical,custom_gegen,8,0.4472830002196133,0.0011145900469273328,0.9035714285714285,0.9012301587301588,0.32872596153846156,"{'C': 66.83408854009923, 'degree': 1, 'alpha': 0.16084403508539902}",50,10,10
cervical,custom_gegen,9,0.4122194000519812,0.0010902300011366606,0.9321428571428572,0.9262445887445887,0.40584134615384615,"{'C': 4.77353057385992, 'degree': 2, 'alpha': 0.09148149983310738}",51,10,10
cervical,custom_alsalam,0,0.45707189990207553,0.0012722399085760116,0.8053571428571429,0.753051948051948,0.6650721153846154,"{'C': 59.86624976121946, 'degree': 1, 'a': -1, 'q': 0.16}",42,10,10
cervical,custom_alsalam,1,0.46772579988464713,0.0014801899436861277,0.7232142857142858,0.6249167499167498,0.9861538461538462,"{'C': 89.70996089957345, 'degree': 2, 'a': -1, 'q': 0.26}",43,10,10
cervical,custom_alsalam,2,0.4612595997750759,0.0012528299819678068,0.8232142857142858,0.7842241092241091,0.6759375000000001,"{'C': 42.76572445463983, 'degree': 1, 'a': -1, 'q': 0.22}",44,10,10
cervical,custom_alsalam,3,0.4772878000512719,0.0012705199886113405,0.8178571428571428,0.7627589077589076,0.6481009615384616,"{'C': 4.853151568643681, 'degree': 1, 'a': -1, 'q': 0.12}",45,10,10
cervical,custom_alsalam,4,0.4574716002680361,0.0012626599054783583,0.8214285714285714,0.77754329004329,0.7916346153846154,"{'C': 29.99148509430352, 'degree': 1, 'a': -1, 'q': 0.37}",46,10,10
cervical,custom_alsalam,5,0.4796313000842929,0.0015123299788683652,0.7232142857142857,0.6298951048951048,0.9861298076923077,"{'C': 24.665691528082416, 'degree': 2, 'a': -1, 'q': 0.03}",47,10,10
cervical,custom_alsalam,6,0.46965570002794266,0.0012607899960130453,0.8178571428571428,0.7712004662004661,0.6559855769230769,"{'C': 35.71784231100412, 'degree': 1, 'a': -1, 'q': 0.15000000000000002}",48,10,10
cervical,custom_alsalam,7,0.4940080000087619,0.001534899976104498,0.7232142857142857,0.6298951048951048,0.9814903846153846,"{'C': 25.193648320991734, 'degree': 2, 'a': -1, 'q': 0.08}",49,10,10
cervical,custom_alsalam,8,0.46146410005167127,0.0012646699324250221,0.7910714285714284,0.7545662670662671,0.7330528846153846,"{'C': 66.83408854009923, 'degree': 1, 'a': -1, 'q': 0.33}",50,10,10
cervical,custom_alsalam,9,0.42529150005429983,0.001258219964802265,0.7785714285714286,0.7437146187146186,0.7515144230769231,"{'C': 67.57346581893972, 'degree': 1, 'a': -1, 'q': 0.34}",51,10,10
mines,linear,0,0.7673854003660381,0.002405609982088208,0.5180035650623885,0.4729732715684728,0.7968464193270061,{'C': 5.809303133207778},42,10,10
mines,linear,1,0.7198671996593475,0.003954889951273799,0.5236185383244207,0.47610369200903707,0.7787661777394306,{'C': 24.059721406914914},43,10,10
mines,linear,2,0.8276236997917295,0.0074483500327914955,0.5091800356506239,0.4626788618037737,0.777113891285591,{'C': 83.48438002441628},44,10,10
mines,linear,3,0.7005280996672809,0.0026323200669139623,0.5296791443850267,0.48345547030707453,0.7925679465056084,{'C': 7.729879318351191},45,10,10
mines,linear,4,0.8083879998885095,0.004213259881362319,0.5237967914438503,0.46948274992864486,0.7800754961173425,{'C': 24.905060108483372},46,10,10
mines,linear,5,0.8263384997844696,0.0032026800327003,0.5353832442067736,0.4891366847098955,0.7869877049180328,{'C': 11.349733700893058},47,10,10
mines,linear,6,0.7863635998219252,0.0047793700359761715,0.5060606060606061,0.46382794639616803,0.7810677308024159,{'C': 28.48683188622436},48,10,10
mines,linear,7,0.8731345003470778,0.007491370057687163,0.5179144385026738,0.46627846592143535,0.7761356773080242,{'C': 89.16045222433813},49,10,10
mines,linear,8,0.7832173998467624,0.004011220019310713,0.5180926916221035,0.4687956532613077,0.782379206212252,{'C': 22.809082361829173},50,10,10
mines,linear,9,0.7498822999186814,0.0024514699820429088,0.5238859180035651,0.48025730840288966,0.8063783433994823,{'C': 4.472173508112401},51,10,10
mines,poly,0,1.1627651997841895,0.01733776996843517,0.6392156862745099,0.6266350680448542,0.710387187230371,"{'C': 37.454637344617396, 'degree': 6, 'gamma': 2.9321633619048173}",42,10,10
mines,poly,1,1.2617485001683235,0.015270909992977977,0.589126559714795,0.5764649865530647,0.7251887402933563,"{'C': 44.576390325611044, 'degree': 5, 'gamma': 0.34433613551210357}",43,10,10
mines,poly,2,1.3280560998246074,0.019495479995384812,0.5888591800356506,0.5789929901516837,0.6919790767903364,"{'C': 71.01508918471401, 'degree': 6, 'gamma': 1.8349747309285782}",44,10,10
mines,poly,3,1.3524348000064492,0.019041839987039566,0.6361853832442068,0.6204728280003524,0.6972336065573771,"{'C': 62.73954087875989, 'degree': 6, 'gamma': 2.6058768340207172}",45,10,10
mines,poly,4,1.224335300270468,0.01422945000231266,0.6216577540106952,0.612060624248978,0.7274859792924936,"{'C': 42.6355527567627, 'degree': 5, 'gamma': 3.4704024356367422}",46,10,10
mines,poly,5,1.3026983998715878,0.018487069942057132,0.6272727272727273,0.6091555450508738,0.7015088438308887,"{'C': 85.67920399582866, 'degree': 5, 'gamma': 2.2190867903095297}",47,10,10
mines,poly,6,1.2403313997201622,0.014653279911726713,0.5941176470588235,0.5917212397946988,0.7304400345125107,"{'C': 44.49646271214178, 'degree': 5, 'gamma': 1.8488408310945195}",48,10,10
mines,poly,7,1.4802700001746416,0.01844231002032757,0.6485739750445634,0.6345498225342516,0.7001865832614322,"{'C': 89.16045222433813, 'degree': 5, 'gamma': 2.274306065194007}",49,10,10
mines,poly,8,1.27957300003618,0.018551999982446433,0.6031194295900179,0.5972745202876533,0.700533865401208,"{'C': 52.41082616290873, 'degree': 6, 'gamma': 2.2921895719519734}",50,10,10
mines,poly,9,1.0511898999102414,0.01422047009691596,0.6122103386809269,0.6062180588111451,0.7307700603968939,"{'C': 72.8713543332869, 'degree': 4, 'gamma': 2.8609524348443096}",51,10,10
mines,rbf,0,0.8211010000668466,0.007610079925507307,0.6540998217468806,0.6444772738446063,0.8070340811044003,"{'C': 73.1996621871987, 'gamma': 2.4009048979725676}",42,10,10
mines,rbf,1,0.7813211996108294,0.006315040029585361,0.6181818181818182,0.6019891104666191,0.7948662640207074,"{'C': 66.60935521958947, 'gamma': 2.171818189566687}",43,10,10
mines,rbf,2,0.9041464999318123,0.0073543800041079525,0.6329768270944742,0.625690626113798,0.7626596203623814,"{'C': 96.05266199434153, 'gamma': 1.8349747309285782}",44,10,10
mines,rbf,3,0.8715955000370741,0.006900200061500073,0.6717468805704101,0.6604094017286058,0.8096570319240726,"{'C': 85.61834867751385, 'gamma': 2.6058768340207172}",45,10,10
mines,rbf,4,0.874108700081706,0.007011590106412768,0.6481283422459894,0.6402103528920138,0.807677955133736,"{'C': 78.38345124822426, 'gamma': 2.545040547553847}",46,10,10
mines,rbf,5,0.8546890998259187,0.0064798700623214245,0.6506238859180036,0.6404134406277375,0.8353041415012943,"{'C': 70.76080622076984, 'gamma': 3.201549584739277}",47,10,10
mines,rbf,6,0.8419188000261784,0.006097519909963012,0.6333333333333334,0.6281808237549036,0.8392461173425367,"{'C': 44.49646271214178, 'gamma': 2.932108709729102}",48,10,10
mines,rbf,7,0.9158148001879454,0.007711740024387836,0.6306595365418896,0.6175361108838617,0.7587057808455565,"{'C': 84.48328574268622, 'gamma': 0.9285975332069628}",49,10,10
mines,rbf,8,0.9073084001429379,0.007098879991099238,0.6240641711229946,0.6156096433188286,0.7863211820534943,"{'C': 90.91793462081102, 'gamma': 2.246704085142842}",50,10,10
mines,rbf,9,0.7743383999913931,0.005641750013455749,0.6206773618538325,0.6123006747979223,0.8764020707506471,"{'C': 28.42201566103021, 'gamma': 3.7981428233711143}",51,10,10
mines,custom_hermite,0,0.6947496002539992,0.004849429987370968,0.5414438502673796,0.5039382845263544,0.8011205780845556,"{'C': 83.24443163740138, 'degree': 2}",42,10,10
mines,custom_hermite,1,0.6866772002540529,0.004616589983925223,0.5207664884135472,0.48276261745275095,0.8090045297670405,"{'C': 32.71457844205816, 'degree': 6}",43,10,10
mines,custom_hermite,2,0.7312790001742542,0.005971260089427233,0.559180035650624,0.5318154841305741,0.7905942622950819,"{'C': 94.3351286897191, 'degree': 6}",44,10,10
mines,custom_hermite,3,0.7044285000301898,0.004477880056947469,0.5504456327985741,0.5075408572453737,0.8080230802415876,"{'C': 61.82983006225224, 'degree': 2}",45,10,10
mines,custom_hermite,4,0.7080091997049749,0.005170109961181879,0.5505347593582889,0.5120938238562532,0.7971764452113892,"{'C': 78.38345124822426, 'degree': 4}",46,10,10
mines,custom_hermite,5,0.696783300023526,0.004621609859168529,0.5355614973262034,0.4947481327851479,0.8076919758412424,"{'C': 64.08592692536476, 'degree': 2}",47,10,10
mines,custom_hermite,6,0.6842805999331176,0.004876630008220672,0.5385918003565062,0.503408299165054,0.8014462899050905,"{'C': 79.20363403128228, 'degree': 2}",48,10,10
mines,custom_hermite,7,0.7450247998349369,0.005947700003162026,0.559625668449198,0.5176025370432126,0.7932301553062985,"{'C': 92.6335871707825, 'degree': 6}",49,10,10
mines,custom_hermite,8,0.7195807001553476,0.0043115499429404736,0.5620320855614973,0.5285788617795332,0.818212899050906,"{'C': 34.654773915065164, 'degree': 3}",50,10,10
mines,custom_hermite,9,0.6750243999995291,0.00463200993835926,0.5411764705882354,0.511647466862095,0.8083487920621225,"{'C': 64.67490767496166, 'degree': 2}",51,10,10
mines,custom_gegen,0,1.193202800117433,0.00871795997954905,0.6097147950089128,0.5993613448084194,0.7343852459016393,"{'C': 51.42392960692274, 'degree': 4, 'alpha': -0.39756367868720455}",42,10,10
mines,custom_gegen,1,1.1970738000236452,0.006641220021992922,0.6157754010695189,0.6014381049145168,0.7593636755823987,"{'C': 44.576390325611044, 'degree': 5, 'alpha': -0.3258249011026607}",43,10,10
mines,custom_gegen,2,1.3728522001765668,0.010578109975904226,0.6181818181818182,0.6138753263218296,0.7988222605694564,"{'C': 71.01508918471401, 'degree': 6, 'alpha': 0.41867600678848516}",44,10,10
mines,custom_gegen,3,1.226654099766165,0.008114489912986755,0.5949197860962567,0.5743300566969256,0.7932236842105262,"{'C': 11.246977118703663, 'degree': 2, 'alpha': 0.4623190862767723}",45,10,10
mines,custom_gegen,4,1.1894466001540422,0.0070170999970287085,0.6188057040998218,0.6074412154201396,0.7623263589301121,"{'C': 45.50093688875895, 'degree': 4, 'alpha': -0.3210331699585467}",46,10,10
mines,custom_gegen,5,1.3437835001386702,0.0065907900221645836,0.6122994652406417,0.5914581541866687,0.7922389991371872,"{'C': 12.712329991335293, 'degree': 5, 'alpha': -0.47957646815918376}",47,10,10
mines,custom_gegen,6,1.1351960999891162,0.009764870023354888,0.6421568627450982,0.6400945369169404,0.7912618636755824,"{'C': 44.49646271214178, 'degree': 5, 'alpha': 0.4256014441105803}",48,10,10
mines,custom_gegen,7,1.4197496003471315,0.006088639982044697,0.6008912655971479,0.5809251663029333,0.7804076790336497,"{'C': 22.91459130306838, 'degree': 6, 'alpha': -0.37275251226410955}",49,10,10
mines,custom_gegen,8,1.285252199973911,0.005689680064097047,0.5503565062388592,0.5290126069769826,0.8188740293356341,"{'C': 31.001624859184517, 'degree': 3, 'alpha': 0.21001198681815925}",50,10,10
mines,custom_gegen,9,1.2073734998703003,0.009795709839090705,0.5944741532976827,0.5870867137223448,0.7702167817083693,"{'C': 64.67490767496166, 'degree': 2, 'alpha': 0.3263934923421967}",51,10,10
mines,custom_alsalam,0,1.1032469999045134,0.010314499912783503,0.6393939393939394,0.624903369890394,0.6982204486626402,"{'C': 45.607542351719374, 'degree': 5, 'a': -1, 'q': 0.2}",42,10,10
mines,custom_alsalam,1,1.049587200395763,0.010161220002919436,0.6092691622103388,0.5881422745094291,0.6900000000000001,"{'C': 44.576390325611044, 'degree': 5, 'a': -1, 'q': 0.09}",43,10,10
mines,custom_alsalam,2,0.935047599952668,0.008955279970541597,0.6093582887700536,0.6023904435625889,0.7218960310612597,"{'C': 71.01508918471401, 'degree': 6, 'a': -1, 'q': 0.46}",44,10,10
mines,custom_alsalam,3,1.0626524998806417,0.005916179995983839,0.6332442067736186,0.6156567181551453,0.7728451251078516,"{'C': 62.73954087875989, 'degree': 6, 'a': -1, 'q': 0.65}",45,10,10
mines,custom_alsalam,4,1.0651393001899123,0.012132099969312549,0.6363636363636365,0.6316787220852964,0.7041393442622951,"{'C': 39.483800086062594, 'degree': 4, 'a': -1, 'q': 0.04}",46,10,10
mines,custom_alsalam,5,0.974577400367707,0.007785630039870739,0.6243315508021391,0.6078199143050511,0.7314160914581536,"{'C': 85.67920399582866, 'degree': 5, 'a': -1, 'q': 0.55}",47,10,10
mines,custom_alsalam,6,1.1656094999052584,0.007405040040612221,0.6331550802139039,0.6199581592606128,0.7482010353753236,"{'C': 44.49646271214178, 'degree': 5, 'a': -1, 'q': 0.46}",48,10,10
mines,custom_alsalam,7,0.9316876996308565,0.007739940052852034,0.630926916221034,0.6158949358428051,0.7327351164797239,"{'C': 89.16045222433813, 'degree': 5, 'a': -1, 'q': 0.5700000000000001}",49,10,10
mines,custom_alsalam,8,1.0521177002228796,0.006951120030134916,0.5975935828877005,0.5887622607577782,0.7596947799827438,"{'C': 52.41082616290873, 'degree': 6, 'a': -1, 'q': 0.5700000000000001}",50,10,10
mines,custom_alsalam,9,1.117221700027585,0.015505410032346845,0.6062388591800356,0.6026599550793479,0.7117105263157895,"{'C': 86.94918649987437, 'degree': 3, 'a': -1, 'q': 0.31}",51,10,10
blood,linear,0,1.6944452999159694,0.017865179944783448,0.7647207207207207,0.6674484885793845,0.4835124183755804,{'C': 95.07147992668521},42,10,10
blood,linear,1,1.5643187002278864,0.015006870077922941,0.766072072072072,0.6705166653880194,0.4844017442603869,{'C': 60.907044861408856},43,10,10
blood,linear,2,1.7425692002288997,0.016165699902921916,0.766072072072072,0.6724088697138526,0.4841045674401788,{'C': 74.46430352747011},44,10,10
blood,linear,3,1.4753594999201596,0.016617559967562555,0.7633873873873874,0.6645486647391027,0.48246789035321713,{'C': 98.90116233604654},45,10,10
blood,linear,4,1.7473583999089897,0.016568159917369485,0.7634054054054055,0.6667025113620534,0.4826180219663935,{'C': 78.38345124822426},46,10,10
blood,linear,5,1.8189432001672685,0.018252000072970988,0.7674054054054054,0.6736715550142629,0.48365924312503034,{'C': 97.44833496055122},47,10,10
blood,linear,6,1.6799520999193192,0.016569080064073205,0.7634054054054055,0.6645894848144748,0.4846991415381766,{'C': 89.15743514475867},48,10,10
blood,linear,7,1.8367947000078857,0.018034320091828704,0.7687207207207207,0.674045076081878,0.48499720018871173,{'C': 89.62311386559638},49,10,10
blood,linear,8,1.7335409000515938,0.016374289989471436,0.7674054054054054,0.6731956670065559,0.48380849290787964,{'C': 77.18962758997651},50,10,10
blood,linear,9,1.575321499723941,0.01348528997041285,0.7633873873873874,0.6621805724055625,0.4857403626968136,{'C': 64.40232868225607},51,10,10
blood,poly,0,2.5012188996188343,0.03279722002334893,0.7834054054054054,0.7353201522204105,0.5181200700173278,"{'C': 37.454637344617396, 'degree': 6, 'gamma': 2.9321633619048173}",42,10,10
blood,poly,1,2.7749235001392663,0.030058739986270667,0.7767747747747749,0.7161796751953146,0.49821671862117006,"{'C': 44.576390325611044, 'degree': 5, 'gamma': 0.34433613551210357}",43,10,10
blood,poly,2,2.939973699860275,0.03619786007329821,0.7847927927927927,0.7384888701654533,0.557043178821963,"{'C': 71.01508918471401, 'degree': 6, 'gamma': 1.8349747309285782}",44,10,10
blood,poly,3,2.8376509002409875,0.03466681996360421,0.7754414414414416,0.718891798277862,0.5530277644278464,"{'C': 62.73954087875989, 'degree': 6, 'gamma': 2.6058768340207172}",45,10,10
blood,poly,4,2.6812016000039876,0.031138719944283366,0.778054054054054,0.7250631089296116,0.510104673259818,"{'C': 26.24225722762328, 'degree': 6, 'gamma': 1.5900322463481311}",46,10,10
blood,poly,5,2.7991567999124527,0.033157999999821185,0.7874774774774774,0.7378100064840998,0.5314903814357079,"{'C': 85.67920399582866, 'degree': 5, 'gamma': 2.2190867903095297}",47,10,10
blood,poly,6,2.804929899983108,0.030646649934351445,0.7821261261261261,0.7272865161058955,0.4974753197737224,"{'C': 44.49646271214178, 'degree': 5, 'gamma': 1.8488408310945195}",48,10,10
blood,poly,7,2.9723720997571945,0.03307367009110749,0.7808288288288288,0.7276566159944318,0.5341671773933978,"{'C': 89.16045222433813, 'degree': 5, 'gamma': 2.274306065194007}",49,10,10
blood,poly,8,2.7146672001108527,0.03344313986599445,0.7767387387387388,0.7293722728936921,0.5335706191771641,"{'C': 52.41082616290873, 'degree': 6, 'gamma': 2.2921895719519734}",50,10,10
blood,poly,9,2.140548299998045,0.014145450061187148,0.7740900900900902,0.6921660318772525,0.47831358768259397,"{'C': 64.67490767496166, 'degree': 2, 'gamma': 1.650206819623588}",51,10,10
blood,rbf,0,1.9150541997514665,0.01923478995449841,0.7994414414414415,0.776551229141331,0.4857399217816501,"{'C': 60.11190005930913, 'gamma': 2.8368516771561185}",42,10,10
blood,rbf,1,1.786498500034213,0.016023049922659995,0.7994234234234234,0.7754983534946438,0.4855911129139642,"{'C': 32.71457844205816, 'gamma': 3.438750940498319}",43,10,10
blood,rbf,2,2.1120400996878743,0.01485576997511089,0.7954414414414414,0.7696227996079539,0.4887088240351674,"{'C': 21.79066903578307, 'gamma': 3.8305527751924835}",44,10,10
blood,rbf,3,2.0412834002636373,0.019931620033457876,0.7888828828828829,0.7645373965105446,0.48291563970176493,"{'C': 85.61834867751385, 'gamma': 2.6058768340207172}",45,10,10
blood,rbf,4,1.9793758001178503,0.01654527010396123,0.7913693693693693,0.765361918369275,0.4897515883968765,"{'C': 31.308380486232352, 'gamma': 3.749930096242834}",46,10,10
blood,rbf,5,1.920625100377947,0.019478739984333516,0.79809009009009,0.7742947346379861,0.4870763356422591,"{'C': 70.76080622076984, 'gamma': 3.201549584739277}",47,10,10
blood,rbf,6,1.908147799782455,0.017376090027391912,0.7953873873873875,0.7729973029187602,0.48589027385240807,"{'C': 44.49646271214178, 'gamma': 2.932108709729102}",48,10,10
blood,rbf,7,2.133072200231254,0.017580589931458234,0.7914774774774774,0.7689234479870152,0.48544208358869667,"{'C': 44.22183607663652, 'gamma': 3.212809134220757}",49,10,10
blood,rbf,8,2.0693779001012444,0.016351439943537115,0.7982342342342342,0.7743196124424199,0.4860342326532952,"{'C': 31.35976105892396, 'gamma': 3.554547024509242}",50,10,10
blood,rbf,9,1.7906356998719275,0.015512059954926372,0.7914594594594595,0.7647617746959857,0.4845514349583996,"{'C': 28.42201566103021, 'gamma': 3.7981428233711143}",51,10,10
blood,custom_hermite,0,2.717434300109744,0.02290758998133242,0.7713693693693694,0.6958679050649854,0.477719234042178,"{'C': 37.454637344617396, 'degree': 6}",42,10,10
blood,custom_hermite,1,2.6268155998550355,0.02216004002839327,0.7727567567567568,0.6969248731762147,0.47979770812298,"{'C': 32.71457844205816, 'degree': 6}",43,10,10
blood,custom_hermite,2,2.714673399925232,0.021414979919791223,0.77409009009009,0.6965059980772352,0.4774209549340611,"{'C': 96.05266199434153, 'degree': 3}",44,10,10
blood,custom_hermite,3,2.728384899906814,0.021998720010742545,0.7714594594594594,0.6914236016676834,0.4789052958320289,"{'C': 99.07217775409525, 'degree': 3}",45,10,10
blood,custom_hermite,4,2.731682099867612,0.023745189979672433,0.7754414414414416,0.6962943465892475,0.4774218367643881,"{'C': 78.38345124822426, 'degree': 4}",46,10,10
blood,custom_hermite,5,2.6442745001986623,0.019765649968758226,0.7700900900900901,0.6895781741181326,0.4793515019775044,"{'C': 11.349733700893058, 'degree': 6}",47,10,10
blood,custom_hermite,6,2.709981999825686,0.020685339951887725,0.7714414414414413,0.6937597792110421,0.48291674198967377,"{'C': 44.49646271214178, 'degree': 5}",48,10,10
blood,custom_hermite,7,2.7858735998161137,0.02288747993297875,0.7727207207207207,0.6929469638444296,0.48291784427758255,"{'C': 44.22183607663652, 'degree': 5}",49,10,10
blood,custom_hermite,8,2.703841400332749,0.022378550050780176,0.7740180180180181,0.69795981423229,0.47905564790278693,"{'C': 37.73213245401471, 'degree': 6}",50,10,10
blood,custom_hermite,9,2.6575436000712216,0.020231129974126814,0.770054054054054,0.6912278465496389,0.4775693228865833,"{'C': 28.42201566103021, 'degree': 6}",51,10,10
blood,custom_gegen,0,6.347395000047982,0.06871675993315876,0.7807927927927928,0.7384703441624617,0.49168235589790166,"{'C': 5.809303133207778, 'degree': 6, 'alpha': 0.7062188733689856}",42,10,10
blood,custom_gegen,1,5.959161400329322,0.03881072998046875,0.7847387387387388,0.7454387153856459,0.4976217036080087,"{'C': 66.60935521958947, 'degree': 4, 'alpha': -0.4322624893955228}",43,10,10
blood,custom_gegen,2,7.6132851000875235,0.07944555003196001,0.7927747747747748,0.7609769138530821,0.4695481942319478,"{'C': 39.37856132927404, 'degree': 3, 'alpha': 0.5247057950833167}",44,10,10
blood,custom_gegen,3,6.5517881996929646,0.07523390999995172,0.7941441441441441,0.7618038843010563,0.47534115810776856,"{'C': 99.07217775409525, 'degree': 3, 'alpha': 0.7404060222990427}",45,10,10
blood,custom_gegen,4,5.774010700173676,0.037069180002436045,0.782036036036036,0.7581952864745364,0.4899003972645624,"{'C': 26.24225722762328, 'degree': 6, 'alpha': 0.29633924272509005}",46,10,10
blood,custom_gegen,5,7.5205592000857,0.08162059988826513,0.7994234234234234,0.7726909005743224,0.4722221242410748,"{'C': 85.67920399582866, 'degree': 5, 'alpha': 0.6105211514267519}",47,10,10
blood,custom_gegen,6,5.387652799952775,0.07944771000184118,0.7954054054054055,0.7654772730182469,0.47266943267445916,"{'C': 86.47117395863914, 'degree': 3, 'alpha': 0.6009775136366875}",48,10,10
blood,custom_gegen,7,8.22415449982509,0.08013216997496783,0.7995135135135134,0.7730636383178815,0.4732606999087305,"{'C': 89.16045222433813, 'degree': 5, 'alpha': 0.6381004724043478}",49,10,10
blood,custom_gegen,8,7.401840700302273,0.07746879998594522,0.7955675675675675,0.7701934212557039,0.4792029135674004,"{'C': 52.41082616290873, 'degree': 6, 'alpha': 0.647032407387464}",50,10,10
blood,custom_gegen,9,5.9775535999797285,0.036068510031327605,0.782108108108108,0.7291807240759944,0.48915635292613346,"{'C': 64.67490767496166, 'degree': 2, 'alpha': 0.3263934923421967}",51,10,10
blood,custom_alsalam,0,2.54654059978202,0.02968979994766414,0.7901261261261261,0.7616244242316842,0.5311984955974621,"{'C': 51.42392960692274, 'degree': 4, 'a': -1, 'q': 0.05}",42,10,10
blood,custom_alsalam,1,2.3985573002137244,0.02312219003215432,0.7927747747747748,0.7604976927619038,0.48692973135039097,"{'C': 11.506341584411505, 'degree': 4, 'a': -1, 'q': 0.14}",43,10,10
blood,custom_alsalam,2,2.1556997997686267,0.023442110046744347,0.7914054054054054,0.7621857834554012,0.4888591761059254,"{'C': 14.885657456358848, 'degree': 4, 'a': -1, 'q': 0.16}",44,10,10
blood,custom_alsalam,3,2.237675099633634,0.021513830125331878,0.7928468468468468,0.7623445763921958,0.4838069497048073,"{'C': 7.455003975369499, 'degree': 6, 'a': -1, 'q': 0.23}",45,10,10
blood,custom_alsalam,4,2.452388800214976,0.02874526008963585,0.7887027027027027,0.757509772946424,0.5279271255417745,"{'C': 39.483800086062594, 'degree': 4, 'a': -1, 'q': 0.04}",46,10,10
blood,custom_alsalam,5,2.2415735004469752,0.024515439989045262,0.79409009009009,0.7641957563321429,0.4942065952090159,"{'C': 12.712329991335293, 'degree': 5, 'a': -1, 'q': 0.01}",47,10,10
blood,custom_alsalam,6,2.687678599730134,0.024666890036314726,0.7940900900900901,0.7638491071682054,0.49064311885750067,"{'C': 29.89833876951833, 'degree': 5, 'a': -1, 'q': 0.33}",48,10,10
blood,custom_alsalam,7,2.2558208000846207,0.025857780128717422,0.7861621621621622,0.7574449789043888,0.4950965824665676,"{'C': 22.91459130306838, 'degree': 6, 'a': -1, 'q': 0.060000000000000005}",49,10,10
blood,custom_alsalam,8,2.176620800048113,0.02294366988353431,0.7861441441441442,0.7523186356952871,0.48440042151489626,"{'C': 31.001624859184517, 'degree': 3, 'a': -1, 'q': 0.35000000000000003}",50,10,10
blood,custom_alsalam,9,2.2852675998583436,0.024077560007572173,0.7834414414414415,0.7354359214918812,0.48425513996851866,"{'C': 64.67490767496166, 'degree': 2, 'a': -1, 'q': 0.41000000000000003}",51,10,10
statlog,linear,0,2.7638766998425126,0.01679713004268706,0.8130952380952381,0.80890260742768,0.4882320699910091,{'C': 15.602708025603208},42,10,10
statlog,linear,1,2.5995811000466347,0.015427389973774552,0.8082913165266106,0.8044442719430114,0.5008546579984785,{'C': 11.506341584411505},43,10,10
statlog,linear,2,2.784660100005567,0.014228950068354607,0.8083473389355742,0.8035995612310189,0.5049322221453766,{'C': 10.480505640882603},44,10,10
statlog,linear,3,2.5528250001370907,0.02374710999429226,0.8107002801120448,0.8071684726576898,0.4524662839753787,{'C': 44.44750512768433},45,10,10
statlog,linear,4,2.959845199715346,0.027900499943643808,0.8072408963585435,0.8038989538952283,0.44089217788228785,{'C': 78.38345124822426},46,10,10
statlog,linear,5,2.9912495999597013,0.027240750007331373,0.808249299719888,0.8052238449557203,0.44076509440486894,{'C': 70.60339509628965},47,10,10
statlog,linear,6,2.8792162998579443,0.02589941001497209,0.8082212885154061,0.8056452268190609,0.44654868939760706,{'C': 54.82344240510306},48,10,10
statlog,linear,7,3.1098430999554694,0.02956925006583333,0.8071428571428572,0.8043472754271246,0.4360284252022962,{'C': 89.62311386559638},49,10,10
statlog,linear,8,2.9334408002905548,0.02794256992638111,0.8047478991596639,0.8010129291510649,0.4387905456808908,{'C': 77.18962758997651},50,10,10
statlog,linear,9,2.777493600267917,0.026416280027478933,0.8071148459383753,0.8048246314134211,0.4452313437997096,{'C': 67.57346581893972},51,10,10
statlog,poly,0,2.412044500000775,0.031590780010446906,0.8496638655462185,0.848971699963875,0.41354502386057124,"{'C': 37.454637344617396, 'degree': 6, 'gamma': 2.9321633619048173}",42,10,10
statlog,poly,1,2.9131610998883843,0.03066194001585245,0.8638095238095238,0.8625351226910996,0.42485285981049864,"{'C': 66.60935521958947, 'degree': 4, 'gamma': 0.13122695669081097}",43,10,10
statlog,poly,2,2.9759789002127945,0.03504467005841434,0.8603781512605042,0.859448607124983,0.3957899923922817,"{'C': 95.74724943472268, 'degree': 6, 'gamma': 3.5291436202329205}",44,10,10
statlog,poly,3,2.9480928000994027,0.03127375999465585,0.8533053221288516,0.8521738613516187,0.42682377757797907,"{'C': 28.26743798591021, 'degree': 6, 'gamma': 2.6973803090402684}",45,10,10
statlog,poly,4,2.759310900233686,0.029025050066411495,0.8591456582633054,0.8573970879246554,0.4429957120132789,"{'C': 45.50093688875895, 'degree': 4, 'gamma': 0.3539301323851334}",46,10,10
statlog,poly,5,2.7903326000086963,0.0320161699783057,0.8578571428571429,0.8563695104366194,0.4084172487723909,"{'C': 93.52364450917413, 'degree': 4, 'gamma': 0.7232980738582272}",47,10,10
statlog,poly,6,3.02212980017066,0.03090884992852807,0.8532913165266105,0.8514308282535819,0.422220243446988,"{'C': 44.49646271214178, 'degree': 5, 'gamma': 1.8488408310945195}",48,10,10
statlog,poly,7,2.9251020001247525,0.030737660080194473,0.8591736694677872,0.8582133872757334,0.423538280655647,"{'C': 44.22183607663652, 'degree': 5, 'gamma': 3.381749733807492}",49,10,10
statlog,poly,8,2.769848800264299,0.03324769991450012,0.8579691876750701,0.8561893015574988,0.4071005947852549,"{'C': 52.41082616290873, 'degree': 6, 'gamma': 2.2921895719519734}",50,10,10
statlog,poly,9,2.388786199968308,0.02959336997009814,0.8638935574229691,0.8623864895402648,0.42866813057611175,"{'C': 58.23602569893819, 'degree': 4, 'gamma': 3.1839949340859026}",51,10,10
statlog,rbf,0,2.245672299992293,0.01626733997836709,0.8188515406162464,0.8179348086667202,0.5855361712428245,"{'C': 15.602708025603208, 'gamma': 0.6371656669645575}",42,10,10
statlog,rbf,1,2.200294699985534,0.015429960004985333,0.8425210084033614,0.8405321754320434,0.5070373124005809,"{'C': 25.44285816486207, 'gamma': 0.24227591946943294}",43,10,10
statlog,rbf,2,2.301574199926108,0.018198120035231115,0.8260784313725489,0.8245711200183035,0.5324126841413652,"{'C': 42.76572445463983, 'gamma': 0.46770693414988207}",44,10,10
statlog,rbf,3,2.1875005001202226,0.01667085001245141,0.8496498599439775,0.8474244157395703,0.509137907185836,"{'C': 28.14544874820433, 'gamma': 0.3235756148467037}",45,10,10
statlog,rbf,4,2.2483657002449036,0.018362040026113392,0.8366806722689075,0.8343935673743411,0.4948049657652673,"{'C': 50.79392613603845, 'gamma': 0.3539301323851334}",46,10,10
statlog,rbf,5,2.1474595996551216,0.013707569940015674,0.8437675070028012,0.8403722608285875,0.5207104571547134,"{'C': 25.599987137364938, 'gamma': 0.11129523917292246}",47,10,10
statlog,rbf,6,2.1833492000587285,0.015181409986689686,0.8178851540616247,0.8151237798664767,0.5827738778615394,"{'C': 11.232090227245585, 'gamma': 0.5809964763486839}",48,10,10
statlog,rbf,7,2.3484288998879492,0.020855440106242896,0.8461484593837534,0.8451156468601916,0.4586442700048412,"{'C': 96.21679197288353, 'gamma': 0.2503777431897933}",49,10,10
statlog,rbf,8,2.290899300016463,0.01832804000005126,0.8117647058823529,0.809180774733604,0.6186684763814924,"{'C': 49.4606699521566, 'gamma': 0.9243936192903239}",50,10,10
statlog,rbf,9,2.235502100083977,0.01610767999663949,0.8450700280112045,0.8425936513936056,0.4824443253337022,"{'C': 41.02538836217453, 'gamma': 0.20578241662639743}",51,10,10
statlog,custom_hermite,0,12.110766499768943,0.10292514995671809,0.795252100840336,0.7882666699233607,0.5802766443045855,"{'C': 60.11190005930913, 'degree': 5}",42,10,10
statlog,custom_hermite,1,12.180325500201434,0.10616705999709666,0.7821988795518208,0.7741693567801515,0.5975025935403555,"{'C': 32.71457844205816, 'degree': 6}",43,10,10
statlog,custom_hermite,2,12.114556000102311,0.10700351996347308,0.8189775910364145,0.8136047525387337,0.5307037139497891,"{'C': 94.3351286897191, 'degree': 6}",44,10,10
statlog,custom_hermite,3,12.062708400189877,0.10611468991264701,0.8082212885154062,0.8012187407901411,0.5489805657376029,"{'C': 97.60035557843834, 'degree': 5}",45,10,10
statlog,custom_hermite,4,12.340916999615729,0.1054182100109756,0.7846498599439775,0.7761946511218972,0.5986831731101735,"{'C': 31.308380486232352, 'degree': 6}",46,10,10
statlog,custom_hermite,5,12.064488800242543,0.1041711200028658,0.8011204481792717,0.7935424489726925,0.5676559582267101,"{'C': 70.76080622076984, 'degree': 5}",47,10,10
statlog,custom_hermite,6,12.057999100070447,0.10180089995265007,0.7704481792717087,0.7585188172644439,0.616700843765129,"{'C': 86.47117395863914, 'degree': 3}",48,10,10
statlog,custom_hermite,7,12.179029200226068,0.10559699009172618,0.8105882352941176,0.8055687635599945,0.5342528874749292,"{'C': 92.6335871707825, 'degree': 6}",49,10,10
statlog,custom_hermite,8,12.358017500024289,0.11569788004271686,0.7904481792717086,0.7811890352232914,0.5868547271595547,"{'C': 37.73213245401471, 'degree': 6}",50,10,10
statlog,custom_hermite,9,12.180496599990875,0.11339205992408097,0.776498599439776,0.7657848461805499,0.6046004218825645,"{'C': 28.42201566103021, 'degree': 6}",51,10,10
statlog,custom_gegen,0,35.193593099713326,0.17128731007687747,0.8473109243697479,0.8467658887208446,0.4637729096064735,"{'C': 13.95024657134353, 'degree': 2, 'alpha': 0.23906006815444647}",42,10,10
statlog,custom_gegen,1,34.96312530012801,0.1707521699834615,0.8437114845938375,0.842555505739053,0.5095354104709869,"{'C': 22.103678559441246, 'degree': 3, 'alpha': 0.1390319773262353}",43,10,10
statlog,custom_gegen,2,41.03270360035822,0.16919671995565294,0.8437675070028012,0.8415053159931027,0.5096637042672384,"{'C': 14.885657456358848, 'degree': 4, 'alpha': -0.17328102501183607}",44,10,10
statlog,custom_gegen,3,35.22147989971563,0.1677308099810034,0.8284453781512605,0.8251454418135117,0.5409606473476727,"{'C': 4.853151568643681, 'degree': 1, 'alpha': -0.25925808411909057}",45,10,10
statlog,custom_gegen,4,32.0534900999628,0.17275926996953786,0.8438515406162465,0.8420990253058944,0.45285946469327065,"{'C': 29.99148509430352, 'degree': 1, 'alpha': 0.25070004483418906}",46,10,10
statlog,custom_gegen,5,41.5826202002354,0.17214063997380435,0.8472549019607843,0.8456103726808151,0.4560161491112801,"{'C': 93.52364450917413, 'degree': 4, 'alpha': -0.1365519894643772}",47,10,10
statlog,custom_gegen,6,26.091389100067317,0.17688364000059664,0.8390336134453781,0.8371503346913356,0.4520699910090601,"{'C': 18.713590155279643, 'degree': 3, 'alpha': -0.22711694050762699}",48,10,10
statlog,custom_gegen,7,44.34994720015675,0.17743580010719598,0.8532633053221289,0.8528119234257524,0.42932101113493326,"{'C': 25.193648320991734, 'degree': 2, 'alpha': -0.3386652195968104}",49,10,10
statlog,custom_gegen,8,41.049237200059,0.17177162007428706,0.843767507002801,0.8428244932408144,0.4678487447264679,"{'C': 31.001624859184517, 'degree': 3, 'alpha': 0.21001198681815925}",50,10,10
statlog,custom_gegen,9,34.87378959963098,0.1717621201183647,0.8509383753501402,0.849896216042952,0.4549628259215714,"{'C': 86.94918649987437, 'degree': 3, 'alpha': 0.12272045734288906}",51,10,10
statlog,custom_alsalam,0,6.792453600093722,0.06384756988845766,0.8378151260504202,0.8373800823447606,0.5200553288609171,"{'C': 83.24443163740138, 'degree': 2, 'a': -1, 'q': 0.19}",42,10,10
statlog,custom_alsalam,1,6.50645379954949,0.059284179983660576,0.8270728291316527,0.826029435106818,0.5287327961823086,"{'C': 89.70996089957345, 'degree': 2, 'a': -1, 'q': 0.26}",43,10,10
statlog,custom_alsalam,2,6.523359899874777,0.05895516993477941,0.8117086834733893,0.8103493282426191,0.5902693823915899,"{'C': 39.37856132927404, 'degree': 3, 'a': -1, 'q': 0.51}",44,10,10
statlog,custom_alsalam,3,6.769619900267571,0.06443830011412502,0.8367226890756303,0.832980227862706,0.4472095234801854,"{'C': 4.853151568643681, 'degree': 1, 'a': -1, 'q': 0.12}",45,10,10
statlog,custom_alsalam,4,6.618192199617624,0.057201349968090655,0.8379411764705882,0.8364547318350576,0.543721211702054,"{'C': 30.75461872064403, 'degree': 2, 'a': -1, 'q': 0.49}",46,10,10
statlog,custom_alsalam,5,6.498300699982792,0.061896510003134605,0.8449159663865548,0.8434568786015744,0.505327996403624,"{'C': 24.665691528082416, 'degree': 2, 'a': -1, 'q': 0.03}",47,10,10
statlog,custom_alsalam,6,7.016484499908984,0.06415642006322742,0.8284453781512605,0.8266120944642761,0.46193529981326514,"{'C': 3.711994388168878, 'degree': 1, 'a': -1, 'q': 0.22}",48,10,10
statlog,custom_alsalam,7,6.523326099850237,0.06020916998386383,0.835518207282913,0.8350523098432376,0.5087435161491113,"{'C': 25.193648320991734, 'degree': 2, 'a': -1, 'q': 0.08}",49,10,10
statlog,custom_alsalam,8,6.5453572999686,0.06197826000861824,0.8212044817927172,0.8192405455969028,0.5314905940936441,"{'C': 49.4606699521566, 'degree': 2, 'a': -1, 'q': 0.26}",50,10,10
statlog,custom_alsalam,9,6.633000900037587,0.06124278004281223,0.8320588235294117,0.8307606368461693,0.5283373677294418,"{'C': 48.78009133549274, 'degree': 2, 'a': -1, 'q': 0.22}",51,10,10
hepatitis,linear,0,0.28253239998593926,0.0008290500380098819,0.8,0.7951864801864803,0.24027777777777776,{'C': 5.809303133207778},42,10,10
hepatitis,linear,1,0.270968500059098,0.0008162001613527536,0.85,0.8331818181818182,0.24166666666666664,{'C': 11.506341584411505},43,10,10
hepatitis,linear,2,0.2682449999265373,0.0008411700837314129,0.8125,0.7951098901098901,0.2375,{'C': 83.48438002441628},44,10,10
hepatitis,linear,3,0.2634958000853658,0.00078125,0.8125,0.8163228438228437,0.23472222222222222,{'C': 7.729879318351191},45,10,10
hepatitis,linear,4,0.2633066000416875,0.0008246699348092079,0.8125,0.8108333333333334,0.22777777777777777,{'C': 78.38345124822426},46,10,10
hepatitis,linear,5,0.2676348998211324,0.0008294799830764532,0.825,0.824102564102564,0.2375,{'C': 11.349733700893058},47,10,10
hepatitis,linear,6,0.26125269988551736,0.0007013799622654915,0.8125,0.8074908424908424,0.2763888888888889,{'C': 1.7500096028443315},48,10,10
hepatitis,linear,7,0.2624174002557993,0.0008053500670939684,0.7875,0.7824575424575425,0.23194444444444445,{'C': 30.0971446211356},49,10,10
hepatitis,linear,8,0.26415840024128556,0.0008142199832946063,0.825,0.8067857142857143,0.23055555555555557,{'C': 49.4606699521566},50,10,10
hepatitis,linear,9,0.26727010030299425,0.0008530200459063054,0.8,0.7983333333333333,0.23888888888888887,{'C': 67.57346581893972},51,10,10
hepatitis,poly,0,0.26054879976436496,0.0006708999630063772,0.825,0.8239102564102565,0.3222222222222222,"{'C': 83.24443163740138, 'degree': 2, 'gamma': 0.7400838537157916}",42,10,10
hepatitis,poly,1,0.26401179982349277,0.0007619699928909541,0.8375,0.8291025641025641,0.3958333333333333,"{'C': 11.506341584411505, 'degree': 4, 'gamma': 0.547104622928547}",43,10,10
hepatitis,poly,2,0.28365119965747,0.0007970300503075123,0.85,0.8341341991341992,0.3666666666666667,"{'C': 36.05072312479231, 'degree': 3, 'gamma': 2.443059172775448}",44,10,10
hepatitis,poly,3,0.26235330011695623,0.0006380100268870593,0.8375,0.8156959706959708,0.33611111111111114,"{'C': 4.853151568643681, 'degree': 1, 'gamma': 0.4776161161246224}",45,10,10
hepatitis,poly,4,0.2597075002267957,0.000655980035662651,0.85,0.8447435897435899,0.3208333333333333,"{'C': 75.80782838911712, 'degree': 2, 'gamma': 3.749930096242834}",46,10,10
hepatitis,poly,5,0.2581225000321865,0.0007666800171136856,0.8375,0.8216666666666667,0.44444444444444436,"{'C': 35.14742912146425, 'degree': 5, 'gamma': 3.201549584739277}",47,10,10
hepatitis,poly,6,0.260508400388062,0.0007684100419282913,0.8375,0.8348717948717947,0.4027777777777778,"{'C': 54.52338114221105, 'degree': 4, 'gamma': 2.3615768520639593}",48,10,10
hepatitis,poly,7,0.26013810001313686,0.0007613800466060638,0.8375,0.8246736596736597,0.4458333333333333,"{'C': 89.16045222433813, 'degree': 5, 'gamma': 2.274306065194007}",49,10,10
hepatitis,poly,8,0.259950399864465,0.0007746899966150523,0.875,0.8675641025641025,0.3736111111111111,"{'C': 39.63359464236797, 'degree': 3, 'gamma': 3.986350448272431}",50,10,10
hepatitis,poly,9,0.2585698999464512,0.0007553600240498781,0.8375,0.8297202797202796,0.3597222222222222,"{'C': 15.76785920720762, 'degree': 3, 'gamma': 2.3663810546943775}",51,10,10
hepatitis,rbf,0,0.2727791997604072,0.0007819599471986294,0.8375,0.7645238095238094,1.0,"{'C': 37.454637344617396, 'gamma': 3.80362731460201}",42,10,10
hepatitis,rbf,1,0.2742017996497452,0.0007530500181019307,0.8625,0.8162087912087911,0.861111111111111,"{'C': 25.44285816486207, 'gamma': 0.24227591946943294}",43,10,10
hepatitis,rbf,2,0.2764944997616112,0.0008438900113105774,0.8375,0.7645238095238094,0.9777777777777776,"{'C': 74.46430352747011, 'gamma': 1.4519955194586383}",44,10,10
hepatitis,rbf,3,0.2723026997409761,0.0008078600279986858,0.8375,0.7645238095238094,0.9888888888888889,"{'C': 98.90116233604654, 'gamma': 2.205217271021953}",45,10,10
hepatitis,rbf,4,0.2757809995673597,0.0007869000546634197,0.8375,0.7645238095238094,0.9916666666666668,"{'C': 78.38345124822426, 'gamma': 2.545040547553847}",46,10,10
hepatitis,rbf,5,0.2729571000672877,0.0007945600431412458,0.8375,0.7645238095238094,1.0,"{'C': 11.349733700893058, 'gamma': 3.898331079395257}",47,10,10
hepatitis,rbf,6,0.2742343000136316,0.000789229990914464,0.8375,0.7645238095238094,1.0,"{'C': 1.7500096028443315, 'gamma': 3.567987236421342}",48,10,10
hepatitis,rbf,7,0.27225610008463264,0.0007648800034075976,0.8625,0.8076739926739925,0.8722222222222221,"{'C': 96.21679197288353, 'gamma': 0.2503777431897933}",49,10,10
hepatitis,rbf,8,0.2908568996936083,0.0007804699707776308,0.8375,0.7645238095238094,0.9666666666666668,"{'C': 49.4606699521566, 'gamma': 0.9243936192903239}",50,10,10
hepatitis,rbf,9,0.27334610000252724,0.0007951800245791674,0.8375,0.7645238095238094,0.9902777777777777,"{'C': 34.33102395058668, 'gamma': 2.5816410998446386}",51,10,10
hepatitis,custom_hermite,0,0.4566671000793576,0.0020967000164091587,0.8375,0.7645238095238094,0.5958333333333334,"{'C': 37.454637344617396, 'degree': 6}",42,10,10
hepatitis,custom_hermite,1,0.44184729969128966,0.001695089926943183,0.8375,0.7645238095238094,0.3249999999999999,"{'C': 11.506341584411505, 'degree': 4}",43,10,10
hepatitis,custom_hermite,2,0.43973900005221367,0.0012133199721574782,0.8375,0.7645238095238094,0.35833333333333334,"{'C': 83.48438002441628, 'degree': 1}",44,10,10
hepatitis,custom_hermite,3,0.42469519982114434,0.0017924200277775527,0.8375,0.7645238095238094,0.5111111111111111,"{'C': 98.90116233604654, 'degree': 4}",45,10,10
hepatitis,custom_hermite,4,0.45165379997342825,0.001731219980865717,0.8375,0.7645238095238094,0.47638888888888886,"{'C': 78.38345124822426, 'degree': 4}",46,10,10
hepatitis,custom_hermite,5,0.43389480002224445,0.0020314900670200587,0.8375,0.7645238095238094,0.3763888888888889,"{'C': 11.349733700893058, 'degree': 6}",47,10,10
hepatitis,custom_hermite,6,0.4344522999599576,0.002036079950630665,0.8375,0.7645238095238094,0.3249999999999999,"{'C': 1.7500096028443315, 'degree': 6}",48,10,10
hepatitis,custom_hermite,7,0.4250138998031616,0.001352940034121275,0.8375,0.7645238095238094,0.3249999999999999,"{'C': 30.0971446211356, 'degree': 2}",49,10,10
hepatitis,custom_hermite,8,0.44873989978805184,0.0013542299624532462,0.8375,0.7645238095238094,0.33611111111111114,"{'C': 49.4606699521566, 'degree': 2}",50,10,10
hepatitis,custom_hermite,9,0.3998823002912104,0.001225050026550889,0.8375,0.7645238095238094,0.34444444444444444,"{'C': 67.57346581893972, 'degree': 1}",51,10,10
hepatitis,custom_gegen,0,0.4170691999606788,0.001362350070849061,0.8625,0.8524358974358973,0.35694444444444445,"{'C': 45.607542351719374, 'degree': 5, 'alpha': -0.09264917350486412}",42,10,10
hepatitis,custom_gegen,1,0.4128157999366522,0.001368510164320469,0.875,0.8335164835164834,0.8625,"{'C': 44.576390325611044, 'degree': 5, 'alpha': -0.3258249011026607}",43,10,10
hepatitis,custom_gegen,2,0.43961849994957447,0.0011163899209350348,0.85,0.83008658008658,0.3347222222222222,"{'C': 42.76572445463983, 'degree': 1, 'alpha': -0.05638125000041694}",44,10,10
hepatitis,custom_gegen,3,0.4132841001264751,0.0012419699225574732,0.8375,0.7645238095238094,0.9680555555555556,"{'C': 7.729879318351191, 'degree': 3, 'alpha': 0.45088785981341584}",45,10,10
hepatitis,custom_gegen,4,0.4176635001786053,0.001306159980595112,0.8625,0.8128571428571428,0.8555555555555555,"{'C': 45.50093688875895, 'degree': 4, 'alpha': -0.3210331699585467}",46,10,10
hepatitis,custom_gegen,5,0.456337200012058,0.002670179959386587,0.8375,0.7645238095238094,0.3249999999999999,"{'C': 11.349733700893058, 'degree': 6, 'alpha': 0.9601819206672013}",47,10,10
hepatitis,custom_gegen,6,0.3706759000197053,0.0012287299148738384,0.8625,0.8311538461538461,0.8319444444444445,"{'C': 57.49878373151376, 'degree': 3, 'alpha': 0.2673391530069128}",48,10,10
hepatitis,custom_gegen,7,0.4535786001943052,0.0011883899569511414,0.8625,0.8076739926739925,0.8708333333333332,"{'C': 25.193648320991734, 'degree': 2, 'alpha': -0.3386652195968104}",49,10,10
hepatitis,custom_gegen,8,0.433808000292629,0.001079539954662323,0.875,0.8675641025641025,0.41388888888888886,"{'C': 66.83408854009923, 'degree': 1, 'alpha': 0.16084403508539902}",50,10,10
hepatitis,custom_gegen,9,0.3988446998409927,0.0011788200587034225,0.85,0.8363869463869463,0.31527777777777777,"{'C': 48.78009133549274, 'degree': 2, 'alpha': -0.05581670324541077}",51,10,10
hepatitis,custom_alsalam,0,0.47681850008666515,0.0023280200082808735,0.8375,0.7645238095238094,0.3249999999999999,"{'C': 37.454637344617396, 'degree': 6, 'a': -1, 'q': 0.73}",42,10,10
hepatitis,custom_alsalam,1,0.46646149968728423,0.0014345699921250344,0.8375,0.7645238095238094,0.3249999999999999,"{'C': 24.059721406914914, 'degree': 2, 'a': -1, 'q': 0.86}",43,10,10
hepatitis,custom_alsalam,2,0.4642060003243387,0.0012015999760478734,0.8375,0.7645238095238094,0.3249999999999999,"{'C': 83.48438002441628, 'degree': 1, 'a': -1, 'q': 0.74}",44,10,10
hepatitis,custom_alsalam,3,0.5041752997785807,0.002436570031568408,0.8375,0.7645238095238094,0.3249999999999999,"{'C': 62.73954087875989, 'degree': 6, 'a': -1, 'q': 0.65}",45,10,10
hepatitis,custom_alsalam,4,0.47291359957307577,0.001491260016337037,0.8375,0.7645238095238094,0.3249999999999999,"{'C': 75.80782838911712, 'degree': 2, 'a': -1, 'q': 0.93}",46,10,10
hepatitis,custom_alsalam,5,0.5102721001021564,0.0024685000069439413,0.8375,0.7645238095238094,0.3249999999999999,"{'C': 11.349733700893058, 'degree': 6, 'a': -1, 'q': 0.73}",47,10,10
hepatitis,custom_alsalam,6,0.49735449999570847,0.0020600799936801193,0.8375,0.7645238095238094,0.9305555555555556,"{'C': 54.52338114221105, 'degree': 4, 'a': -1, 'q': 0.59}",48,10,10
hepatitis,custom_alsalam,7,0.4950757999904454,0.0014345701318234205,0.8375,0.7645238095238094,0.3249999999999999,"{'C': 30.0971446211356, 'degree': 2, 'a': -1, 'q': 0.92}",49,10,10
hepatitis,custom_alsalam,8,0.4800884001888335,0.0017383400816470384,0.8375,0.7645238095238094,0.3249999999999999,"{'C': 39.63359464236797, 'degree': 3, 'a': -1, 'q': 0.99}",50,10,10
hepatitis,custom_alsalam,9,0.44037039997056127,0.001489529898390174,0.8375,0.7645238095238094,0.3249999999999999,"{'C': 64.40232868225607, 'degree': 2, 'a': -1, 'q': 0.9400000000000001}",51,10,10
wine,linear,0,0.25776050006970763,0.0007617900613695383,0.9718954248366012,0.9719502211659075,0.14795419254658385,{'C': 37.454637344617396},42,10,10
wine,linear,1,0.27552219992503524,0.0007856700103729963,0.9666666666666668,0.9665259431926099,0.16480201863354038,{'C': 2.9023534286116157},43,10,10
wine,linear,2,0.2570819999091327,0.0007783298846334219,0.961111111111111,0.961017686017686,0.14669642857142856,{'C': 83.48438002441628},44,10,10
wine,linear,3,0.26035179989412427,0.000859250035136938,0.961111111111111,0.961149961149961,0.1485636645962733,{'C': 98.90116233604654},45,10,10
wine,linear,4,0.2585140001028776,0.0007830600254237652,0.9722222222222221,0.9722610722610723,0.1460753105590062,{'C': 78.38345124822426},46,10,10
wine,linear,5,0.2562069999985397,0.0007996300235390663,0.9549019607843137,0.9539786466257054,0.14856754658385093,{'C': 11.349733700893058},47,10,10
wine,linear,6,0.25602350011467934,0.0007713299710303545,0.9718954248366012,0.9718108180853278,0.1467003105590062,{'C': 89.15743514475867},48,10,10
wine,linear,7,0.2570437998510897,0.0008422599639743567,0.9663398692810456,0.9663329626074724,0.14730590062111804,{'C': 30.0971446211356},49,10,10
wine,linear,8,0.257693599909544,0.0007771200500428677,0.9607843137254901,0.9608487082996886,0.1485636645962733,{'C': 49.4606699521566},50,10,10
wine,linear,9,0.25268569961190224,0.0007730199024081231,0.9718954248366014,0.9719700270680663,0.14980201863354037,{'C': 67.57346581893972},51,10,10
wine,poly,0,0.2922966997139156,0.0013617299497127532,0.9663398692810456,0.9663558155715017,0.19975155279503107,"{'C': 37.454637344617396, 'degree': 6, 'gamma': 2.9321633619048173}",42,10,10
wine,poly,1,0.3098057000897825,0.0013622701168060302,0.9833333333333334,0.9834110334110333,0.16854037267080746,"{'C': 73.37509587973202, 'degree': 3, 'gamma': 3.211281488286093}",43,10,10
wine,poly,2,0.3118358999490738,0.001353189954534173,0.9666666666666666,0.9667055167055167,0.1710364906832298,"{'C': 36.05072312479231, 'degree': 3, 'gamma': 2.443059172775448}",44,10,10
wine,poly,3,0.30426150001585484,0.0007667400408536196,0.9888888888888889,0.9889665889665888,0.310236801242236,"{'C': 4.853151568643681, 'degree': 1, 'gamma': 0.4776161161246224}",45,10,10
wine,poly,4,0.303460200317204,0.0013395900838077067,0.9774509803921569,0.9773045908340026,0.2153454968944099,"{'C': 4.287501969778039, 'degree': 3, 'gamma': 3.652252873960553}",46,10,10
wine,poly,5,0.3149818000383675,0.0007536699064075947,0.9663398692810456,0.9658207613224914,0.18477096273291924,"{'C': 9.873496758926203, 'degree': 2, 'gamma': 2.569034341275915}",47,10,10
wine,poly,6,0.31088249990716577,0.0007427199743688107,0.9830065359477125,0.9831372549019608,0.3414557453416149,"{'C': 3.711994388168878, 'degree': 1, 'gamma': 0.8660498050857349}",48,10,10
wine,poly,7,0.29610879998654127,0.0007772300392389298,0.9663398692810456,0.9663654138163942,0.15980201863354038,"{'C': 30.0971446211356, 'degree': 2, 'gamma': 3.706491553751403}",49,10,10
wine,poly,8,0.2979981997050345,0.0007786300033330917,0.9718954248366014,0.9717259672276972,0.23221661490683232,"{'C': 5.641107515510172, 'degree': 2, 'gamma': 3.7048899841838416}",50,10,10
wine,poly,9,0.2836857996881008,0.0007573400624096393,0.9777777777777779,0.977608564275231,0.23907608695652177,"{'C': 4.77353057385992, 'degree': 2, 'gamma': 1.1798663823605715}",51,10,10
wine,rbf,0,0.3193460004404187,0.00107677998021245,0.9888888888888889,0.9888042821376155,0.4045069875776398,"{'C': 15.602708025603208, 'gamma': 0.6371656669645575}",42,10,10
wine,rbf,1,0.3207391002215445,0.0011553899385035038,0.9833333333333334,0.9831252697919364,0.561789596273292,"{'C': 13.33996302763464, 'gamma': 0.9742242670494365}",43,10,10
wine,rbf,2,0.3189787003211677,0.001071140030398965,0.9774509803921569,0.9773736358050084,0.34019021739130434,"{'C': 83.48438002441628, 'gamma': 0.43317197834869975}",44,10,10
wine,rbf,3,0.3207461000420153,0.0011914700735360384,0.9888888888888889,0.9888888888888889,0.6111024844720496,"{'C': 61.82983006225224, 'gamma': 1.14187715102262}",45,10,10
wine,rbf,4,0.32314549991860986,0.0009891000576317311,0.988562091503268,0.9883768519062637,0.3027329192546584,"{'C': 50.79392613603845, 'gamma': 0.3539301323851334}",46,10,10
wine,rbf,5,0.3254640996456146,0.0013061100617051125,0.9888888888888889,0.9888042821376155,0.6972360248447206,"{'C': 72.87373461547712, 'gamma': 1.4160045391037324}",47,10,10
wine,rbf,6,0.3250472997315228,0.0011945600155740977,0.9777777777777779,0.9775308641975309,0.6360869565217391,"{'C': 28.48683188622436, 'gamma': 1.2068590039380354}",48,10,10
wine,rbf,7,0.32109150011092424,0.0011925099883228541,0.9888888888888889,0.9888042821376155,0.5686607142857143,"{'C': 30.0971446211356, 'gamma': 1.0000119867228543}",49,10,10
wine,rbf,8,0.3243110002949834,0.001135089946910739,0.988562091503268,0.9883537838555139,0.5380667701863354,"{'C': 49.4606699521566, 'gamma': 0.9243936192903239}",50,10,10
wine,rbf,9,0.31681030010804534,0.0011271798983216285,0.9833333333333334,0.9831252697919364,0.5199689440993789,"{'C': 17.435164259026102, 'gamma': 0.884946142214355}",51,10,10
wine,custom_hermite,0,0.4964188998565078,0.0024652999360114335,0.9833333333333334,0.9832098765432098,0.26404114906832304,"{'C': 37.454637344617396, 'degree': 6}",42,10,10
wine,custom_hermite,1,0.4720336999744177,0.0021552799735218287,0.9774509803921569,0.9777236606893469,0.21661878881987578,"{'C': 66.60935521958947, 'degree': 4}",43,10,10
wine,custom_hermite,2,0.45992100005969405,0.0018386100884526968,0.9774509803921569,0.9774185291832349,0.20788431677018632,"{'C': 64.64140982977695, 'degree': 2}",44,10,10
wine,custom_hermite,3,0.4497457002289593,0.0019910100381821394,0.9774509803921569,0.9773360434260088,0.21222437888198759,"{'C': 99.07217775409525, 'degree': 3}",45,10,10
wine,custom_hermite,4,0.4784078001976013,0.0021135499700903893,0.9944444444444445,0.9944832944832944,0.21472049689440995,"{'C': 78.38345124822426, 'degree': 4}",46,10,10
wine,custom_hermite,5,0.45365009969100356,0.0017998300027102232,0.9722222222222221,0.9718440818440819,0.2415916149068323,"{'C': 27.092809416673624, 'degree': 2}",47,10,10
wine,custom_hermite,6,0.44697719998657703,0.0018201300408691168,0.9888888888888889,0.9888888888888889,0.20225155279503104,"{'C': 79.20363403128228, 'degree': 2}",48,10,10
wine,custom_hermite,7,0.4660848998464644,0.00242935991846025,0.9833333333333334,0.9831813865147199,0.2621622670807453,"{'C': 92.6335871707825, 'degree': 6}",49,10,10
wine,custom_hermite,8,0.4689402999356389,0.0017923701088875532,0.9888888888888889,0.988860398860399,0.21598602484472051,"{'C': 49.4606699521566, 'degree': 2}",50,10,10
wine,custom_hermite,9,0.42909369990229607,0.0016979800071567296,0.9833333333333334,0.9831813865147199,0.22285326086956525,"{'C': 67.57346581893972, 'degree': 1}",51,10,10
wine,custom_gegen,0,0.9995019999332726,0.0026910999789834023,0.9830065359477125,0.983145939028292,0.23282608695652174,"{'C': 45.607542351719374, 'degree': 5, 'alpha': -0.09264917350486412}",42,10,10
wine,custom_gegen,1,1.0025284001603723,0.0026818899437785148,0.9888888888888889,0.9889277389277389,0.31024844720496897,"{'C': 44.576390325611044, 'degree': 5, 'alpha': -0.3258249011026607}",43,10,10
wine,custom_gegen,2,1.2224137000739574,0.003339059930294752,0.9944444444444445,0.9944444444444445,0.8308307453416148,"{'C': 71.01508918471401, 'degree': 6, 'alpha': 0.41867600678848516}",44,10,10
wine,custom_gegen,3,1.037490100134164,0.0026899400167167188,0.9944444444444445,0.9944444444444445,0.5517857142857142,"{'C': 7.729879318351191, 'degree': 3, 'alpha': 0.45088785981341584}",45,10,10
wine,custom_gegen,4,0.9328991998918355,0.0030719799920916556,0.9944444444444445,0.9944444444444445,0.5187344720496894,"{'C': 26.24225722762328, 'degree': 6, 'alpha': 0.29633924272509005}",46,10,10
wine,custom_gegen,5,1.2412191000767052,0.0031024700962007045,0.9718954248366014,0.9711885416902717,0.3689052795031056,"{'C': 12.712329991335293, 'degree': 5, 'alpha': -0.47957646815918376}",47,10,10
wine,custom_gegen,6,0.7174794999882579,0.0028568699955940245,0.988562091503268,0.988600941542118,0.5443206521739131,"{'C': 1.7500096028443315, 'degree': 6, 'alpha': 0.0768737232730975}",48,10,10
wine,custom_gegen,7,1.3480869000777602,0.002893070038408041,0.9833333333333334,0.98324872658206,0.3489557453416149,"{'C': 22.91459130306838, 'degree': 6, 'alpha': -0.37275251226410955}",49,10,10
wine,custom_gegen,8,1.2120990003459156,0.0024860099889338016,0.9830065359477125,0.9831555372731842,0.28465450310559004,"{'C': 31.001624859184517, 'degree': 3, 'alpha': 0.21001198681815925}",50,10,10
wine,custom_gegen,9,0.9763886998407543,0.0022978899534791706,0.9888888888888889,0.9889277389277389,0.3620535714285714,"{'C': 4.77353057385992, 'degree': 2, 'alpha': 0.09148149983310738}",51,10,10
wine,custom_alsalam,0,0.470913200173527,0.0017570500262081624,0.9888888888888889,0.9888042821376155,0.36330745341614906,"{'C': 83.24443163740138, 'degree': 2, 'a': -1, 'q': 0.19}",42,10,10
wine,custom_alsalam,1,0.48568079993128777,0.002265219949185848,0.9888888888888889,0.9888042821376155,0.4101358695652174,"{'C': 66.60935521958947, 'degree': 4, 'a': -1, 'q': 0.03}",43,10,10
wine,custom_alsalam,2,0.4930993998423219,0.002601560018956661,0.9830065359477125,0.9830526481506874,0.504988354037267,"{'C': 71.01508918471401, 'degree': 6, 'a': -1, 'q': 0.46}",44,10,10
wine,custom_alsalam,3,0.49322539987042546,0.0022036498878151177,0.9888888888888889,0.9888888888888889,0.46315993788819865,"{'C': 98.90116233604654, 'degree': 4, 'a': -1, 'q': 0.28}",45,10,10
wine,custom_alsalam,4,0.48197800014168024,0.0021569198928773404,0.9944444444444445,0.9944832944832944,0.4538004658385093,"{'C': 78.38345124822426, 'degree': 4, 'a': -1, 'q': 0.25}",46,10,10
wine,custom_alsalam,5,0.48729450022801757,0.0021995699498802423,0.9888888888888889,0.9889665889665888,0.4325698757763975,"{'C': 93.52364450917413, 'degree': 4, 'a': -1, 'q': 0.18000000000000002}",47,10,10
wine,custom_alsalam,6,0.4865675996989012,0.001935010077431798,0.9888888888888889,0.9886980920314254,0.4107298136645962,"{'C': 18.713590155279643, 'degree': 3, 'a': -1, 'q': 0.14}",48,10,10
wine,custom_alsalam,7,0.5035032997839153,0.0025242599193006756,0.9888888888888889,0.9888042821376155,0.4207298136645963,"{'C': 22.91459130306838, 'degree': 6, 'a': -1, 'q': 0.060000000000000005}",49,10,10
wine,custom_alsalam,8,0.47791479993611574,0.0019258400425314903,0.9888888888888889,0.9889665889665888,0.3776630434782608,"{'C': 49.4606699521566, 'degree': 2, 'a': -1, 'q': 0.26}",50,10,10
wine,custom_alsalam,9,0.44791000010445714,0.002034720126539469,0.9833333333333334,0.9831252697919364,0.45380822981366453,"{'C': 86.94918649987437, 'degree': 3, 'a': -1, 'q': 0.31}",51,10,10
haberman,linear,0,0.6309492001309991,0.003770430060103536,0.7187096774193549,0.6148211686899168,0.5450355731225296,{'C': 37.454637344617396},42,10,10
haberman,linear,1,0.6003000997006893,0.004907799838110805,0.7287096774193549,0.6294433531186856,0.5446482213438735,{'C': 73.37509587973202},43,10,10
haberman,linear,2,0.7008388000540435,0.005866829957813025,0.7288172043010752,0.6199167668066025,0.5501040843214755,{'C': 83.48438002441628},44,10,10
haberman,linear,3,0.6036569997668266,0.005815100111067295,0.7252688172043011,0.6343056701419453,0.5479328063241108,{'C': 98.90116233604654},45,10,10
haberman,linear,4,0.6473357998766005,0.0016817900817841292,0.7219354838709677,0.6251438209503049,0.5410461133069828,{'C': 4.287501969778039},46,10,10
haberman,linear,5,0.6686914996244013,0.0025281899608671663,0.7254838709677419,0.6181958236317191,0.5428484848484849,{'C': 11.349733700893058},47,10,10
haberman,linear,6,0.623668699990958,0.005160269932821393,0.7287096774193549,0.6317857362842505,0.547935441370224,{'C': 89.15743514475867},48,10,10
haberman,linear,7,0.7418308001942933,0.005914379935711622,0.7319354838709679,0.638998762608147,0.5421185770750989,{'C': 89.62311386559638},49,10,10
haberman,linear,8,0.6308710998855531,0.0040166100487113,0.7223655913978495,0.6269149954670007,0.5457470355731224,{'C': 49.4606699521566},50,10,10
haberman,linear,9,0.6171311996877193,0.0017668900545686483,0.7320430107526882,0.6270075269939219,0.539935441370224,{'C': 4.472173508112401},51,10,10
haberman,poly,0,0.8188622002489865,0.006764569971710444,0.7449462365591397,0.7033120815717853,0.5370408432147562,"{'C': 5.809303133207778, 'degree': 6, 'gamma': 2.4106926249143474}",42,10,10
haberman,poly,1,0.9258328997530043,0.008632960030809045,0.7521505376344086,0.6993017974501158,0.5403030303030303,"{'C': 97.14653767844736, 'degree': 3, 'gamma': 3.818663623479838}",43,10,10
haberman,poly,2,0.9177852002903819,0.006308380048722029,0.7387096774193548,0.6893901026527665,0.537764163372859,"{'C': 36.05072312479231, 'degree': 3, 'gamma': 2.443059172775448}",44,10,10
haberman,poly,3,0.9263817998580635,0.00855288994498551,0.7316129032258065,0.6829576682179851,0.5414189723320159,"{'C': 99.07217775409525, 'degree': 3, 'gamma': 2.4791420829636928}",45,10,10
haberman,poly,4,0.8425634000450373,0.003191740019246936,0.738494623655914,0.6631919444035015,0.530509881422925,"{'C': 30.75461872064403, 'degree': 2, 'gamma': 1.984005958930137}",46,10,10
haberman,poly,5,0.8491548001766205,0.0031010300386697053,0.738494623655914,0.6719391160938444,0.5290487483530962,"{'C': 32.221472598999824, 'degree': 2, 'gamma': 3.6700680469463474}",47,10,10
haberman,poly,6,0.8986951000988483,0.00796548998914659,0.7448387096774194,0.6948933370166364,0.5355876152832674,"{'C': 86.47117395863914, 'degree': 3, 'gamma': 2.1999785331136565}",48,10,10
haberman,poly,7,0.9316009003669024,0.0030694599729031323,0.7352688172043012,0.6660815671376732,0.5315823451910408,"{'C': 30.0971446211356, 'degree': 2, 'gamma': 3.706491553751403}",49,10,10
haberman,poly,8,0.8771510999649763,0.007537269964814186,0.7353763440860216,0.6862368158212809,0.5315876152832676,"{'C': 67.45763200916058, 'degree': 3, 'gamma': 2.036436743715766}",50,10,10
haberman,poly,9,0.7336354004219174,0.0036481200251728295,0.7451612903225807,0.6750019308949898,0.5290474308300396,"{'C': 48.78009133549274, 'degree': 2, 'gamma': 0.884946142214355}",51,10,10
haberman,rbf,0,0.6524148001335561,0.0024194499477744103,0.7449462365591397,0.6928491233985135,0.537764163372859,"{'C': 15.602708025603208, 'gamma': 0.6371656669645575}",42,10,10
haberman,rbf,1,0.6139018000103533,0.0026918599382042886,0.7291397849462365,0.6830138594826858,0.5424808959156786,"{'C': 13.33996302763464, 'gamma': 0.9742242670494365}",43,10,10
haberman,rbf,2,0.7668532999232411,0.004687660047784448,0.732258064516129,0.6830801131817837,0.5359380764163373,"{'C': 83.48438002441628, 'gamma': 0.43317197834869975}",44,10,10
haberman,rbf,3,0.737829000223428,0.0024218400940299034,0.7283870967741936,0.6723539115384309,0.5366811594202898,"{'C': 28.14544874820433, 'gamma': 0.3235756148467037}",45,10,10
haberman,rbf,4,0.728099700063467,0.0031073700170964,0.7317204301075269,0.6733584716638799,0.5348682476943347,"{'C': 50.79392613603845, 'gamma': 0.3539301323851334}",46,10,10
haberman,rbf,5,0.678789799567312,0.0020857898984104396,0.7319354838709679,0.6520715821662338,0.5399420289855072,"{'C': 25.599987137364938, 'gamma': 0.11129523917292246}",47,10,10
haberman,rbf,6,0.6364140999503434,0.0021591101307421924,0.728494623655914,0.6761972902938501,0.5374044795783925,"{'C': 11.232090227245585, 'gamma': 0.5809964763486839}",48,10,10
haberman,rbf,7,0.7744639003649354,0.0037458700593560935,0.7321505376344086,0.6832013551732447,0.5359420289855072,"{'C': 96.21679197288353, 'gamma': 0.2503777431897933}",49,10,10
haberman,rbf,8,0.72002620017156,0.004617050010710955,0.728494623655914,0.6899134280476067,0.5370355731225296,"{'C': 49.4606699521566, 'gamma': 0.9243936192903239}",50,10,10
haberman,rbf,9,0.5957823996432126,0.002508110040798783,0.7449462365591398,0.6751220370987839,0.5366693017127802,"{'C': 41.02538836217453, 'gamma': 0.20578241662639743}",51,10,10
haberman,custom_hermite,0,0.5309791998006403,0.0036013399716466666,0.7416129032258064,0.6805221081533812,0.5352345191040844,"{'C': 73.1996621871987, 'degree': 4}",42,10,10
haberman,custom_hermite,1,0.5207789000123739,0.0031924200244247912,0.7553763440860215,0.696352038759464,0.5373899868247694,"{'C': 32.71457844205816, 'degree': 6}",43,10,10
haberman,custom_hermite,2,0.5571480998769403,0.0028118400368839502,0.7483870967741936,0.6788945192508693,0.5275942028985507,"{'C': 83.48438002441628, 'degree': 1}",44,10,10
haberman,custom_hermite,3,0.5349003002047539,0.0028733999002724885,0.7449462365591397,0.679714776752127,0.5345046113306982,"{'C': 61.82983006225224, 'degree': 2}",45,10,10
haberman,custom_hermite,4,0.5431567998602986,0.0024666999466717242,0.741720430107527,0.6616441510418233,0.5305111989459815,"{'C': 50.79392613603845, 'degree': 1}",46,10,10
haberman,custom_hermite,5,0.5180114000104368,0.0032334300223737953,0.7515053763440861,0.6904189499763593,0.5352226613965745,"{'C': 72.87373461547712, 'degree': 3}",47,10,10
haberman,custom_hermite,6,0.525505100376904,0.003133500041440129,0.7350537634408603,0.6757396421064353,0.5359565217391303,"{'C': 46.010662718398954, 'degree': 4}",48,10,10
haberman,custom_hermite,7,0.5725327003747225,0.0023728100582957267,0.7451612903225807,0.6798910896272717,0.5341291172595519,"{'C': 30.0971446211356, 'degree': 2}",49,10,10
haberman,custom_hermite,8,0.5585471000522375,0.0032260000240057706,0.7487096774193549,0.68761202806431,0.5304927536231884,"{'C': 67.45763200916058, 'degree': 3}",50,10,10
haberman,custom_hermite,9,0.5061154002323747,0.0024860700126737357,0.7482795698924731,0.6761289966502813,0.5304993412384718,"{'C': 41.02538836217453, 'degree': 1}",51,10,10
haberman,custom_gegen,0,0.975598799996078,0.008335199998691678,0.7418279569892473,0.7007946513107117,0.5250619235836627,"{'C': 18.341267580833527, 'degree': 2, 'alpha': 0.5542652989481534}",42,10,10
haberman,custom_gegen,1,0.9929708000272512,0.008090139925479889,0.7521505376344086,0.6969173649846983,0.533764163372859,"{'C': 24.059721406914914, 'degree': 2, 'alpha': 1.2196836069877095}",43,10,10
haberman,custom_gegen,2,1.1097960998304188,0.0035446301102638245,0.7420430107526881,0.6916292954718545,0.5446613965744401,"{'C': 14.885657456358848, 'degree': 4, 'alpha': -0.17328102501183607}",44,10,10
haberman,custom_gegen,3,0.972967800218612,0.0033832200802862643,0.7511827956989247,0.7109929477648642,0.5381370223978921,"{'C': 98.90116233604654, 'degree': 4, 'alpha': 0.07008013089057508}",45,10,10
haberman,custom_gegen,4,0.9532996998168528,0.003017799975350499,0.735268817204301,0.6231313020966095,0.5581014492753622,"{'C': 78.38345124822426, 'degree': 4, 'alpha': 0.00559575211634028}",46,10,10
haberman,custom_gegen,5,1.11680500023067,0.008818319998681545,0.7516129032258064,0.7131517393568483,0.5308629776021081,"{'C': 11.349733700893058, 'degree': 6, 'alpha': 0.9601819206672013}",47,10,10
haberman,custom_gegen,6,0.9063929999247193,0.0037764300126582385,0.7353763440860215,0.6466114993796783,0.5344993412384718,"{'C': 35.71784231100412, 'degree': 1, 'alpha': -0.20762466185188871}",48,10,10
haberman,custom_gegen,7,1.1633764998987317,0.007932239957153798,0.7452688172043012,0.698359798388311,0.5315942028985506,"{'C': 28.984498812192676, 'degree': 2, 'alpha': 0.9067934723667803}",49,10,10
haberman,custom_gegen,8,1.070100300014019,0.007673809956759215,0.7451612903225807,0.6790711070177707,0.5388511198945981,"{'C': 5.641107515510172, 'degree': 2, 'alpha': 1.3526070132770747}",50,10,10
haberman,custom_gegen,9,0.9550668001174927,0.007041309913620353,0.7450537634408603,0.6928725280891158,0.5297707509881423,"{'C': 64.67490767496166, 'degree': 2, 'alpha': 0.3263934923421967}",51,10,10
haberman,custom_alsalam,0,0.8204220002517104,0.004189569968730211,0.7383870967741937,0.680609274339305,0.5268735177865612,"{'C': 43.19506991919293, 'degree': 2, 'a': -1, 'q': 0.61}",42,10,10
haberman,custom_alsalam,1,0.8528984999284148,0.009012739872559905,0.7453763440860215,0.7036552155814828,0.5508432147562582,"{'C': 89.70996089957345, 'degree': 2, 'a': -1, 'q': 0.26}",43,10,10
haberman,custom_alsalam,2,0.7287028999999166,0.0027593400795012713,0.7450537634408603,0.6663632413530376,0.5344940711462451,"{'C': 13.915486052238363, 'degree': 3, 'a': -1, 'q': 0.87}",44,10,10
haberman,custom_alsalam,3,0.750831600278616,0.005494429962709546,0.7481720430107528,0.7010949133442896,0.5261515151515151,"{'C': 44.05364834656567, 'degree': 2, 'a': -1, 'q': 0.51}",45,10,10
haberman,custom_alsalam,4,0.8165954002179205,0.004929629992693663,0.7382795698924731,0.6590602102766508,0.5276034255599472,"{'C': 29.99148509430352, 'degree': 1, 'a': -1, 'q': 0.37}",46,10,10
haberman,custom_alsalam,5,0.7160521000623703,0.002361739939078689,0.7513978494623657,0.6941472975301339,0.5330395256916997,"{'C': 9.873496758926203, 'degree': 2, 'a': -1, 'q': 0.64}",47,10,10
haberman,custom_alsalam,6,0.9037580001167953,0.006631549960002303,0.7449462365591397,0.6640093265649244,0.5301501976284586,"{'C': 35.71784231100412, 'degree': 1, 'a': -1, 'q': 0.15000000000000002}",48,10,10
haberman,custom_alsalam,7,0.7305470001883805,0.0025190900545567275,0.7551612903225806,0.7020935274181319,0.5330395256916995,"{'C': 28.984498812192676, 'degree': 2, 'a': -1, 'q': 0.7000000000000001}",49,10,10
haberman,custom_alsalam,8,0.7568815001286566,0.006588860088959337,0.7355913978494624,0.6670006102747501,0.5464743083003952,"{'C': 66.83408854009923, 'degree': 1, 'a': -1, 'q': 0.33}",50,10,10
haberman,custom_alsalam,9,0.7439164998941123,0.0031557600013911724,0.7482795698924731,0.6947764430952267,0.5294084321475625,"{'C': 4.77353057385992, 'degree': 2, 'a': -1, 'q': 0.29000000000000004}",51,10,10
ionosphere,linear,0,1.0552567997947335,0.004171620029956103,0.8858730158730159,0.8814338212879953,0.23425557564798072,{'C': 5.809303133207778},42,10,10
ionosphere,linear,1,0.9541599997319281,0.0026108600199222566,0.868888888888889,0.8630026901439944,0.24564998995378745,{'C': 2.9023534286116157},43,10,10
ionosphere,linear,2,1.073100599925965,0.005420660087838769,0.8887301587301586,0.8832062672770615,0.22190878038979306,{'C': 10.480505640882603},44,10,10
ionosphere,linear,3,0.9551994004286826,0.004307129979133606,0.8746825396825397,0.8702005280662268,0.23931283905967446,{'C': 4.853151568643681},45,10,10
ionosphere,linear,4,1.0489475997164845,0.0035005599725991487,0.8944444444444445,0.8901353563850165,0.23995177817962626,{'C': 4.287501969778039},46,10,10
ionosphere,linear,5,1.0898270001634955,0.006330889975652098,0.8859523809523809,0.8822945546766346,0.20987643158529234,{'C': 24.665691528082416},47,10,10
ionosphere,linear,6,0.9860219997353852,0.0023002001456916333,0.8803968253968254,0.8756407981202573,0.26020293349407275,{'C': 1.7500096028443315},48,10,10
ionosphere,linear,7,1.151295700110495,0.00843620002269745,0.8802380952380954,0.8759190738534561,0.20481816355234078,{'C': 56.68889906530772},49,10,10
ionosphere,linear,8,1.0967065002769232,0.009421040024608373,0.8831746031746033,0.8779459748670317,0.20544605183845688,{'C': 76.05390826420042},50,10,10
ionosphere,linear,9,1.0022269003093243,0.003825020045042038,0.8916666666666666,0.8882482336305226,0.23836648583484027,{'C': 4.472173508112401},51,10,10
ionosphere,poly,0,0.5398935000412166,0.0019936099648475646,0.9114285714285714,0.908220130021325,0.2602159935704239,"{'C': 18.341267580833527, 'degree': 2, 'gamma': 2.106451407284698}",42,10,10
ionosphere,poly,1,0.6478713001124561,0.004174029920250177,0.9200000000000002,0.91590191824278,0.22665862969660439,"{'C': 22.103678559441246, 'degree': 3, 'gamma': 1.2750718767131752}",43,10,10
ionosphere,poly,2,0.6387875997461379,0.004052970046177507,0.917142857142857,0.9130511643518314,0.24248241912798876,"{'C': 13.915486052238363, 'degree': 3, 'gamma': 3.4974236283572053}",44,10,10
ionosphere,poly,3,0.5988080999813974,0.002298079943284392,0.926031746031746,0.9237261709202504,0.2295047217199116,"{'C': 44.05364834656567, 'degree': 2, 'gamma': 2.0464596786253284}",45,10,10
ionosphere,poly,4,0.5959832002408803,0.003896970022469759,0.925873015873016,0.9230914770902514,0.29186859553948163,"{'C': 4.287501969778039, 'degree': 3, 'gamma': 3.652252873960553}",46,10,10
ionosphere,poly,5,0.5805485001765192,0.0022208900190889835,0.9202380952380953,0.9173024662360234,0.24754571026722924,"{'C': 27.092809416673624, 'degree': 2, 'gamma': 3.8183630314316934}",47,10,10
ionosphere,poly,6,0.6440794002264738,0.003944960050284862,0.9173809523809524,0.9148995983520214,0.27824794052642154,"{'C': 1.7500096028443315, 'degree': 6, 'gamma': 1.1506187141538933}",48,10,10
ionosphere,poly,7,0.6274131997488439,0.004681059950962662,0.925952380952381,0.9234178369163762,0.22444444444444445,"{'C': 35.523373755365085, 'degree': 3, 'gamma': 3.6274592367604006}",49,10,10
ionosphere,poly,8,0.6200639000162482,0.004320239974185824,0.923015873015873,0.9193434836575772,0.2231675708257987,"{'C': 31.001624859184517, 'degree': 3, 'gamma': 1.417187944712866}",50,10,10
ionosphere,poly,9,0.572635100223124,0.0023003699257969855,0.9230952380952381,0.9204439495430867,0.21652300582680328,"{'C': 64.40232868225607, 'degree': 2, 'gamma': 3.7981428233711143}",51,10,10
ionosphere,rbf,0,0.5857615997083485,0.003125259978696704,0.9400000000000001,0.9405849660535528,0.5887934498693992,"{'C': 15.602708025603208, 'gamma': 0.6371656669645575}",42,10,10
ionosphere,rbf,1,0.5972884995862842,0.002970009995624423,0.9400793650793651,0.9389826007860338,0.43969760900140653,"{'C': 25.44285816486207, 'gamma': 0.24227591946943294}",43,10,10
ionosphere,rbf,2,0.5793967000208795,0.0030777200125157835,0.9486507936507935,0.9482283301327479,0.5378280088406671,"{'C': 83.48438002441628, 'gamma': 0.43317197834869975}",44,10,10
ionosphere,rbf,3,0.5735268997959793,0.0030217799358069897,0.9457936507936509,0.9453572438100201,0.4846513964235483,"{'C': 28.14544874820433, 'gamma': 0.3235756148467037}",45,10,10
ionosphere,rbf,4,0.5870910999365151,0.0031074199359863997,0.9458730158730159,0.9457652460528608,0.5055334538878842,"{'C': 50.79392613603845, 'gamma': 0.3539301323851334}",46,10,10
ionosphere,rbf,5,0.5803474001586437,0.0029222100507467984,0.9373809523809523,0.9366786613201674,0.2339300783604581,"{'C': 25.599987137364938, 'gamma': 0.11129523917292246}",47,10,10
ionosphere,rbf,6,0.5834037000313401,0.00312152998521924,0.9457142857142855,0.9461937651765858,0.5808810528430783,"{'C': 11.232090227245585, 'gamma': 0.5809964763486839}",48,10,10
ionosphere,rbf,7,0.577927699778229,0.0029268999584019183,0.9373809523809523,0.936797791562119,0.43811030741410484,"{'C': 96.21679197288353, 'gamma': 0.2503777431897933}",49,10,10
ionosphere,rbf,8,0.5847674999386072,0.0031736099626868963,0.9343650793650793,0.9351425357721432,0.6400743419730761,"{'C': 49.4606699521566, 'gamma': 0.9243936192903239}",50,10,10
ionosphere,rbf,9,0.5729075004346669,0.002991570020094514,0.9546031746031746,0.953846205413458,0.4400150693188668,"{'C': 44.54160488284843, 'gamma': 0.25578242867619827}",51,10,10
ionosphere,custom_hermite,0,2.3468545000068843,0.01794656999409199,0.6923015873015873,0.6158053594509287,0.6451426562186056,"{'C': 37.454637344617396, 'degree': 6}",42,10,10
ionosphere,custom_hermite,1,2.3299872996285558,0.0183200700674206,0.6951587301587303,0.6147109862430183,0.6514747840064297,"{'C': 32.71457844205816, 'degree': 6}",43,10,10
ionosphere,custom_hermite,2,2.224589299876243,0.018453919934108852,0.6950000000000001,0.6133910888673593,0.6584398231866586,"{'C': 21.79066903578307, 'degree': 6}",44,10,10
ionosphere,custom_hermite,3,2.1759367999620736,0.017166189942508937,0.6892857142857143,0.6124307247091955,0.639127988748242,"{'C': 97.60035557843834, 'degree': 5}",45,10,10
ionosphere,custom_hermite,4,2.3556405999697745,0.017889980087056757,0.6923015873015873,0.6133133919827193,0.6514677516576252,"{'C': 31.308380486232352, 'degree': 6}",46,10,10
ionosphere,custom_hermite,5,2.290666399989277,0.01845567999407649,0.6923015873015874,0.6148222699437265,0.664132007233273,"{'C': 18.55022831345097, 'degree': 6}",47,10,10
ionosphere,custom_hermite,6,2.2456998000852764,0.01810376001521945,0.6894444444444445,0.61058885560522,0.6540054249547921,"{'C': 44.49646271214178, 'degree': 5}",48,10,10
ionosphere,custom_hermite,7,2.2881283001042902,0.01819880004040897,0.6950793650793651,0.6220614914840226,0.6201316053847699,"{'C': 76.97567706407538, 'degree': 6}",49,10,10
ionosphere,custom_hermite,8,2.442629700060934,0.017545960005372764,0.6952380952380952,0.6161683951330172,0.6388055053244927,"{'C': 90.91793462081102, 'degree': 4}",50,10,10
ionosphere,custom_hermite,9,2.0686481995508075,0.01755672008730471,0.6924603174603174,0.612042742971215,0.6546333132409081,"{'C': 28.42201566103021, 'degree': 6}",51,10,10
ionosphere,custom_gegen,0,7.7035690997727215,0.030775690032169224,0.9315873015873016,0.930641132580012,0.31908278079164154,"{'C': 51.42392960692274, 'degree': 4, 'alpha': -0.39756367868720455}",42,10,10
ionosphere,custom_gegen,1,7.786596199963242,0.030494219996035098,0.9344444444444445,0.9328490765570944,0.2443791440626884,"{'C': 11.506341584411505, 'degree': 4, 'alpha': -0.2245519812698833}",43,10,10
ionosphere,custom_gegen,2,9.338144300039858,0.03136708005331457,0.9342857142857144,0.932698073544446,0.23266726943942131,"{'C': 14.885657456358848, 'degree': 4, 'alpha': -0.17328102501183607}",44,10,10
ionosphere,custom_gegen,3,7.787888899911195,0.03050185991451144,0.9287301587301589,0.9295820469993334,0.6008227848101266,"{'C': 7.729879318351191, 'degree': 3, 'alpha': 0.45088785981341584}",45,10,10
ionosphere,custom_gegen,4,6.994033399969339,0.03299531992524862,0.9287301587301589,0.9259929512808268,0.7151044806108097,"{'C': 26.24225722762328, 'degree': 6, 'alpha': 0.29633924272509005}",46,10,10
ionosphere,custom_gegen,5,9.465436700265855,0.030637709936127067,0.9203174603174602,0.9191569123975343,0.2554450472171991,"{'C': 24.665691528082416, 'degree': 2, 'alpha': -0.4422174052507317}",47,10,10
ionosphere,custom_gegen,6,5.354553000070155,0.029813790041953326,0.9400793650793651,0.9387446815648139,0.4855947357846092,"{'C': 57.49878373151376, 'degree': 3, 'alpha': 0.2673391530069128}",48,10,10
ionosphere,custom_gegen,7,10.330113499891013,0.03257450992241502,0.9345238095238095,0.9337241051741085,0.41658227848101265,"{'C': 22.91459130306838, 'degree': 6, 'alpha': -0.37275251226410955}",49,10,10
ionosphere,custom_gegen,8,9.359749900177121,0.02986864005215466,0.9288095238095238,0.9266597193536239,0.3399768937110709,"{'C': 49.4606699521566, 'degree': 2, 'alpha': 0.01839310827685059}",50,10,10
ionosphere,custom_gegen,9,7.5921009997837245,0.02872517998330295,0.9458730158730159,0.9447800902550831,0.2690747438215793,"{'C': 4.77353057385992, 'degree': 2, 'alpha': 0.09148149983310738}",51,10,10
ionosphere,custom_alsalam,0,1.7129464000463486,0.012904260028153657,0.9428571428571428,0.9433209779375071,0.6115862969660437,"{'C': 51.42392960692274, 'degree': 4, 'a': -1, 'q': 0.05}",42,10,10
ionosphere,custom_alsalam,1,1.7686402001418173,0.012587849982082844,0.9457936507936509,0.9459773321029884,0.6229827205143661,"{'C': 22.103678559441246, 'degree': 3, 'a': -1, 'q': 0.32}",43,10,10
ionosphere,custom_alsalam,2,1.7040817001834512,0.013094879919663072,0.9345238095238095,0.9347565488118592,0.622982720514366,"{'C': 14.885657456358848, 'degree': 4, 'a': -1, 'q': 0.16}",44,10,10
ionosphere,custom_alsalam,3,1.7796048000454903,0.01196229993365705,0.9486507936507937,0.948902843583101,0.5948061080972474,"{'C': 11.246977118703663, 'degree': 2, 'a': -1, 'q': 0.48000000000000004}",45,10,10
ionosphere,custom_alsalam,4,1.6988450000062585,0.011934470059350133,0.9401587301587302,0.9407474479783502,0.5875296363271048,"{'C': 30.75461872064403, 'degree': 2, 'a': -1, 'q': 0.49}",46,10,10
ionosphere,custom_alsalam,5,1.858566400129348,0.013413059990853071,0.9318253968253968,0.9326818713164153,0.6049417319670484,"{'C': 12.712329991335293, 'degree': 5, 'a': -1, 'q': 0.01}",47,10,10
ionosphere,custom_alsalam,6,1.7502015000209212,0.01252648001536727,0.9542857142857143,0.954423737492937,0.6046232670283304,"{'C': 18.713590155279643, 'degree': 3, 'a': -1, 'q': 0.14}",48,10,10
ionosphere,custom_alsalam,7,1.853459700010717,0.01211602003313601,0.9400793650793652,0.9377432985507674,0.562195097448262,"{'C': 25.193648320991734, 'degree': 2, 'a': -1, 'q': 0.08}",49,10,10
ionosphere,custom_alsalam,8,1.750758900307119,0.012462480133399368,0.9515079365079364,0.951560302491535,0.6242485432991762,"{'C': 31.001624859184517, 'degree': 3, 'a': -1, 'q': 0.35000000000000003}",50,10,10
ionosphere,custom_alsalam,9,1.6369592999108136,0.012511639902368189,0.9516666666666665,0.9518214543859445,0.6217148884870405,"{'C': 86.94918649987437, 'degree': 3, 'a': -1, 'q': 0.31}",51,10,10
breast,linear,0,0.8895828002132475,0.006745239952579141,0.9692668371696506,0.9691981154979358,0.07450756071078626,{'C': 59.86624976121946},42,10,10
breast,linear,1,0.8062221999280155,0.003983519971370697,0.9648337595907929,0.9649246042107267,0.07401975583273748,{'C': 11.506341584411505},43,10,10
breast,linear,2,0.8696141997352242,0.005689939903095365,0.9692881500426257,0.9693342377280498,0.07287969068615768,{'C': 40.90785191348},44,10,10
breast,linear,3,0.8101087003014982,0.008237270032986998,0.9677109974424554,0.9677450250297234,0.07434681284923599,{'C': 98.90116233604654},45,10,10
breast,linear,4,0.8976123998872936,0.005870299926027655,0.9678175618073315,0.9678527642877895,0.07369428775720982,{'C': 44.08727947577701},46,10,10
breast,linear,5,0.9254509997554123,0.008027210040017963,0.963469735720375,0.9635913082961254,0.07271602976616084,{'C': 97.44833496055122},47,10,10
breast,linear,6,0.8213961003348231,0.003019440034404397,0.967774936061381,0.9678417160650248,0.07646036916395223,{'C': 1.7500096028443315},48,10,10
breast,linear,7,0.9046073998324573,0.004817389929667115,0.9678175618073317,0.9678270619684156,0.07288101480363336,{'C': 30.0971446211356},49,10,10
breast,linear,8,0.8666048999875784,0.0060281801037490364,0.9648337595907929,0.9647836590192597,0.07288127962712851,{'C': 49.4606699521566},50,10,10
breast,linear,9,0.8223772002384067,0.003339219931513071,0.9663043478260871,0.9663480409120864,0.07369455258070497,{'C': 4.472173508112401},51,10,10
breast,poly,0,1.0467048999853432,0.0038425100035965444,0.9677962489343563,0.9677349100866772,0.0732062180556659,"{'C': 59.86624976121946, 'degree': 1, 'gamma': 0.6371656669645575}",42,10,10
breast,poly,1,1.3455715999007225,0.0035810399800539016,0.9648337595907929,0.9649246042107267,0.07515902650883188,"{'C': 25.44285816486207, 'degree': 1, 'gamma': 3.468678178582751}",43,10,10
breast,poly,2,1.329854200128466,0.0038214600645005703,0.9693094629156009,0.9694095529504428,0.07287942586266254,"{'C': 42.76572445463983, 'degree': 1, 'gamma': 0.8838158075525571}",44,10,10
breast,poly,3,1.2972166002728045,0.0025759301148355006,0.9677109974424554,0.9677796871649363,0.08248033685548582,"{'C': 4.853151568643681, 'degree': 1, 'gamma': 0.4776161161246224}",45,10,10
breast,poly,4,1.2285679997876287,0.0035909599624574184,0.9663469735720376,0.9663887303983717,0.07434522390826513,"{'C': 32.367259024240155, 'degree': 1, 'gamma': 3.211524249181703}",46,10,10
breast,poly,5,1.2197368000634015,0.003221450001001358,0.9678388746803069,0.9680038612015925,0.0844286433092344,"{'C': 9.873496758926203, 'degree': 2, 'gamma': 2.569034341275915}",47,10,10
breast,poly,6,1.3943604999221861,0.0026783600449562074,0.967774936061381,0.9678417160650248,0.0844312915441858,"{'C': 3.711994388168878, 'degree': 1, 'gamma': 0.8660498050857349}",48,10,10
breast,poly,7,1.224011399783194,0.0036796499509364365,0.9590366581415175,0.9588610852697108,0.08377956092264506,"{'C': 25.193648320991734, 'degree': 2, 'gamma': 0.3186272691803812}",49,10,10
breast,poly,8,1.2125491998158395,0.002995000081136823,0.9721653878942881,0.9722563023594436,0.08280474563703291,"{'C': 5.641107515510172, 'degree': 2, 'gamma': 3.7048899841838416}",50,10,10
breast,poly,9,1.0319151999428868,0.002902339957654476,0.9692242114237001,0.9693067320759787,0.08199094303646622,"{'C': 4.77353057385992, 'degree': 2, 'gamma': 1.1798663823605715}",51,10,10
breast,rbf,0,0.9618501998484135,0.006322249863296747,0.964855072463768,0.9652201169287583,0.44590847700007946,"{'C': 60.11190005930913, 'gamma': 2.8368516771561185}",42,10,10
breast,rbf,1,0.9589066999033093,0.00646819993853569,0.9633418584825233,0.9637382551300192,0.4480246815497472,"{'C': 2.9023534286116157, 'gamma': 2.9391533679917523}",43,10,10
breast,rbf,2,0.9604059001430869,0.00643071997910738,0.964919011082694,0.9652989647302206,0.4338706602049734,"{'C': 35.93172446996938, 'gamma': 2.443059172775448}",44,10,10
breast,rbf,3,0.9499802999198437,0.006058119935914874,0.9648124467178176,0.9650134940857187,0.3123489844018962,"{'C': 44.05364834656567, 'gamma': 1.1698479963169404}",45,10,10
breast,rbf,4,0.9592554001137614,0.006390570057556033,0.9633631713554986,0.9637170260653892,0.43777336405285877,"{'C': 78.38345124822426, 'gamma': 2.545040547553847}",46,10,10
breast,rbf,5,0.951625999994576,0.006220620078966022,0.9634271099744245,0.9637346675618744,0.35139217711395354,"{'C': 72.87373461547712, 'gamma': 1.4160045391037324}",47,10,10
breast,rbf,6,0.94889170024544,0.006390310032293201,0.9619565217391303,0.9623012907817072,0.39645507269404945,"{'C': 86.47117395863914, 'gamma': 1.798683143977155}",48,10,10
breast,rbf,7,0.9453700999729335,0.006438979972153902,0.9633418584825233,0.9637030997551257,0.40865469664468623,"{'C': 72.1653240061406, 'gamma': 2.0029529566657467}",49,10,10
breast,rbf,8,0.9806881998665631,0.006594030093401671,0.9663043478260868,0.9666929144815238,0.42150711051084455,"{'C': 90.91793462081102, 'gamma': 2.246704085142842}",50,10,10
breast,rbf,9,0.9662524997256696,0.006580359814688563,0.963384484228474,0.9637768583599012,0.4392378379809857,"{'C': 34.33102395058668, 'gamma': 2.5816410998446386}",51,10,10
breast,custom_hermite,0,4.04830259969458,0.03215569998137653,0.9721867007672635,0.9721799822854633,0.15584968618415826,"{'C': 83.24443163740138, 'degree': 2}",42,10,10
breast,custom_hermite,1,4.02227140031755,0.03233740986324847,0.9721653878942883,0.9722284510301524,0.22319880299780198,"{'C': 7.667193336944729, 'degree': 6}",43,10,10
breast,custom_hermite,2,4.003372400067747,0.0320475799497217,0.9751065643648763,0.975096654850786,0.1600778581075713,"{'C': 64.64140982977695, 'degree': 2}",44,10,10
breast,custom_hermite,3,4.010528000071645,0.03218399998731911,0.9735933503836316,0.9736052396023682,0.21360106988692035,"{'C': 11.595955199082946, 'degree': 4}",45,10,10
breast,custom_hermite,4,4.030118599999696,0.032846909994259474,0.9736572890025574,0.973669495060873,0.1524313445088848,"{'C': 86.70827247968342, 'degree': 2}",46,10,10
breast,custom_hermite,5,4.18518939986825,0.03597629005089402,0.9708013640238704,0.9708204508598023,0.19668043748841396,"{'C': 11.349733700893058, 'degree': 6}",47,10,10
breast,custom_hermite,6,3.989803200121969,0.03416253007017076,0.9736146632566071,0.9736376503375828,0.1551992796800932,"{'C': 79.20363403128228, 'degree': 2}",48,10,10
breast,custom_hermite,7,4.027320600114763,0.032682930072769525,0.9721867007672633,0.9721526787221577,0.14738672174995365,"{'C': 96.21679197288353, 'degree': 1}",49,10,10
breast,custom_hermite,8,4.03472839994356,0.03409411995671689,0.9736146632566068,0.9736314426317259,0.18025131749688833,"{'C': 25.548136901797378, 'degree': 3}",50,10,10
breast,custom_hermite,9,4.011913399677724,0.03386488002724945,0.9736572890025575,0.9736813190509281,0.16788723815576917,"{'C': 34.33102395058668, 'degree': 4}",51,10,10
breast,custom_gegen,0,8.652718599885702,0.04642435000278056,0.9707587382779199,0.9707609863093237,0.09223987712189827,"{'C': 45.607542351719374, 'degree': 5, 'alpha': -0.09264917350486412}",42,10,10
breast,custom_gegen,1,8.605802699923515,0.04701312007382512,0.9692455242966751,0.9693342971089087,0.08524509414475252,"{'C': 89.70996089957345, 'degree': 2, 'alpha': 0.031986596966799064}",43,10,10
breast,custom_gegen,2,9.871578400023282,0.04726679008454084,0.9678388746803069,0.9679150886588206,0.0819896189189905,"{'C': 42.76572445463983, 'degree': 1, 'alpha': -0.05638125000041694}",44,10,10
breast,custom_gegen,3,8.639017700217664,0.046770719904452564,0.9721227621483376,0.9721471650301801,0.11696830062763168,"{'C': 7.455003975369499, 'degree': 6, 'alpha': -0.04245679680117881}",45,10,10
breast,custom_gegen,4,8.06186190014705,0.04674427006393671,0.976619778346121,0.9766741466148847,0.20172479542385,"{'C': 78.38345124822426, 'degree': 4, 'alpha': 0.00559575211634028}",46,10,10
breast,custom_gegen,5,9.87561220023781,0.046304839989170433,0.9546462063086103,0.9546853047562573,0.12087073965202193,"{'C': 12.712329991335293, 'degree': 5, 'alpha': -0.47957646815918376}",47,10,10
breast,custom_gegen,6,6.872461199760437,0.044679610058665276,0.9736359761295821,0.9737066418557122,0.12136013347104155,"{'C': 1.7500096028443315, 'degree': 6, 'alpha': 0.0768737232730975}",48,10,10
breast,custom_gegen,7,10.48545840010047,0.048826150177046654,0.9501918158567774,0.950235749629536,0.11355101824633881,"{'C': 22.91459130306838, 'degree': 6, 'alpha': -0.37275251226410955}",49,10,10
breast,custom_gegen,8,9.871377800125629,0.04702766998670995,0.9706947996589939,0.9707618380678212,0.11306347819178517,"{'C': 49.4606699521566, 'degree': 2, 'alpha': 0.01839310827685059}",50,10,10
breast,custom_gegen,9,8.518614300061017,0.043672640109434724,0.9692242114236997,0.9692779586300931,0.0834554169645931,"{'C': 48.78009133549274, 'degree': 2, 'alpha': -0.05581670324541077}",51,10,10
breast,custom_alsalam,0,2.1279408000409603,0.015640659909695386,0.9648550724637681,0.9649779448975139,0.26305606313392127,"{'C': 5.809303133207778, 'degree': 6, 'a': -1, 'q': 0.6}",42,10,10
breast,custom_alsalam,1,2.083751699887216,0.01602949998341501,0.9589727195225916,0.9592217715707833,0.1891989089272,"{'C': 11.506341584411505, 'degree': 4, 'a': -1, 'q': 0.14}",43,10,10
breast,custom_alsalam,2,2.1654529999941587,0.017613650113344193,0.9634057971014492,0.9635639513186849,0.2414173353459919,"{'C': 71.01508918471401, 'degree': 6, 'a': -1, 'q': 0.46}",44,10,10
breast,custom_alsalam,3,2.1909276000224054,0.016651070071384312,0.9648124467178176,0.9649110989680109,0.26744736633034083,"{'C': 62.73954087875989, 'degree': 6, 'a': -1, 'q': 0.65}",45,10,10
breast,custom_alsalam,4,2.1157104996964335,0.01645027999766171,0.964855072463768,0.965041111107056,0.2297041921559281,"{'C': 26.24225722762328, 'degree': 6, 'a': -1, 'q': 0.4}",46,10,10
breast,custom_alsalam,5,2.102193500380963,0.014659860031679272,0.972229326513214,0.9722798224683785,0.3704231879452345,"{'C': 9.873496758926203, 'degree': 2, 'a': -1, 'q': 0.64}",47,10,10
breast,custom_alsalam,6,2.1293565002270043,0.015294199995696544,0.9648550724637681,0.9650008370041274,0.23963004157728873,"{'C': 44.49646271214178, 'degree': 5, 'a': -1, 'q': 0.46}",48,10,10
breast,custom_alsalam,7,2.1385526000522077,0.015408350061625243,0.9618925831202045,0.9620310550690709,0.24532374672280924,"{'C': 89.62311386559638, 'degree': 5, 'a': -1, 'q': 0.5}",49,10,10
breast,custom_alsalam,8,2.136791500262916,0.01603202000260353,0.9604859335038363,0.9606305272693033,0.22645374857657372,"{'C': 67.45763200916058, 'degree': 3, 'a': -1, 'q': 0.51}",50,10,10
breast,custom_alsalam,9,2.093608600087464,0.01663559996522963,0.9633631713554986,0.9635117367834187,0.23458594846534786,"{'C': 15.76785920720762, 'degree': 3, 'a': -1, 'q': 0.59}",51,10,10
australian,linear,0,2.8215202996507287,0.026670869998633863,0.855072463768116,0.8552445773502406,0.38405797101449274,{'C': 95.07147992668521},42,10,10
australian,linear,1,2.6685402002185583,0.02447820999659598,0.8550724637681159,0.8553058487978294,0.3695652173913043,{'C': 60.907044861408856},43,10,10
australian,linear,2,2.792541400063783,0.025624249968677758,0.8492753623188405,0.8495262598367738,0.3837359098228664,{'C': 83.48438002441628},44,10,10
australian,linear,3,2.699123500380665,0.026032690005376936,0.855072463768116,0.8553148311912203,0.3826086956521739,{'C': 98.90116233604654},45,10,10
australian,linear,4,2.8226123000495136,0.025608110008761287,0.8565217391304347,0.8566223746666791,0.37745571658615135,{'C': 78.38345124822426},46,10,10
australian,linear,5,2.761840300168842,0.020428409986197948,0.8536231884057971,0.8536901966938499,0.361352657004831,{'C': 24.665691528082416},47,10,10
australian,linear,6,2.7211227999068797,0.02644421998411417,0.8565217391304347,0.8566286083785626,0.37971014492753624,{'C': 89.15743514475867},48,10,10
australian,linear,7,2.8336066999472678,0.02445801002904773,0.855072463768116,0.8552438262097308,0.3761674718196457,{'C': 68.32799272073872},49,10,10
australian,linear,8,2.8415402001701295,0.026843780046328904,0.855072463768116,0.8550855356349698,0.38888888888888884,{'C': 99.65742644123478},50,10,10
australian,linear,9,2.7407566998153925,0.024717479990795255,0.8507246376811594,0.8508598767956222,0.37793880837359095,{'C': 67.57346581893972},51,10,10
australian,poly,0,1.9750220999121666,0.007523769978433847,0.8594202898550725,0.8593375960025842,0.31481481481481477,"{'C': 18.341267580833527, 'degree': 2, 'gamma': 2.106451407284698}",42,10,10
australian,poly,1,2.2974032000638545,0.008217509975656867,0.8594202898550725,0.8593580703519169,0.31223832528180356,"{'C': 24.059721406914914, 'degree': 2, 'gamma': 3.438750940498319}",43,10,10
australian,poly,2,2.4282237999141216,0.011822089878842234,0.8507246376811594,0.8507591454159644,0.3001610305958132,"{'C': 64.64140982977695, 'degree': 2, 'gamma': 2.553002555011625}",44,10,10
australian,poly,3,2.1824207003228366,0.005820889910683036,0.8579710144927535,0.858244171635819,0.31545893719806767,"{'C': 11.246977118703663, 'degree': 2, 'gamma': 1.9223568388864396}",45,10,10
australian,poly,4,2.3228189004585147,0.009308369969949127,0.8608695652173914,0.860242586207432,0.3091787439613527,"{'C': 30.75461872064403, 'degree': 2, 'gamma': 1.984005958930137}",46,10,10
australian,poly,5,2.1408554003573954,0.006011600000783801,0.8608695652173914,0.8608768442690197,0.3209339774557166,"{'C': 9.873496758926203, 'degree': 2, 'gamma': 2.569034341275915}",47,10,10
australian,poly,6,2.4522289000451565,0.012706340011209249,0.855072463768116,0.8552178357834483,0.31674718196457335,"{'C': 35.71784231100412, 'degree': 1, 'gamma': 0.5809964763486839}",48,10,10
australian,poly,7,2.305543599650264,0.008911120053380728,0.855072463768116,0.8548809968199118,0.3082125603864735,"{'C': 30.0971446211356, 'degree': 2, 'gamma': 3.706491553751403}",49,10,10
australian,poly,8,2.197134300135076,0.004956199880689382,0.8579710144927537,0.857975969353966,0.31948470209339774,"{'C': 5.641107515510172, 'degree': 2, 'gamma': 3.7048899841838416}",50,10,10
australian,poly,9,2.0030815000645816,0.012029210012406111,0.8637681159420291,0.8632767393060355,0.30241545893719807,"{'C': 64.40232868225607, 'degree': 2, 'gamma': 3.7981428233711143}",51,10,10
australian,rbf,0,1.3081209999509156,0.00851976005360484,0.8217391304347826,0.8206959462802242,0.49597423510467,"{'C': 15.602708025603208, 'gamma': 0.6371656669645575}",42,10,10
australian,rbf,1,1.3468174999579787,0.0087075000628829,0.8492753623188406,0.8492017823221634,0.3711755233494364,"{'C': 25.44285816486207, 'gamma': 0.24227591946943294}",43,10,10
australian,rbf,2,1.4104132000356913,0.008864330034703017,0.7985507246376812,0.7982311150001762,0.41046698872785836,"{'C': 42.76572445463983, 'gamma': 0.46770693414988207}",44,10,10
australian,rbf,3,1.3184223999269307,0.007948529999703169,0.8420289855072465,0.8420153945754578,0.5276972624798713,"{'C': 4.853151568643681, 'gamma': 0.6663708483298129}",45,10,10
australian,rbf,4,1.3034441000781953,0.008689639903604985,0.8246376811594203,0.8239238418716933,0.7228663446054748,"{'C': 4.287501969778039, 'gamma': 1.7722052636656271}",46,10,10
australian,rbf,5,1.3126900997012854,0.009229430090636015,0.844927536231884,0.8449578422258893,0.344927536231884,"{'C': 25.599987137364938, 'gamma': 0.11129523917292246}",47,10,10
australian,rbf,6,1.2947145998477936,0.008225830039009452,0.8246376811594203,0.8244501464911954,0.4829307568438003,"{'C': 11.232090227245585, 'gamma': 0.5809964763486839}",48,10,10
australian,rbf,7,1.3487821999005973,0.010298170056194067,0.8217391304347826,0.8214837016191293,0.3592592592592593,"{'C': 96.21679197288353, 'gamma': 0.2503777431897933}",49,10,10
australian,rbf,8,1.3468129998072982,0.009513370087370276,0.8028985507246377,0.8018641106201378,0.6608695652173914,"{'C': 25.548136901797378, 'gamma': 1.5947519840516893}",50,10,10
australian,rbf,9,1.3285643002018332,0.00937788006849587,0.8507246376811596,0.8506004315762002,0.35990338164251207,"{'C': 41.02538836217453, 'gamma': 0.20578241662639743}",51,10,10
australian,custom_hermite,0,6.663675600197166,0.05413832999765873,0.844927536231884,0.8441248762087741,0.559098228663446,"{'C': 73.1996621871987, 'degree': 4}",42,10,10
australian,custom_hermite,1,6.665073799900711,0.057444030046463014,0.8536231884057971,0.8527143710569474,0.5752012882447665,"{'C': 32.71457844205816, 'degree': 6}",43,10,10
australian,custom_hermite,2,6.5889141000807285,0.05593480989336967,0.8521739130434783,0.8520655123061782,0.5397745571658614,"{'C': 96.05266199434153, 'degree': 3}",44,10,10
australian,custom_hermite,3,6.4783013998530805,0.05082005001604557,0.8536231884057971,0.8534806833457509,0.5346215780998389,"{'C': 99.07217775409525, 'degree': 3}",45,10,10
australian,custom_hermite,4,6.6214081002399325,0.05769394002854824,0.8521739130434783,0.8516383532398178,0.5484702093397745,"{'C': 78.38345124822426, 'degree': 4}",46,10,10
australian,custom_hermite,5,6.582611300051212,0.055301470076665284,0.8492753623188406,0.848849848430729,0.5251207729468599,"{'C': 70.76080622076984, 'degree': 5}",47,10,10
australian,custom_hermite,6,6.527927399612963,0.05267863995395601,0.8536231884057971,0.8534813604656757,0.5531400966183575,"{'C': 86.47117395863914, 'degree': 3}",48,10,10
australian,custom_hermite,7,6.601306499913335,0.05481354994699359,0.855072463768116,0.8548864030132786,0.46908212560386475,"{'C': 92.6335871707825, 'degree': 6}",49,10,10
australian,custom_hermite,8,6.745303200092167,0.05673672002740204,0.8507246376811594,0.8501890077375268,0.5571658615136876,"{'C': 37.73213245401471, 'degree': 6}",50,10,10
australian,custom_hermite,9,6.531251899898052,0.05445090001448989,0.844927536231884,0.8422227453512571,0.6676328502415461,"{'C': 34.33102395058668, 'degree': 4}",51,10,10
australian,custom_gegen,0,16.338972500059754,0.09379048994742334,0.8579710144927537,0.8573446487190939,0.3251207729468599,"{'C': 45.607542351719374, 'degree': 5, 'alpha': -0.09264917350486412}",42,10,10
australian,custom_gegen,1,16.352848299778998,0.09198210001923143,0.8536231884057971,0.8538723451322937,0.32302737520128827,"{'C': 89.70996089957345, 'degree': 2, 'alpha': 0.031986596966799064}",43,10,10
australian,custom_gegen,2,18.234775200020522,0.09034658009186387,0.8492753623188405,0.8495262598367738,0.32302737520128827,"{'C': 42.76572445463983, 'degree': 1, 'alpha': -0.05638125000041694}",44,10,10
australian,custom_gegen,3,16.497474799863994,0.09256830993108452,0.855072463768116,0.8553148311912203,0.3494363929146537,"{'C': 7.455003975369499, 'degree': 6, 'alpha': -0.04245679680117881}",45,10,10
australian,custom_gegen,4,15.346191499847919,0.0890277000144124,0.855072463768116,0.8551822776205645,0.45330112721417076,"{'C': 78.38345124822426, 'degree': 4, 'alpha': 0.00559575211634028}",46,10,10
australian,custom_gegen,5,18.515812099911273,0.0967620700597763,0.8304347826086957,0.8301028116258836,0.34202898550724636,"{'C': 93.52364450917413, 'degree': 4, 'alpha': -0.1365519894643772}",47,10,10
australian,custom_gegen,6,13.363994699902833,0.09172741998918355,0.855072463768116,0.8552178357834483,0.36086956521739133,"{'C': 1.7500096028443315, 'degree': 6, 'alpha': 0.0768737232730975}",48,10,10
australian,custom_gegen,7,19.54559369990602,0.0951232701074332,0.7855072463768117,0.7851610668058147,0.366988727858293,"{'C': 22.91459130306838, 'degree': 6, 'alpha': -0.37275251226410955}",49,10,10
australian,custom_gegen,8,18.32838540012017,0.09012565002776682,0.855072463768116,0.8550855356349698,0.3576489533011273,"{'C': 49.4606699521566, 'degree': 2, 'alpha': 0.01839310827685059}",50,10,10
australian,custom_gegen,9,16.19536910019815,0.09306256002746523,0.8536231884057972,0.8537356863310425,0.32270531400966185,"{'C': 48.78009133549274, 'degree': 2, 'alpha': -0.05581670324541077}",51,10,10
australian,custom_alsalam,0,3.869019899982959,0.025475569954141974,0.8434782608695652,0.8416081803386481,0.5561996779388083,"{'C': 43.19506991919293, 'degree': 2, 'a': -1, 'q': 0.61}",42,10,10
australian,custom_alsalam,1,3.7972248001024127,0.030716879945248365,0.7985507246376812,0.7980730608374379,0.48969404186795484,"{'C': 44.576390325611044, 'degree': 5, 'a': -1, 'q': 0.09}",43,10,10
australian,custom_alsalam,2,3.6697704000398517,0.02408741000108421,0.846376811594203,0.8453205980651072,0.5753623188405796,"{'C': 36.05072312479231, 'degree': 3, 'a': -1, 'q': 0.61}",44,10,10
australian,custom_alsalam,3,3.739653200376779,0.026369029982015492,0.844927536231884,0.8438190592682338,0.5584541062801932,"{'C': 99.07217775409525, 'degree': 3, 'a': -1, 'q': 0.62}",45,10,10
australian,custom_alsalam,4,3.8446737001650035,0.030940059944987296,0.7971014492753623,0.7968427625312234,0.4908212560386474,"{'C': 26.24225722762328, 'degree': 6, 'a': -1, 'q': 0.4}",46,10,10
australian,custom_alsalam,5,3.6488197003491223,0.027540379855781793,0.8014492753623189,0.801204118427423,0.5072463768115941,"{'C': 85.67920399582866, 'degree': 5, 'a': -1, 'q': 0.55}",47,10,10
australian,custom_alsalam,6,4.048798800446093,0.025848340010270476,0.8347826086956521,0.8341255137794323,0.5446054750402576,"{'C': 54.52338114221105, 'degree': 4, 'a': -1, 'q': 0.59}",48,10,10
australian,custom_alsalam,7,3.6634698999114335,0.026364689925685525,0.846376811594203,0.8453830524934322,0.5508856682769726,"{'C': 70.76117850962414, 'degree': 6, 'a': -1, 'q': 0.61}",49,10,10
australian,custom_alsalam,8,3.7450768002308905,0.029461729992181062,0.817391304347826,0.8165506900429798,0.5318840579710143,"{'C': 52.41082616290873, 'degree': 6, 'a': -1, 'q': 0.5700000000000001}",50,10,10
australian,custom_alsalam,9,3.815909399650991,0.0260247100610286,0.8362318840579711,0.8348775592682005,0.5529790660225442,"{'C': 15.76785920720762, 'degree': 3, 'a': -1, 'q': 0.59}",51,10,10
german,linear,0,5.0165992002002895,0.03168057003058493,0.766,0.7570349288720581,0.5443333333333334,{'C': 5.809303133207778},42,10,10
german,linear,1,5.004528499674052,0.043779969913885,0.774,0.763488650036795,0.6114444444444445,{'C': 11.506341584411505},43,10,10
german,linear,2,5.373409899882972,0.04167693997733295,0.759,0.7494405276309888,0.5973333333333334,{'C': 10.480505640882603},44,10,10
german,linear,3,4.859755599871278,0.029024649970233442,0.768,0.7576461004477861,0.539,{'C': 4.853151568643681},45,10,10
german,linear,4,4.915354700293392,0.027008410030975937,0.7629999999999999,0.7516448486617165,0.538111111111111,{'C': 4.287501969778039},46,10,10
german,linear,5,5.190855400171131,0.041615469940006734,0.752,0.7408580972219276,0.6101111111111112,{'C': 11.349733700893058},47,10,10
german,linear,6,4.739399299956858,0.018005190091207622,0.7729999999999999,0.7623428478275989,0.5346666666666666,{'C': 1.7500096028443315},48,10,10
german,linear,7,5.296284100040793,0.04503741995431483,0.722,0.7185668214101373,0.8402222222222221,{'C': 24.70693613434948},49,10,10
german,linear,8,5.273557600099593,0.04489410002715886,0.724,0.7185909826682841,0.8455555555555556,{'C': 25.548136901797378},50,10,10
german,linear,9,4.9046069998294115,0.027922690007835628,0.766,0.7562368523214527,0.5383333333333333,{'C': 4.472173508112401},51,10,10
german,poly,0,4.285091499798,0.02333794003352523,0.771,0.7635034444111782,0.5086666666666667,"{'C': 18.341267580833527, 'degree': 2, 'gamma': 2.106451407284698}",42,10,10
german,poly,1,5.1176674999296665,0.015125270001590252,0.767,0.7557322933266365,0.5341111111111111,"{'C': 25.44285816486207, 'degree': 1, 'gamma': 3.468678178582751}",43,10,10
german,poly,2,5.164519600104541,0.018083659978583456,0.76,0.7494461277844431,0.5332222222222224,"{'C': 42.76572445463983, 'degree': 1, 'gamma': 0.8838158075525571}",44,10,10
german,poly,3,4.74010380031541,0.009213839983567595,0.766,0.753253103121299,0.5452222222222223,"{'C': 4.853151568643681, 'degree': 1, 'gamma': 0.4776161161246224}",45,10,10
german,poly,4,4.595567500218749,0.016498719993978738,0.7619999999999999,0.7508743952156361,0.5344444444444444,"{'C': 32.367259024240155, 'degree': 1, 'gamma': 3.211524249181703}",46,10,10
german,poly,5,4.886162200011313,0.025796239916235208,0.752,0.7457414667297768,0.502,"{'C': 24.665691528082416, 'degree': 2, 'gamma': 0.11129523917292246}",47,10,10
german,poly,6,5.1290378998965025,0.009156850026920437,0.773,0.7582999413599186,0.5511111111111112,"{'C': 3.711994388168878, 'degree': 1, 'gamma': 0.8660498050857349}",48,10,10
german,poly,7,4.94488409999758,0.0252384499181062,0.7510000000000001,0.7436312366757902,0.5005555555555555,"{'C': 25.193648320991734, 'degree': 2, 'gamma': 0.3186272691803812}",49,10,10
german,poly,8,4.831534900236875,0.02216870994307101,0.7660000000000001,0.7556168864173953,0.5344444444444444,"{'C': 66.83408854009923, 'degree': 1, 'gamma': 1.3187439458760737}",50,10,10
german,poly,9,4.145106500014663,0.01241693999618292,0.772,0.7618208777100325,0.5354444444444445,"{'C': 4.77353057385992, 'degree': 2, 'gamma': 1.1798663823605715}",51,10,10
german,rbf,0,2.5560845001600683,0.0191221899818629,0.712,0.6567110408454846,0.9636666666666667,"{'C': 18.183314895742853, 'gamma': 0.7463773439472754}",42,10,10
german,rbf,1,2.5790442996658385,0.020944959996268154,0.7100000000000001,0.6989539800621765,0.7589999999999999,"{'C': 25.44285816486207, 'gamma': 0.24227591946943294}",43,10,10
german,rbf,2,2.5329940002411604,0.019408419961109757,0.7230000000000001,0.6927863837793594,0.8772222222222222,"{'C': 83.48438002441628, 'gamma': 0.43317197834869975}",44,10,10
german,rbf,3,2.528784400317818,0.019764260016381742,0.7110000000000001,0.6926170045871387,0.8253333333333333,"{'C': 28.14544874820433, 'gamma': 0.3235756148467037}",45,10,10
german,rbf,4,2.5523191997781396,0.018489409936591983,0.711,0.6251762807552256,0.9924444444444445,"{'C': 86.70827247968342, 'gamma': 1.3052310290573594}",46,10,10
german,rbf,5,2.570610100403428,0.018191710114479065,0.7070000000000001,0.6233447408490438,0.9930000000000001,"{'C': 64.08592692536476, 'gamma': 1.2994222930893302}",47,10,10
german,rbf,6,2.4797118003480136,0.01801004004664719,0.7140000000000001,0.6341574816890441,0.9904444444444446,"{'C': 28.48683188622436, 'gamma': 1.2068590039380354}",48,10,10
german,rbf,7,2.54043099982664,0.018736169999465348,0.7110000000000001,0.6480950201571438,0.9738888888888889,"{'C': 54.697041058422926, 'gamma': 0.8540324715097701}",49,10,10
german,rbf,8,2.510404400061816,0.018162919953465462,0.715,0.633678610274401,0.9918888888888888,"{'C': 76.05390826420042, 'gamma': 1.25081849866812}",50,10,10
german,rbf,9,2.578699799720198,0.020892780041322112,0.721,0.7089867194080524,0.7652222222222222,"{'C': 44.54160488284843, 'gamma': 0.25578242867619827}",51,10,10
german,custom_hermite,0,23.17250349977985,0.1998638699296862,0.7,0.5764705882352941,0.6165555555555555,"{'C': 37.454637344617396, 'degree': 6}",42,10,10
german,custom_hermite,1,23.22349370038137,0.19691764996387065,0.7,0.5764705882352941,0.5999999999999999,"{'C': 11.506341584411505, 'degree': 4}",43,10,10
german,custom_hermite,2,23.053349600173533,0.19467242998071016,0.7,0.5764705882352941,0.5999999999999999,"{'C': 83.48438002441628, 'degree': 1}",44,10,10
german,custom_hermite,3,23.074171600397676,0.1971076799556613,0.7,0.5764705882352941,0.6035555555555556,"{'C': 98.90116233604654, 'degree': 4}",45,10,10
german,custom_hermite,4,23.423731100279838,0.20089739998802542,0.7,0.5764705882352941,0.6031111111111113,"{'C': 78.38345124822426, 'degree': 4}",46,10,10
german,custom_hermite,5,23.200232099741697,0.20697732004337013,0.7,0.5764705882352941,0.6024444444444444,"{'C': 11.349733700893058, 'degree': 6}",47,10,10
german,custom_hermite,6,23.306717099621892,0.20060938000679016,0.7,0.5764705882352941,0.5999999999999999,"{'C': 1.7500096028443315, 'degree': 6}",48,10,10
german,custom_hermite,7,23.089710499625653,0.19673898997716605,0.7,0.5764705882352941,0.5999999999999999,"{'C': 30.0971446211356, 'degree': 2}",49,10,10
german,custom_hermite,8,23.193427000194788,0.19823808996006848,0.7,0.5764705882352941,0.5999999999999999,"{'C': 49.4606699521566, 'degree': 2}",50,10,10
german,custom_hermite,9,22.765133100096136,0.1953801401425153,0.7,0.5764705882352941,0.5999999999999999,"{'C': 67.57346581893972, 'degree': 1}",51,10,10
german,custom_gegen,0,52.652703300118446,0.32721366998739543,0.732,0.7288289313374469,0.5612222222222223,"{'C': 45.607542351719374, 'degree': 5, 'alpha': -0.09264917350486412}",42,10,10
german,custom_gegen,1,52.1248294999823,0.30568008003756403,0.768,0.7557290852482522,0.542,"{'C': 89.70996089957345, 'degree': 2, 'alpha': 0.031986596966799064}",43,10,10
german,custom_gegen,2,58.01605480024591,0.30756634012795986,0.759,0.746256239727275,0.5442222222222223,"{'C': 42.76572445463983, 'degree': 1, 'alpha': -0.05638125000041694}",44,10,10
german,custom_gegen,3,52.37218349985778,0.30593364010564983,0.763,0.7467246194040501,0.5692222222222222,"{'C': 7.455003975369499, 'degree': 6, 'alpha': -0.04245679680117881}",45,10,10
german,custom_gegen,4,49.132232800126076,0.3096867599990219,0.721,0.6950599913724084,0.8886666666666667,"{'C': 26.24225722762328, 'degree': 6, 'alpha': 0.29633924272509005}",46,10,10
german,custom_gegen,5,58.49655060004443,0.3113023199606687,0.7020000000000001,0.678741843517266,0.8493333333333334,"{'C': 24.665691528082416, 'degree': 2, 'alpha': -0.4422174052507317}",47,10,10
german,custom_gegen,6,42.73150059999898,0.30442274999804797,0.759,0.7454460658490996,0.5794444444444443,"{'C': 1.7500096028443315, 'degree': 6, 'alpha': 0.0768737232730975}",48,10,10
german,custom_gegen,7,61.43479900015518,0.3186669800430536,0.709,0.68830403194648,0.8354444444444444,"{'C': 22.91459130306838, 'degree': 6, 'alpha': -0.37275251226410955}",49,10,10
german,custom_gegen,8,58.28545150021091,0.3016608901321888,0.769,0.7539797637364938,0.5645555555555555,"{'C': 49.4606699521566, 'degree': 2, 'alpha': 0.01839310827685059}",50,10,10
german,custom_gegen,9,52.19260920025408,0.3041869100183249,0.762,0.7506227272546085,0.5622222222222222,"{'C': 4.77353057385992, 'degree': 2, 'alpha': 0.09148149983310738}",51,10,10
german,custom_alsalam,0,11.599999899975955,0.09833064996637404,0.719,0.658218150450037,0.9722222222222221,"{'C': 45.607542351719374, 'degree': 5, 'a': -1, 'q': 0.2}",42,10,10
german,custom_alsalam,1,11.341267700307071,0.09525095005519688,0.7150000000000001,0.6565412422422543,0.9716666666666669,"{'C': 22.103678559441246, 'degree': 3, 'a': -1, 'q': 0.32}",43,10,10
german,custom_alsalam,2,11.332801300100982,0.0966874599456787,0.718,0.6583797492382433,0.9655555555555555,"{'C': 39.37856132927404, 'degree': 3, 'a': -1, 'q': 0.51}",44,10,10
german,custom_alsalam,3,11.535640300251544,0.0963321499992162,0.71,0.6603925602587608,0.9451111111111112,"{'C': 44.05364834656567, 'degree': 2, 'a': -1, 'q': 0.51}",45,10,10
german,custom_alsalam,4,11.377091499976814,0.0960077500436455,0.711,0.6478412784829518,0.9681111111111111,"{'C': 45.50093688875895, 'degree': 4, 'a': -1, 'q': 0.09}",46,10,10
german,custom_alsalam,5,11.407414099667221,0.0981778500135988,0.709,0.6485625684023493,0.9706666666666667,"{'C': 93.52364450917413, 'degree': 4, 'a': -1, 'q': 0.18000000000000002}",47,10,10
german,custom_alsalam,6,11.706552799791098,0.09677225006744265,0.715,0.6585839131708731,0.9681111111111111,"{'C': 18.713590155279643, 'degree': 3, 'a': -1, 'q': 0.14}",48,10,10
german,custom_alsalam,7,11.376009600237012,0.09506384995765985,0.714,0.6423437581591481,0.9594444444444445,"{'C': 89.16045222433813, 'degree': 5, 'a': -1, 'q': 0.5700000000000001}",49,10,10
german,custom_alsalam,8,11.59640539996326,0.09736665999516844,0.717,0.6659622903579111,0.9467777777777778,"{'C': 49.4606699521566, 'degree': 2, 'a': -1, 'q': 0.26}",50,10,10
german,custom_alsalam,9,11.308013599831611,0.09667657013051212,0.7190000000000001,0.6595986799863139,0.9725555555555555,"{'C': 86.94918649987437, 'degree': 3, 'a': -1, 'q': 0.31}",51,10,10
heart,linear,0,0.9591552000492811,0.009187329886481166,0.837037037037037,0.8355736171471199,0.39753086419753086,{'C': 95.07147992668521},42,10,10
heart,linear,1,0.8798604998737574,0.007594130001962185,0.8296296296296296,0.8273470057660874,0.3806584362139918,{'C': 60.907044861408856},43,10,10
heart,linear,2,0.9879592997021973,0.008692719973623753,0.8444444444444444,0.8433470570375103,0.39218106995884777,{'C': 83.48438002441628},44,10,10
heart,linear,3,0.8761587999761105,0.009601160045713186,0.837037037037037,0.8355929903547269,0.4061728395061729,{'C': 98.90116233604654},45,10,10
heart,linear,4,0.9171530003659427,0.0026408601086586716,0.8481481481481481,0.8473708460786131,0.36502057613168726,{'C': 4.287501969778039},46,10,10
heart,linear,5,0.9488582001067698,0.0040122299455106255,0.8333333333333333,0.8321857529306108,0.36213991769547327,{'C': 11.349733700893058},47,10,10
heart,linear,6,0.9263967997394502,0.008808230003342032,0.8333333333333334,0.8310242918180482,0.397119341563786,{'C': 89.15743514475867},48,10,10
heart,linear,7,0.998072599992156,0.0077840599697083235,0.8333333333333334,0.8315967685548976,0.3777777777777777,{'C': 68.32799272073872},49,10,10
heart,linear,8,0.9336186000145972,0.006169210001826286,0.837037037037037,0.8349832927932045,0.3691358024691358,{'C': 37.73213245401471},50,10,10
heart,linear,9,0.8881407999433577,0.005474689928814769,0.8444444444444444,0.8435214060652351,0.36995884773662546,{'C': 28.42201566103021},51,10,10
heart,poly,0,0.5735202999785542,0.002772439969703555,0.8333333333333334,0.831333855987698,0.36131687242798355,"{'C': 59.86624976121946, 'degree': 1, 'gamma': 0.6371656669645575}",42,10,10
heart,poly,1,0.639951900113374,0.0018070699647068978,0.825925925925926,0.8241837355851415,0.3716049382716049,"{'C': 25.44285816486207, 'degree': 1, 'gamma': 3.468678178582751}",43,10,10
heart,poly,2,0.6280030002817512,0.0023738099727779625,0.837037037037037,0.835573207505185,0.3658436213991769,"{'C': 42.76572445463983, 'degree': 1, 'gamma': 0.8838158075525571}",44,10,10
heart,poly,3,0.5831484999507666,0.0012925300281494856,0.8407407407407407,0.8390727037575795,0.4008230452674898,"{'C': 4.853151568643681, 'degree': 1, 'gamma': 0.4776161161246224}",45,10,10
heart,poly,4,0.6004536002874374,0.0021395499818027018,0.8481481481481481,0.8473708460786131,0.36790123456790125,"{'C': 32.367259024240155, 'degree': 1, 'gamma': 3.211524249181703}",46,10,10
heart,poly,5,0.6237637000158429,0.005091890087351203,0.7925925925925925,0.7924128904301317,0.36543209876543215,"{'C': 64.55653988897474, 'degree': 3, 'gamma': 2.828717310540896}",47,10,10
heart,poly,6,0.631231099832803,0.0012467400636523962,0.837037037037037,0.8348404063063588,0.4049382716049382,"{'C': 3.711994388168878, 'degree': 1, 'gamma': 0.8660498050857349}",48,10,10
heart,poly,7,0.6249392000027001,0.0026838799938559534,0.8,0.7977889264424106,0.3823045267489712,"{'C': 25.193648320991734, 'degree': 2, 'gamma': 0.3186272691803812}",49,10,10
heart,poly,8,0.6137533998116851,0.0028063299600034953,0.837037037037037,0.8349627115226232,0.36090534979423866,"{'C': 66.83408854009923, 'degree': 1, 'gamma': 1.3187439458760737}",50,10,10
heart,poly,9,0.5929609001614153,0.0021773299667984247,0.8444444444444444,0.843146952587696,0.36502057613168726,"{'C': 44.54160488284843, 'degree': 1, 'gamma': 3.0223873424901875}",51,10,10
heart,rbf,0,0.42588779982179403,0.0020500801037997007,0.7814814814814814,0.7793531336076709,0.7242798353909465,"{'C': 15.602708025603208, 'gamma': 0.6371656669645575}",42,10,10
heart,rbf,1,0.42418630002066493,0.0020113599486649035,0.788888888888889,0.7831860995699739,0.5193415637860082,"{'C': 25.44285816486207, 'gamma': 0.24227591946943294}",43,10,10
heart,rbf,2,0.4301893999800086,0.0019429800566285848,0.7925925925925925,0.7919917148802987,0.6489711934156379,"{'C': 42.76572445463983, 'gamma': 0.46770693414988207}",44,10,10
heart,rbf,3,0.4252193998545408,0.0020312101114541292,0.7925925925925925,0.7902904697386546,0.5728395061728394,"{'C': 28.14544874820433, 'gamma': 0.3235756148467037}",45,10,10
heart,rbf,4,0.42634639982134104,0.0021005900111049415,0.8074074074074075,0.805592550288121,0.5876543209876542,"{'C': 50.79392613603845, 'gamma': 0.3539301323851334}",46,10,10
heart,rbf,5,0.4274252001196146,0.002097230078652501,0.8185185185185185,0.8178790184145894,0.4440329218106996,"{'C': 25.599987137364938, 'gamma': 0.11129523917292246}",47,10,10
heart,rbf,6,0.4228616999462247,0.0019790798425674437,0.7851851851851851,0.7834865169186396,0.708230452674897,"{'C': 11.232090227245585, 'gamma': 0.5809964763486839}",48,10,10
heart,rbf,7,0.4256154000759125,0.002075969986617565,0.7851851851851851,0.7806445022733796,0.5152263374485596,"{'C': 96.21679197288353, 'gamma': 0.2503777431897933}",49,10,10
heart,rbf,8,0.4217845001257956,0.001917279977351427,0.7444444444444445,0.7413130508331905,0.8115226337448561,"{'C': 49.4606699521566, 'gamma': 0.9243936192903239}",50,10,10
heart,rbf,9,0.4302322003059089,0.0021709400694817304,0.8,0.7995823838028275,0.47818930041152263,"{'C': 41.02538836217453, 'gamma': 0.20578241662639743}",51,10,10
heart,custom_hermite,0,0.8247702997177839,0.005695670004934072,0.8037037037037036,0.7938508008305387,0.6662551440329219,"{'C': 73.1996621871987, 'degree': 4}",42,10,10
heart,custom_hermite,1,0.817465600091964,0.0054961299989372495,0.7888888888888889,0.772330254435751,0.6720164609053498,"{'C': 66.60935521958947, 'degree': 4}",43,10,10
heart,custom_hermite,2,0.776469400152564,0.005745449988171458,0.8333333333333334,0.8282084623302127,0.6189300411522634,"{'C': 94.3351286897191, 'degree': 6}",44,10,10
heart,custom_hermite,3,0.7751742997206748,0.0054722398985177275,0.8148148148148147,0.8082602990691227,0.6370370370370371,"{'C': 97.60035557843834, 'degree': 5}",45,10,10
heart,custom_hermite,4,0.8175661000423133,0.005398220056667924,0.7962962962962963,0.7863946606464667,0.6641975308641975,"{'C': 78.38345124822426, 'degree': 4}",46,10,10
heart,custom_hermite,5,0.7449634000658989,0.005423349980264902,0.8074074074074075,0.7980529436198787,0.6609053497942387,"{'C': 70.76080622076984, 'degree': 5}",47,10,10
heart,custom_hermite,6,0.7308160001412034,0.0034254100639373062,0.788888888888889,0.7784680090347503,0.6691358024691357,"{'C': 86.47117395863914, 'degree': 3}",48,10,10
heart,custom_hermite,7,0.7710688002407551,0.005660980055108666,0.8185185185185185,0.812069750300382,0.6201646090534978,"{'C': 92.6335871707825, 'degree': 6}",49,10,10
heart,custom_hermite,8,0.8038176000118256,0.005456010019406677,0.7962962962962964,0.7878968677752124,0.6502057613168726,"{'C': 90.91793462081102, 'degree': 4}",50,10,10
heart,custom_hermite,9,0.7043918999843299,0.005623530084267259,0.762962962962963,0.7449965079067247,0.7049382716049382,"{'C': 28.42201566103021, 'degree': 6}",51,10,10
heart,custom_gegen,0,1.768596800044179,0.008176239952445031,0.8148148148148147,0.8131603113742129,0.4012345679012346,"{'C': 45.607542351719374, 'degree': 5, 'alpha': -0.09264917350486412}",42,10,10
heart,custom_gegen,1,1.7252239999361336,0.004820330021902919,0.8407407407407408,0.8381932737733729,0.38436213991769547,"{'C': 89.70996089957345, 'degree': 2, 'alpha': 0.031986596966799064}",43,10,10
heart,custom_gegen,2,2.039629700127989,0.004729390004649758,0.837037037037037,0.8359476609827242,0.39670781893004115,"{'C': 42.76572445463983, 'degree': 1, 'alpha': -0.05638125000041694}",44,10,10
heart,custom_gegen,3,1.811768100131303,0.008288120059296489,0.8518518518518517,0.8502617178596614,0.4625514403292181,"{'C': 7.455003975369499, 'degree': 6, 'alpha': -0.04245679680117881}",45,10,10
heart,custom_gegen,4,1.6122937998734415,0.007031799899414182,0.8481481481481481,0.8469243150106669,0.6353909465020576,"{'C': 78.38345124822426, 'degree': 4, 'alpha': 0.00559575211634028}",46,10,10
heart,custom_gegen,5,2.047293500043452,0.00528268008492887,0.788888888888889,0.7884094216766631,0.6053497942386831,"{'C': 24.665691528082416, 'degree': 2, 'alpha': -0.4422174052507317}",47,10,10
heart,custom_gegen,6,1.3258898998610675,0.007922509964555503,0.8444444444444444,0.8418583883243409,0.46995884773662555,"{'C': 1.7500096028443315, 'degree': 6, 'alpha': 0.0768737232730975}",48,10,10
heart,custom_gegen,7,2.274552400223911,0.008112560026347637,0.7666666666666667,0.7645604412749958,0.5781893004115226,"{'C': 22.91459130306838, 'degree': 6, 'alpha': -0.37275251226410955}",49,10,10
heart,custom_gegen,8,2.00233820034191,0.004619979951530695,0.8481481481481483,0.8462290577407217,0.44979423868312757,"{'C': 49.4606699521566, 'degree': 2, 'alpha': 0.01839310827685059}",50,10,10
heart,custom_gegen,9,1.6910822000354528,0.0047144399024546145,0.8555555555555555,0.85443588723428,0.4234567901234568,"{'C': 4.77353057385992, 'degree': 2, 'alpha': 0.09148149983310738}",51,10,10
heart,custom_alsalam,0,0.6737421997822821,0.002802079962566495,0.774074074074074,0.7709195143943502,0.7074074074074074,"{'C': 18.341267580833527, 'degree': 2, 'a': -1, 'q': 0.52}",42,10,10
heart,custom_alsalam,1,0.6719370000064373,0.0029429999645799398,0.7962962962962962,0.7892084982586252,0.7769547325102881,"{'C': 22.103678559441246, 'degree': 3, 'a': -1, 'q': 0.32}",43,10,10
heart,custom_alsalam,2,0.6738952999003232,0.003011429915204644,0.7814814814814814,0.7797473378284752,0.7580246913580246,"{'C': 39.37856132927404, 'degree': 3, 'a': -1, 'q': 0.51}",44,10,10
heart,custom_alsalam,3,0.7011199998669326,0.003025589883327484,0.8074074074074075,0.8049378000328995,0.7617283950617284,"{'C': 7.729879318351191, 'degree': 3, 'a': -1, 'q': 0.47000000000000003}",45,10,10
heart,custom_alsalam,4,0.6966706002131104,0.002820510044693947,0.8111111111111111,0.8092192145612644,0.7213991769547324,"{'C': 30.75461872064403, 'degree': 2, 'a': -1, 'q': 0.49}",46,10,10
heart,custom_alsalam,5,0.7280896999873221,0.00501348995603621,0.7851851851851852,0.7835323141099003,0.751440329218107,"{'C': 85.67920399582866, 'degree': 5, 'a': -1, 'q': 0.55}",47,10,10
heart,custom_alsalam,6,0.7217373996973038,0.0030824200715869666,0.7925925925925925,0.7911472286998233,0.7748971193415637,"{'C': 57.49878373151376, 'degree': 3, 'a': -1, 'q': 0.38}",48,10,10
heart,custom_alsalam,7,0.738147699739784,0.0050333199556916956,0.788888888888889,0.7797071444393242,0.7604938271604937,"{'C': 70.76117850962414, 'degree': 6, 'a': -1, 'q': 0.61}",49,10,10
heart,custom_alsalam,8,0.6763900998048484,0.003057870175689459,0.7777777777777778,0.775642902703973,0.7790123456790122,"{'C': 31.001624859184517, 'degree': 3, 'a': -1, 'q': 0.35000000000000003}",50,10,10
heart,custom_alsalam,9,0.6207417002879083,0.002908500051125884,0.8074074074074075,0.799700273224393,0.7617283950617285,"{'C': 15.76785920720762, 'degree': 3, 'a': -1, 'q': 0.59}",51,10,10
fourclass,linear,0,1.9001958002336323,0.01940878010354936,0.7737636995455761,0.7630084624881519,0.5274552710342534,{'C': 95.07147992668521},42,10,10
fourclass,linear,1,1.675156299956143,0.008377049956470728,0.770315423683507,0.7596450056785411,0.5262953109411375,{'C': 11.506341584411505},43,10,10
fourclass,linear,2,1.8935247999615967,0.017374369921162723,0.7751002405773857,0.7632829919603299,0.5262918190887927,{'C': 74.46430352747011},44,10,10
fourclass,linear,3,1.6852996000088751,0.01694388994947076,0.7667869553595296,0.7550582722601984,0.526940638510143,{'C': 62.73954087875989},45,10,10
fourclass,linear,4,1.9148486000485718,0.016913800034672022,0.7749532210638866,0.7646429902216882,0.5262946458264051,{'C': 63.483735771566955},46,10,10
fourclass,linear,5,1.94968429999426,0.017536419862881302,0.7714381181502273,0.7614027453259201,0.5265552045227803,{'C': 72.87373461547712},47,10,10
fourclass,linear,6,1.8409718996845186,0.01844136998988688,0.7726142742582197,0.762328498647789,0.52681277020286,{'C': 86.47117395863914},48,10,10
fourclass,linear,7,2.0150661999359727,0.01864115004427731,0.774846297781342,0.7664002399352201,0.5250074825407384,{'C': 89.62311386559638},49,10,10
fourclass,linear,8,1.9127261997200549,0.020176950050517915,0.7713712910986367,0.7592757013868767,0.5239767209843699,{'C': 99.65742644123478},50,10,10
fourclass,linear,9,1.7714200001209974,0.012916499935090541,0.7749799518845228,0.7644167548035055,0.5266815763219157,{'C': 34.33102395058668},51,10,10
fourclass,poly,0,2.3641455001197755,0.02819321006536484,0.9918738305265972,0.9919218549860951,0.18290788160957766,"{'C': 37.454637344617396, 'degree': 6, 'gamma': 2.9321633619048173}",42,10,10
fourclass,poly,1,2.937136000022292,0.0308336999733001,0.9767709168671477,0.976943027745006,0.30252610575324246,"{'C': 44.576390325611044, 'degree': 5, 'gamma': 0.34433613551210357}",43,10,10
fourclass,poly,2,2.84874950023368,0.02993966992944479,0.9976877840149694,0.9976956234418181,0.12142284669105421,"{'C': 95.74724943472268, 'degree': 6, 'gamma': 3.5291436202329205}",44,10,10
fourclass,poly,3,2.815057899802923,0.02894419990479946,0.994199411921946,0.994226348672386,0.14604323245759893,"{'C': 62.73954087875989, 'degree': 6, 'gamma': 2.6058768340207172}",45,10,10
fourclass,poly,4,2.6962518002837896,0.02763148001395166,0.9883988238438921,0.9884900866188222,0.21255537080146328,"{'C': 26.24225722762328, 'degree': 6, 'gamma': 1.5900322463481311}",46,10,10
fourclass,poly,5,2.787324999924749,0.03305365005508065,0.9918871959369152,0.9919348719525873,0.2371750914532757,"{'C': 85.67920399582866, 'degree': 5, 'gamma': 2.2190867903095297}",47,10,10
fourclass,poly,6,3.0447054002434015,0.030888929963111877,0.9779203421545042,0.9781245514862864,0.3031706019288327,"{'C': 44.49646271214178, 'degree': 5, 'gamma': 1.8488408310945195}",48,10,10
fourclass,poly,7,2.8622016003355384,0.02955197999253869,0.9953622026196204,0.9953782299171439,0.13702111739275025,"{'C': 70.76117850962414, 'degree': 6, 'gamma': 2.431682930384008}",49,10,10
fourclass,poly,8,2.7117486000061035,0.028433130029588936,0.9918871959369152,0.9919376818874438,0.1579020618556701,"{'C': 52.41082616290873, 'degree': 6, 'gamma': 2.2921895719519734}",50,10,10
fourclass,poly,9,2.4256985997781157,0.031138369953259824,0.8863539160652232,0.884714575009171,0.37934918523445293,"{'C': 72.8713543332869, 'degree': 4, 'gamma': 2.8609524348443096}",51,10,10
fourclass,rbf,0,1.411263500340283,0.009276839951053262,1.0,1.0,0.0366077485866312,"{'C': 37.454637344617396, 'gamma': 3.80362731460201}",42,10,10
fourclass,rbf,1,1.4113845997489989,0.0095108600333333,1.0,1.0,0.0870061523112737,"{'C': 11.506341584411505, 'gamma': 2.442374492441684}",43,10,10
fourclass,rbf,2,1.468978499993682,0.009901060070842505,1.0,1.0,0.05284868639840373,"{'C': 35.93172446996938, 'gamma': 2.443059172775448}",44,10,10
fourclass,rbf,3,1.4414558000862598,0.010286719957366585,1.0,1.0,0.03763851014299966,"{'C': 98.90116233604654, 'gamma': 2.205217271021953}",45,10,10
fourclass,rbf,4,1.4052431001327932,0.009800559934228658,1.0,1.0,0.036736115729963416,"{'C': 78.38345124822426, 'gamma': 2.545040547553847}",46,10,10
fourclass,rbf,5,1.422800499945879,0.009284979989752173,1.0,1.0,0.0578757898237446,"{'C': 11.349733700893058, 'gamma': 3.898331079395257}",47,10,10
fourclass,rbf,6,1.4398119999095798,0.010316679952666163,1.0,1.0,0.0768237445959428,"{'C': 79.20363403128228, 'gamma': 1.308437536827318}",48,10,10
fourclass,rbf,7,1.4576814998872578,0.009684389969334007,1.0,1.0,0.029775690056534753,"{'C': 92.6335871707825, 'gamma': 3.568107449387966}",49,10,10
fourclass,rbf,8,1.4068317995406687,0.009487659949809314,1.0,1.0,0.036091952111739274,"{'C': 37.73213245401471, 'gamma': 3.986350448272431}",50,10,10
fourclass,rbf,9,1.4802794996649027,0.009836419997736812,1.0,1.0,0.04975490522115065,"{'C': 34.33102395058668, 'gamma': 2.5816410998446386}",51,10,10
fourclass,custom_hermite,0,2.780312799848616,0.023779920069500804,0.8363806468858593,0.8287364815879593,0.42614083804456265,"{'C': 37.454637344617396, 'degree': 6}",42,10,10
fourclass,custom_hermite,1,2.787371000275016,0.023813779978081585,0.8248062015503876,0.8139054816887008,0.4296212171599601,"{'C': 32.71457844205816, 'degree': 6}",43,10,10
fourclass,custom_hermite,2,2.835535100195557,0.022099630162119865,0.8886260358192997,0.8880356047900444,0.3979115397406052,"{'C': 94.3351286897191, 'degree': 6}",44,10,10
fourclass,custom_hermite,3,2.790151400025934,0.021479549957439302,0.8283079390537289,0.820212907761799,0.4297514133688061,"{'C': 97.60035557843834, 'degree': 5}",45,10,10
fourclass,custom_hermite,4,2.841377599630505,0.021802840009331702,0.8237503341352579,0.8133387387017905,0.4315533754572664,"{'C': 31.308380486232352, 'degree': 6}",46,10,10
fourclass,custom_hermite,5,2.817189999856055,0.023210560064762832,0.8189655172413792,0.8070725963453432,0.43671100764881937,"{'C': 70.76080622076984, 'degree': 5}",47,10,10
fourclass,custom_hermite,6,2.767517300322652,0.022886779997497796,0.813258487035552,0.7995419790297071,0.4484398071167276,"{'C': 44.49646271214178, 'degree': 5}",48,10,10
fourclass,custom_hermite,7,2.8632050999440253,0.02282079993747175,0.889788826516974,0.8889840256714644,0.3979123711340206,"{'C': 92.6335871707825, 'degree': 6}",49,10,10
fourclass,custom_hermite,8,2.8277557003311813,0.02138272002339363,0.829403902699813,0.8204502459954547,0.42536797472564014,"{'C': 37.73213245401471, 'degree': 6}",50,10,10
fourclass,custom_hermite,9,2.790701999794692,0.020861239964142443,0.8201951349906442,0.8089344798520948,0.43387346192218157,"{'C': 28.42201566103021, 'degree': 6}",51,10,10
fourclass,custom_gegen,0,5.368928300216794,0.025792669970542192,0.9849104517508687,0.9849682118340128,0.21758247422680413,"{'C': 51.42392960692274, 'degree': 4, 'alpha': -0.39756367868720455}",42,10,10
fourclass,custom_gegen,1,5.438370699994266,0.025350740179419518,0.9895482491312484,0.9895751858816884,0.18716195543731293,"{'C': 44.576390325611044, 'degree': 5, 'alpha': -0.3258249011026607}",43,10,10
fourclass,custom_gegen,2,6.212874399963766,0.02274328996427357,0.9965517241379309,0.9965838463971967,0.0315801463252411,"{'C': 71.01508918471401, 'degree': 6, 'alpha': 0.41867600678848516}",44,10,10
fourclass,custom_gegen,3,5.513073600362986,0.02719630002975464,0.9454691259021653,0.9457081615304542,0.264244429664117,"{'C': 7.729879318351191, 'degree': 3, 'alpha': 0.45088785981341584}",45,10,10
fourclass,custom_gegen,4,5.171120400074869,0.02465654001571238,0.9976744186046511,0.9976744186046511,0.06444978383771201,"{'C': 26.24225722762328, 'degree': 6, 'alpha': 0.29633924272509005}",46,10,10
fourclass,custom_gegen,5,6.274237399920821,0.024119170010089876,0.986086607858861,0.9861774587710729,0.23266311938809445,"{'C': 12.712329991335293, 'degree': 5, 'alpha': -0.47957646815918376}",47,10,10
fourclass,custom_gegen,6,4.082862999755889,0.022910759970545768,0.997674418604651,0.997674418604651,0.032611739275024934,"{'C': 44.49646271214178, 'degree': 5, 'alpha': 0.4256014441105803}",48,10,10
fourclass,custom_gegen,7,6.735105600208044,0.02446337998844683,0.9907244052392408,0.9907620193767521,0.17130728300631862,"{'C': 22.91459130306838, 'degree': 6, 'alpha': -0.37275251226410955}",49,10,10
fourclass,custom_gegen,8,6.254834100138396,0.02339869006536901,0.8131649291633254,0.8016432269299816,0.41466960425673427,"{'C': 31.001624859184517, 'degree': 3, 'alpha': 0.21001198681815925}",50,10,10
fourclass,custom_gegen,9,5.503299899864942,0.03166308985091746,0.8120556001069232,0.8042382988217757,0.4171177253076156,"{'C': 64.67490767496166, 'degree': 2, 'alpha': 0.3263934923421967}",51,10,10
fourclass,custom_alsalam,0,2.102480599656701,0.013015080010518432,0.9988505747126437,0.9988545195441748,0.08352643831060859,"{'C': 45.607542351719374, 'degree': 5, 'a': -1, 'q': 0.2}",42,10,10
fourclass,custom_alsalam,1,1.9693233002908528,0.014200040092691778,0.9988372093023254,0.9988411038976434,0.08069088792816762,"{'C': 66.60935521958947, 'degree': 4, 'a': -1, 'q': 0.03}",43,10,10
fourclass,custom_alsalam,2,1.8646708996966481,0.013929269975051284,0.9988505747126437,0.9988545195441748,0.08429980046558032,"{'C': 71.01508918471401, 'degree': 6, 'a': -1, 'q': 0.46}",44,10,10
fourclass,custom_alsalam,3,1.888950000051409,0.014685550052672625,0.9988372093023254,0.9988411038976434,0.07617958097771864,"{'C': 98.90116233604654, 'degree': 4, 'a': -1, 'q': 0.28}",45,10,10
fourclass,custom_alsalam,4,1.8675679001025856,0.014295650040730834,0.9988372093023254,0.9988415025776824,0.0821089125374127,"{'C': 78.38345124822426, 'degree': 4, 'a': -1, 'q': 0.25}",46,10,10
fourclass,custom_alsalam,5,1.8426661998964846,0.013914200011640787,0.9976877840149692,0.9976956234418181,0.073214665779847,"{'C': 93.52364450917413, 'degree': 4, 'a': -1, 'q': 0.18000000000000002}",47,10,10
fourclass,custom_alsalam,6,2.0261520999483764,0.012249800004065036,0.9976744186046511,0.9976826064753258,0.11136913867642169,"{'C': 29.89833876951833, 'degree': 5, 'a': -1, 'q': 0.33}",48,10,10
fourclass,custom_alsalam,7,1.8326947996392846,0.012559050042182208,0.9988505747126437,0.9988545195441748,0.10634203525108081,"{'C': 89.16045222433813, 'degree': 5, 'a': -1, 'q': 0.5700000000000001}",49,10,10
fourclass,custom_alsalam,8,1.9867855003103614,0.012106150016188621,0.9953755680299384,0.9954053929768143,0.1285129697372797,"{'C': 52.41082616290873, 'degree': 6, 'a': -1, 'q': 0.5700000000000001}",50,10,10
fourclass,custom_alsalam,9,2.110445300117135,0.012055049929767848,0.9768110130981021,0.9770240423431394,0.29195493847688725,"{'C': 72.8713543332869, 'degree': 4, 'a': -1, 'q': 0.7100000000000001}",51,10,10
