dataset,kernel,run,accuracy,f1_score,train_time,random_seed
haberman,LINEAR,0,73.20430107526882,62.1524034451606,0.11158020002767444,42
haberman,LINEAR,1,73.19354838709677,62.14721769080725,0.10417639999650419,43
haberman,LINEAR,2,73.20430107526882,62.1524034451606,0.10585399996489286,44
haberman,LINEAR,3,72.86021505376344,61.98130517195356,0.10352579993195832,45
haberman,LINEAR,4,72.86021505376344,61.98130517195355,0.10271929996088147,46
haberman,LINEAR,5,73.20430107526882,62.1524034451606,0.10355580016039312,47
haberman,LINEAR,6,73.20430107526882,62.1524034451606,0.10199510003440082,48
haberman,LINEAR,7,73.5268817204301,62.31313020966095,0.10275300010107458,49
haberman,LINEAR,8,72.54838709677419,61.82576416180655,0.10397870000451803,50
haberman,LINEAR,9,73.19354838709677,62.14721769080725,0.10224570007994771,51
haberman,LINEAR,10,72.53763440860214,61.81394190669906,0.10255379998125136,52
haberman,LINEAR,11,72.54838709677419,62.251609719569025,0.10281680012121797,53
haberman,LINEAR,12,73.5268817204301,62.31313020966095,0.10251769982278347,54
haberman,LINEAR,13,73.20430107526882,62.1524034451606,0.10216029989533126,55
haberman,LINEAR,14,73.19354838709677,62.14721769080725,0.10433869995176792,56
haberman,LINEAR,15,73.20430107526882,62.1524034451606,0.1015480998903513,57
haberman,LINEAR,16,72.87096774193549,61.9864909263069,0.10269690002314746,58
haberman,LINEAR,17,73.20430107526882,62.1524034451606,0.10278020007535815,59
haberman,LINEAR,18,73.5268817204301,62.31313020966095,0.10686219995841384,60
haberman,LINEAR,19,73.20430107526882,62.153478540575314,0.10361839993856847,61
haberman,LINEAR,20,73.20430107526882,62.1524034451606,0.10630219988524914,62
haberman,LINEAR,21,72.88172043010752,61.985494882025606,0.1029132001567632,63
haberman,LINEAR,22,73.19354838709677,62.14721769080725,0.10430560004897416,64
haberman,LINEAR,23,72.88172043010752,61.985494882025606,0.10245510004460812,65
haberman,LINEAR,24,73.5268817204301,62.846349790963295,0.1033616999629885,66
haberman,LINEAR,25,73.19354838709677,62.14721769080725,0.10286750015802681,67
haberman,LINEAR,26,72.52688172043011,61.7950768344647,0.10294480016455054,68
haberman,LINEAR,27,73.20430107526882,62.1524034451606,0.10322159994393587,69
haberman,LINEAR,28,73.20430107526882,62.1524034451606,0.10497600003145635,70
haberman,LINEAR,29,73.19354838709677,62.14721769080725,0.10194860002957284,71
haberman,LINEAR,30,73.5268817204301,62.31313020966095,0.10373670002445579,72
haberman,LINEAR,31,73.5268817204301,62.786983715772514,0.10418840008787811,73
haberman,LINEAR,32,73.20430107526882,62.572204187900006,0.10354060004465282,74
haberman,LINEAR,33,73.19354838709677,62.14721769080725,0.10291470005176961,75
haberman,LINEAR,34,73.20430107526882,62.1524034451606,0.10443620011210442,76
haberman,POLY,0,73.8494623655914,69.2031772443848,0.24557960010133684,42
haberman,POLY,1,74.23655913978496,69.65744316123823,0.24680980015546083,43
haberman,POLY,2,73.21505376344086,68.44800284420155,0.2561285998672247,44
haberman,POLY,3,73.16129032258065,68.54590517419695,0.23841429990716279,45
haberman,POLY,4,73.16129032258065,67.54771052909865,0.2445894000120461,46
haberman,POLY,5,74.15053763440861,69.46011597510649,0.24221830000169575,47
haberman,POLY,6,73.83870967741936,69.41675866737401,0.24240250000730157,48
haberman,POLY,7,73.55913978494624,69.22141526607122,0.25921440008096397,49
haberman,POLY,8,73.20430107526882,68.73417807168272,0.2513085000682622,50
haberman,POLY,9,73.51612903225806,68.54239013358558,0.24825490009970963,51
haberman,POLY,10,74.83870967741936,71.31813635808484,0.2520788998808712,52
haberman,POLY,11,74.47311827956989,69.87806432084828,0.2517667000647634,53
haberman,POLY,12,74.18279569892474,69.2992378262283,0.24374979990534484,54
haberman,POLY,13,75.7956989247312,71.59566480110387,0.24259390006773174,55
haberman,POLY,14,74.17204301075269,69.60090142758843,0.24873250001110137,56
haberman,POLY,15,71.91397849462366,66.59687762688115,0.2609000999946147,57
haberman,POLY,16,72.6021505376344,67.1770684057966,0.2515535999555141,58
haberman,POLY,17,73.52688172043011,68.76357696703795,0.2596543999388814,59
haberman,POLY,18,75.47311827956989,70.89507309478702,0.24632039992138743,60
haberman,POLY,19,73.8494623655914,69.30308267589588,0.23997290013357997,61
haberman,POLY,20,74.81720430107528,69.9260949076423,0.2616508000064641,62
haberman,POLY,21,74.51612903225808,70.50386001611469,0.26442000013776124,63
haberman,POLY,22,74.55913978494623,69.59541346034413,0.29134050011634827,64
haberman,POLY,23,72.88172043010752,68.27204073072689,0.2434173000510782,65
haberman,POLY,24,73.88172043010753,68.87365043314848,0.2598194999154657,66
haberman,POLY,25,74.48387096774194,70.04335459292854,0.25088130007497966,67
haberman,POLY,26,73.16129032258065,67.98474531336214,0.2440875000320375,68
haberman,POLY,27,75.48387096774194,70.96016639635778,0.25821979995816946,69
haberman,POLY,28,73.86021505376344,69.4605435857086,0.26853809994645417,70
haberman,POLY,29,76.12903225806453,71.70546028652834,0.2541797000449151,71
haberman,POLY,30,73.20430107526882,67.99921038210005,0.24559880001470447,72
haberman,POLY,31,73.89247311827957,69.6180396519518,0.24969179998151958,73
haberman,POLY,32,75.13978494623656,71.35686733104983,0.2738145999610424,74
haberman,POLY,33,74.15053763440861,69.46544202208023,0.2411442999728024,75
haberman,POLY,34,72.89247311827957,67.79221939739108,0.23641250003129244,76
haberman,RBF,0,74.48387096774194,69.3205875528646,0.14176380005665123,42
haberman,RBF,1,74.22580645161291,68.23925139206246,0.13652380020357668,43
haberman,RBF,2,73.21505376344086,68.24518108827658,0.13416030001826584,44
haberman,RBF,3,72.50537634408603,67.30257957940505,0.13380430010147393,45
haberman,RBF,4,73.17204301075269,67.33584716638799,0.13395799999125302,46
haberman,RBF,5,73.18279569892474,68.12895292091822,0.13248859997838736,47
haberman,RBF,6,72.84946236559139,67.60038847114501,0.13811910012736917,48
haberman,RBF,7,72.89247311827957,67.73751876976554,0.13652850012294948,49
haberman,RBF,8,73.5483870967742,68.36203337297134,0.14523310004733503,50
haberman,RBF,9,72.88172043010753,67.04282381835107,0.1396578000858426,51
haberman,RBF,10,73.86021505376344,69.1483442522256,0.14374900003895164,52
haberman,RBF,11,72.50537634408603,67.18777059709244,0.13268799986690283,53
haberman,RBF,12,72.88172043010752,67.85120474678038,0.1343106001149863,54
haberman,RBF,13,74.16129032258064,68.08010999536333,0.14580319984816015,55
haberman,RBF,14,73.51612903225806,67.7462405224965,0.1386595000512898,56
haberman,RBF,15,72.90322580645162,67.17056196493667,0.13574400008656085,57
haberman,RBF,16,72.26881720430107,67.15472675991198,0.14117800001986325,58
haberman,RBF,17,73.20430107526882,67.53612379216202,0.1342553999274969,59
haberman,RBF,18,74.17204301075269,68.96357477808277,0.13714120001532137,60
haberman,RBF,19,73.20430107526882,67.63092578775144,0.13405860005877912,61
haberman,RBF,20,73.51612903225806,68.34504056021062,0.13466329989023507,62
haberman,RBF,21,73.87096774193549,68.77064172705248,0.13406799989752471,63
haberman,RBF,22,73.56989247311829,67.89295064034665,0.13690100004896522,64
haberman,RBF,23,72.53763440860214,67.5604094661951,0.13296570000238717,65
haberman,RBF,24,72.23655913978494,66.70222984867287,0.13372689997777343,66
haberman,RBF,25,74.16129032258064,69.30201843034624,0.13332289992831647,67
haberman,RBF,26,74.16129032258064,69.17224423713645,0.13333630003035069,68
haberman,RBF,27,74.81720430107528,70.08550554956533,0.13401499995961785,69
haberman,RBF,28,73.54838709677419,67.87502051182136,0.13574659987352788,70
haberman,RBF,29,74.16129032258064,69.33603658833259,0.1352939000353217,71
haberman,RBF,30,72.55913978494624,67.48341422379916,0.13770360010676086,72
haberman,RBF,31,72.26881720430107,67.12689186867878,0.13512360001914203,73
haberman,RBF,32,72.19354838709677,66.66398570824657,0.1351442001760006,74
haberman,RBF,33,74.16129032258064,68.85291088981596,0.1317873999942094,75
haberman,RBF,34,73.19354838709677,67.61498046662815,0.134633099893108,76
haberman,HERMITE,0,73.19354838709678,67.0921600560116,0.1645123998168856,42
haberman,HERMITE,1,73.89247311827957,67.71049443473406,0.16522599989548326,43
haberman,HERMITE,2,73.86021505376344,68.01298347341135,0.16335079981945455,44
haberman,HERMITE,3,72.50537634408603,66.7148724099142,0.15525660011917353,45
haberman,HERMITE,4,73.16129032258065,66.24645344363833,0.1606793999671936,46
haberman,HERMITE,5,73.49462365591398,68.01449690616404,0.15545960003510118,47
haberman,HERMITE,6,73.17204301075269,67.78188641658983,0.15491519984789193,48
haberman,HERMITE,7,73.53763440860214,67.80845255679561,0.15925269993022084,49
haberman,HERMITE,8,73.87096774193549,67.90444927961761,0.1557684000581503,50
haberman,HERMITE,9,73.52688172043011,66.88166745415865,0.15498610003851354,51
haberman,HERMITE,10,72.21505376344086,65.76294722492833,0.15595000004395843,52
haberman,HERMITE,11,71.84946236559139,65.58279051718421,0.15944699989631772,53
haberman,HERMITE,12,72.22580645161291,66.24584728391676,0.15787919983267784,54
haberman,HERMITE,13,73.50537634408603,67.02409020103516,0.1586742999497801,55
haberman,HERMITE,14,72.53763440860214,65.52391610966814,0.1604858001228422,56
haberman,HERMITE,15,73.55913978494624,67.7039915461082,0.15574839990586042,57
haberman,HERMITE,16,73.59139784946237,67.27275866229022,0.1571639000903815,58
haberman,HERMITE,17,71.24731182795698,64.35118275986784,0.1574519001878798,59
haberman,HERMITE,18,73.8494623655914,68.06902588250378,0.15633959998376667,60
haberman,HERMITE,19,73.52688172043011,67.31370431235344,0.15517179993912578,61
haberman,HERMITE,20,73.8494623655914,68.09371560578231,0.1602762001566589,62
haberman,HERMITE,21,73.20430107526882,66.79484530697304,0.15684710000641644,63
haberman,HERMITE,22,73.86021505376344,67.42027963230592,0.1550927001517266,64
haberman,HERMITE,23,71.5483870967742,66.14966213286309,0.1550053998362273,65
haberman,HERMITE,24,73.53763440860214,67.24744025426277,0.1563256001099944,66
haberman,HERMITE,25,73.18279569892474,67.29449992190256,0.158652100013569,67
haberman,HERMITE,26,72.5483870967742,66.47726009472193,0.15589089994318783,68
haberman,HERMITE,27,74.1720430107527,68.05162416451243,0.1578383999876678,69
haberman,HERMITE,28,74.19354838709677,68.29121260110914,0.15457709995098412,70
haberman,HERMITE,29,74.1720430107527,68.41202533779384,0.1565785000566393,71
haberman,HERMITE,30,73.21505376344086,67.44573925196316,0.15780110005289316,72
haberman,HERMITE,31,71.60215053763442,65.2501066694451,0.1591539999935776,73
haberman,HERMITE,32,73.17204301075269,67.66373376898677,0.15660149999894202,74
haberman,HERMITE,33,73.51612903225806,67.6345958321918,0.15850670007057488,75
haberman,HERMITE,34,71.89247311827958,65.4308980026083,0.15437910007312894,76
haberman,GEGEN,0,74.18279569892474,69.36889079613078,0.16961799981072545,42
haberman,GEGEN,1,73.89247311827958,68.42903826583772,0.16517180018126965,43
haberman,GEGEN,2,74.86021505376344,70.55748370541541,0.1664817000273615,44
haberman,GEGEN,3,74.78494623655914,70.84744292463458,0.1672209999524057,45
haberman,GEGEN,4,74.13978494623656,69.1336952533242,0.16954370005987585,46
haberman,GEGEN,5,74.82795698924731,70.01507310722401,0.16693899990059435,47
haberman,GEGEN,6,74.81720430107526,70.54117399452451,0.1687849999871105,48
haberman,GEGEN,7,74.50537634408603,69.88176110554488,0.1657946000341326,49
haberman,GEGEN,8,74.83870967741936,70.06996316544691,0.16679209982976317,50
haberman,GEGEN,9,74.83870967741936,70.55338035778263,0.1645227000117302,51
haberman,GEGEN,10,75.17204301075269,70.7975759951073,0.1684049000032246,52
haberman,GEGEN,11,75.43010752688171,71.24053843696012,0.16428539995104074,53
haberman,GEGEN,12,74.16129032258064,69.41290769321039,0.16817479999735951,54
haberman,GEGEN,13,74.79569892473118,70.3823333226439,0.16553550004027784,55
haberman,GEGEN,14,75.1505376344086,70.84576014373255,0.168034499976784,56
haberman,GEGEN,15,74.22580645161291,69.44173442600359,0.1696897998917848,57
haberman,GEGEN,16,75.18279569892472,71.1243766769741,0.1660237000323832,58
haberman,GEGEN,17,73.52688172043011,68.37181232838573,0.1674681999720633,59
haberman,GEGEN,18,74.81720430107526,70.05102594276342,0.16811710014007986,60
haberman,GEGEN,19,75.16129032258065,71.01055232539942,0.16796019999310374,61
haberman,GEGEN,20,74.7956989247312,70.03798579661958,0.17189400014467537,62
haberman,GEGEN,21,75.17204301075269,70.932765412021,0.16535639995709062,63
haberman,GEGEN,22,74.52688172043011,70.06891687719336,0.17095980001613498,64
haberman,GEGEN,23,74.50537634408603,69.83034393900684,0.16690139984712005,65
haberman,GEGEN,24,74.88172043010752,70.50388333581141,0.16534249996766448,66
haberman,GEGEN,25,75.45161290322581,71.21582211366119,0.1684940999839455,67
haberman,GEGEN,26,73.48387096774194,69.19529182090356,0.16854019998572767,68
haberman,GEGEN,27,74.82795698924731,70.56864250515105,0.1667422999162227,69
haberman,GEGEN,28,74.81720430107526,70.18662786429084,0.1702725999057293,70
haberman,GEGEN,29,75.46236559139786,70.96250387069163,0.16752829984761775,71
haberman,GEGEN,30,73.56989247311829,69.11725325526355,0.16656100004911423,72
haberman,GEGEN,31,74.84946236559139,70.89222344794295,0.1720898998901248,73
haberman,GEGEN,32,74.18279569892474,69.34783251055201,0.1661296000238508,74
haberman,GEGEN,33,73.8494623655914,69.44753252553977,0.16923559992574155,75
haberman,GEGEN,34,74.17204301075269,69.59875774762125,0.17278310004621744,76
haberman,AL-SALAM,0,75.15053763440861,69.92800327349528,0.5658205000218004,42
haberman,AL-SALAM,1,75.19354838709677,69.19847129976684,0.5557335999328643,43
haberman,AL-SALAM,2,75.48387096774192,69.45394311374729,0.562289800029248,44
haberman,AL-SALAM,3,74.48387096774194,68.32803777789145,0.5563809000886977,45
haberman,AL-SALAM,4,74.1505376344086,67.32499582129307,0.5607257999945432,46
haberman,AL-SALAM,5,74.81720430107528,68.82498808979925,0.5627640001475811,47
haberman,AL-SALAM,6,74.17204301075269,68.59344049828124,0.5557711001019925,48
haberman,AL-SALAM,7,74.53763440860214,68.86918668985513,0.5576156000606716,49
haberman,AL-SALAM,8,75.17204301075269,69.16604187567776,0.5560058997943997,50
haberman,AL-SALAM,9,74.81720430107528,68.55446357119665,0.5515751999337226,51
haberman,AL-SALAM,10,74.83870967741936,69.0828871675648,0.5589768001809716,52
haberman,AL-SALAM,11,75.46236559139786,69.14774255998366,0.5524230999872088,53
haberman,AL-SALAM,12,74.82795698924731,68.9191499749264,0.5584453998599201,54
haberman,AL-SALAM,13,75.12903225806451,68.55306651522429,0.5546061999630183,55
haberman,AL-SALAM,14,74.82795698924731,68.48980383919347,0.557080099824816,56
haberman,AL-SALAM,15,73.89247311827958,67.968746803501,0.5523730998393148,57
haberman,AL-SALAM,16,72.9247311827957,66.86722321221643,0.5578771999571472,58
haberman,AL-SALAM,17,73.51612903225806,66.84712070382938,0.5511113000102341,59
haberman,AL-SALAM,18,75.47311827956989,69.29539939223052,0.5517190000973642,60
haberman,AL-SALAM,19,73.86021505376344,67.46437007143115,0.557656800141558,61
haberman,AL-SALAM,20,75.46236559139786,69.72416782824143,0.5567386001348495,62
haberman,AL-SALAM,21,75.17204301075269,69.3143076227162,0.5510683997999877,63
haberman,AL-SALAM,22,75.16129032258064,68.96914970477394,0.5567059998866171,64
haberman,AL-SALAM,23,73.82795698924731,68.31526891697081,0.551143400138244,65
haberman,AL-SALAM,24,74.52688172043011,68.29841981281601,0.5515646999701858,66
haberman,AL-SALAM,25,75.1505376344086,69.1027606013153,0.5595380000304431,67
haberman,AL-SALAM,26,75.17204301075269,69.54443418577803,0.5558418000582606,68
haberman,AL-SALAM,27,74.81720430107528,69.00045481557358,0.5501976998057216,69
haberman,AL-SALAM,28,75.16129032258064,69.12013697583184,0.5525003999937326,70
haberman,AL-SALAM,29,74.82795698924731,68.26552073868102,0.5560895998496562,71
haberman,AL-SALAM,30,74.53763440860214,68.29976149368939,0.5522734001278877,72
haberman,AL-SALAM,31,73.56989247311829,68.18460575962885,0.556166699854657,73
haberman,AL-SALAM,32,74.82795698924731,69.88319494280366,0.5506071001291275,74
haberman,AL-SALAM,33,75.16129032258065,69.3917882084359,0.5520522000733763,75
haberman,AL-SALAM,34,73.88172043010753,68.26536417055212,0.5548533999826759,76
ionosphere,LINEAR,0,86.8888888888889,86.46650598789559,0.3417428000830114,42
ionosphere,LINEAR,1,86.88888888888889,86.46463653094088,0.28324100002646446,43
ionosphere,LINEAR,2,88.03174603174604,87.53267886564471,0.3302783998660743,44
ionosphere,LINEAR,3,86.05555555555554,85.67752514103833,0.40928320004604757,45
ionosphere,LINEAR,4,88.5873015873016,88.24067440609397,0.33781269984319806,46
ionosphere,LINEAR,5,87.45238095238095,86.99497909601823,0.40667330008000135,47
ionosphere,LINEAR,6,86.33333333333333,85.96381755767328,0.2958496999926865,48
ionosphere,LINEAR,7,87.45238095238095,86.89172738491973,0.32928559998981655,49
ionosphere,LINEAR,8,88.03174603174604,87.54991975702545,0.35133430012501776,50
ionosphere,LINEAR,9,88.02380952380953,87.80372657622144,0.34569770004600286,51
ionosphere,LINEAR,10,89.15873015873017,88.91980381438908,0.2897047000005841,52
ionosphere,LINEAR,11,87.17460317460318,86.85974802681423,0.28337149997241795,53
ionosphere,LINEAR,12,88.8888888888889,88.48943362195631,0.3043744000606239,54
ionosphere,LINEAR,13,88.88095238095237,88.44564270830716,0.3038789997808635,55
ionosphere,LINEAR,14,86.33333333333333,85.83900747025467,0.25265220017172396,56
ionosphere,LINEAR,15,87.75396825396825,87.40854754191082,0.4296493998263031,57
ionosphere,LINEAR,16,88.03174603174604,87.7083249970299,0.28061809996142983,58
ionosphere,LINEAR,17,87.73809523809524,87.37986241441307,0.3181223999708891,59
ionosphere,LINEAR,18,88.30952380952381,87.89582371479936,0.3216542999725789,60
ionosphere,LINEAR,19,87.21428571428571,86.86412041748093,0.32455740007571876,61
ionosphere,LINEAR,20,87.47619047619048,87.15420085403132,0.29725780012086034,62
ionosphere,LINEAR,21,86.0079365079365,85.71778030144473,0.3204084997996688,63
ionosphere,LINEAR,22,88.29365079365078,87.98398484920676,0.36146590020507574,64
ionosphere,LINEAR,23,85.46031746031746,85.0415154214871,0.32241160003468394,65
ionosphere,LINEAR,24,87.2063492063492,86.83978392536511,0.3519900001119822,66
ionosphere,LINEAR,25,87.1984126984127,86.6089412126777,0.42764750006608665,67
ionosphere,LINEAR,26,86.04761904761904,85.29366790262773,0.2999808001331985,68
ionosphere,LINEAR,27,86.33333333333333,86.02228661146519,0.3917098001111299,69
ionosphere,LINEAR,28,86.32539682539682,86.1214159772779,0.35627029999159276,70
ionosphere,LINEAR,29,88.61111111111111,88.29100263957422,0.3660321000497788,71
ionosphere,LINEAR,30,86.88888888888889,86.41261522319802,0.33885399997234344,72
ionosphere,LINEAR,31,87.73809523809524,87.30180197993865,0.2989833999890834,73
ionosphere,LINEAR,32,88.6031746031746,88.36098079039235,0.3467705000657588,74
ionosphere,LINEAR,33,87.16666666666664,86.79681892539884,0.34089410002343357,75
ionosphere,LINEAR,34,88.61111111111111,88.29279040562324,0.33280410012230277,76
ionosphere,POLY,0,91.72222222222223,91.42673503277271,0.14090629993006587,42
ionosphere,POLY,1,91.14285714285714,90.6711279365477,0.13944369996897876,43
ionosphere,POLY,2,92.0,91.59391969147534,0.14152880012989044,44
ionosphere,POLY,3,92.3015873015873,92.07583648139426,0.1402353998273611,45
ionosphere,POLY,4,92.5873015873016,92.34270133123177,0.14019370009191334,46
ionosphere,POLY,5,92.30952380952381,91.99962236394438,0.1379165998660028,47
ionosphere,POLY,6,91.46825396825398,91.158501168554,0.1378817001823336,48
ionosphere,POLY,7,93.15079365079364,92.91014746271179,0.13925489992834628,49
ionosphere,POLY,8,92.30952380952381,92.01245980282961,0.13742529996670783,50
ionosphere,POLY,9,92.58730158730157,92.34013807362672,0.13728280016221106,51
ionosphere,POLY,10,91.44444444444446,91.20390032208299,0.14002829999662936,52
ionosphere,POLY,11,92.01587301587301,91.74161895039555,0.13933979999274015,53
ionosphere,POLY,12,92.02380952380953,91.70694348707922,0.13851860002614558,54
ionosphere,POLY,13,92.30158730158729,91.928795993747,0.13734459993429482,55
ionosphere,POLY,14,92.5873015873016,92.35015746826913,0.1375168999657035,56
ionosphere,POLY,15,92.60317460317461,92.41745982107254,0.13910709996707737,57
ionosphere,POLY,16,92.03174603174604,91.74291465641765,0.141881899908185,58
ionosphere,POLY,17,92.86507936507937,92.62059215827647,0.13836369989439845,59
ionosphere,POLY,18,90.88888888888889,90.56153237114894,0.13833220000378788,60
ionosphere,POLY,19,91.16666666666667,90.84588868160164,0.1402261999901384,61
ionosphere,POLY,20,91.16666666666667,90.74794905611044,0.13933939998969436,62
ionosphere,POLY,21,91.43650793650794,91.09826468731187,0.14031919999979436,63
ionosphere,POLY,22,91.15079365079366,90.79228340669296,0.13995149987749755,64
ionosphere,POLY,23,92.57142857142856,92.31893304551218,0.13794109993614256,65
ionosphere,POLY,24,92.32539682539682,92.10737657145704,0.13686039997264743,66
ionosphere,POLY,25,92.03968253968254,91.79165013474531,0.13908899994567037,67
ionosphere,POLY,26,92.03174603174602,91.6985512931197,0.1395191999617964,68
ionosphere,POLY,27,92.01587301587303,91.69462698093535,0.1379295999649912,69
ionosphere,POLY,28,92.5952380952381,92.44251692997922,0.1384200998581946,70
ionosphere,POLY,29,91.15873015873015,90.97593667501854,0.1370591998565942,71
ionosphere,POLY,30,93.15079365079364,92.94262285216324,0.13934409990906715,72
ionosphere,POLY,31,91.44444444444444,91.15304015463656,0.1403731000609696,73
ionosphere,POLY,32,92.87301587301589,92.69956894766722,0.13792199990712106,74
ionosphere,POLY,33,92.30952380952381,92.0950211710043,0.13759549986571074,75
ionosphere,POLY,34,92.31746031746033,92.06686466970784,0.13791860011406243,76
ionosphere,RBF,0,95.15079365079364,95.13123514286391,0.16181339998729527,42
ionosphere,RBF,1,94.57936507936508,94.53148023862775,0.15954450005665421,43
ionosphere,RBF,2,94.29365079365078,94.20440338500696,0.1603878999594599,44
ionosphere,RBF,3,94.57142857142857,94.51993665057759,0.16078249993734062,45
ionosphere,RBF,4,94.59523809523809,94.52145302841879,0.16030790004879236,46
ionosphere,RBF,5,94.6031746031746,94.56321181704655,0.16117119998671114,47
ionosphere,RBF,6,95.15873015873015,95.13890649841862,0.1600063000805676,48
ionosphere,RBF,7,95.16666666666667,95.13247025016561,0.15891739982180297,49
ionosphere,RBF,8,95.15873015873015,95.10815488978788,0.15934480004943907,50
ionosphere,RBF,9,95.73015873015873,95.65448316921028,0.16060730000026524,51
ionosphere,RBF,10,96.29365079365077,96.25994470174406,0.16096979985013604,52
ionosphere,RBF,11,95.15079365079364,95.12828899044506,0.16089310008101165,53
ionosphere,RBF,12,94.0079365079365,93.92678017912162,0.16104639996774495,54
ionosphere,RBF,13,94.58730158730158,94.54393032059347,0.1597202999982983,55
ionosphere,RBF,14,96.0,95.90424303833416,0.15991090005263686,56
ionosphere,RBF,15,95.44444444444444,95.41810762795946,0.16008169995620847,57
ionosphere,RBF,16,94.0079365079365,93.94706518068222,0.1608190000988543,58
ionosphere,RBF,17,95.15873015873015,95.05039145723056,0.1604710000101477,59
ionosphere,RBF,18,94.87301587301587,94.8202694570479,0.15924439998343587,60
ionosphere,RBF,19,94.57936507936508,94.55092660654178,0.1612205000128597,61
ionosphere,RBF,20,94.58730158730158,94.50528026398516,0.16220859996974468,62
ionosphere,RBF,21,94.3015873015873,94.23159048240719,0.16111509990878403,63
ionosphere,RBF,22,95.72222222222223,95.67985862891055,0.16001960006542504,64
ionosphere,RBF,23,95.42857142857143,95.38612509756369,0.1607480999082327,65
ionosphere,RBF,24,94.86507936507937,94.84524850860487,0.15939050004817545,66
ionosphere,RBF,25,95.17460317460318,95.09555125884252,0.1612392000388354,67
ionosphere,RBF,26,94.58730158730158,94.4739222781793,0.16092710010707378,68
ionosphere,RBF,27,95.14285714285714,95.04863533292104,0.15929129999130964,69
ionosphere,RBF,28,94.87301587301587,94.84166229588755,0.16030530002899468,70
ionosphere,RBF,29,94.59523809523809,94.57983095190168,0.16187680000439286,71
ionosphere,RBF,30,95.14285714285714,95.07328373065486,0.16053309990093112,72
ionosphere,RBF,31,94.87301587301587,94.8407167561892,0.15938420011661947,73
ionosphere,RBF,32,94.87301587301587,94.83971042374102,0.16102449991740286,74
ionosphere,RBF,33,95.73015873015873,95.71128793536123,0.15938089997507632,75
ionosphere,RBF,34,94.59523809523809,94.5405050315459,0.16035469993948936,76
ionosphere,HERMITE,0,87.73015873015873,87.93438454354006,0.7031839999835938,42
ionosphere,HERMITE,1,88.29365079365078,88.50649637644523,0.7025943999178708,43
ionosphere,HERMITE,2,86.9047619047619,87.07294984268363,0.7012688000686467,44
ionosphere,HERMITE,3,86.8888888888889,87.11614539551469,0.7022782999556512,45
ionosphere,HERMITE,4,87.19047619047619,87.38613968646469,0.7001789000350982,46
ionosphere,HERMITE,5,87.76190476190476,87.95842588325519,0.6978492999915034,47
ionosphere,HERMITE,6,88.03174603174604,88.21631666005894,0.6864142999984324,48
ionosphere,HERMITE,7,87.20634920634922,87.37886814940808,0.6967798001132905,49
ionosphere,HERMITE,8,87.73015873015872,87.90895319389283,0.6943092998117208,50
ionosphere,HERMITE,9,87.19047619047619,87.37663437050405,0.6973368001636118,51
ionosphere,HERMITE,10,88.32539682539682,88.51709521155652,0.6952949000988156,52
ionosphere,HERMITE,11,86.3015873015873,86.52614851737705,0.7005723998881876,53
ionosphere,HERMITE,12,86.87301587301587,87.07976938239315,0.699925199849531,54
ionosphere,HERMITE,13,87.73015873015872,87.93576353115796,0.7008768999949098,55
ionosphere,HERMITE,14,87.72222222222223,87.93301269674976,0.7021455999929458,56
ionosphere,HERMITE,15,86.9047619047619,87.10925858478014,0.7013836998958141,57
ionosphere,HERMITE,16,87.45238095238095,87.66713443788217,0.705282700015232,58
ionosphere,HERMITE,17,87.76190476190476,87.96660858111858,0.6935295001603663,59
ionosphere,HERMITE,18,87.17460317460318,87.36127510988729,0.692910100100562,60
ionosphere,HERMITE,19,87.18253968253968,87.39137724473976,0.694073999999091,61
ionosphere,HERMITE,20,87.15873015873015,87.36663969444052,0.6966558999847621,62
ionosphere,HERMITE,21,87.76190476190477,87.93539075834403,0.70457569998689,63
ionosphere,HERMITE,22,87.18253968253968,87.37138266490356,0.7011328998487443,64
ionosphere,HERMITE,23,87.73809523809524,87.93852467811632,0.7070036998484284,65
ionosphere,HERMITE,24,86.61111111111111,86.83878319612992,0.7071247000712901,66
ionosphere,HERMITE,25,88.03968253968254,88.23309167787072,0.7002127000596374,67
ionosphere,HERMITE,26,87.20634920634922,87.41469243826833,0.70691949990578,68
ionosphere,HERMITE,27,88.05555555555553,88.2006338617931,0.7053889001253992,69
ionosphere,HERMITE,28,87.73809523809524,87.94687143554418,0.7042282000184059,70
ionosphere,HERMITE,29,86.91269841269842,87.10095617879475,0.7049318000208586,71
ionosphere,HERMITE,30,86.88095238095238,87.09567580856799,0.7080562000628561,72
ionosphere,HERMITE,31,89.16666666666669,89.32599662016997,0.7138877001125365,73
ionosphere,HERMITE,32,88.03968253968254,88.20759043336726,0.697878599865362,74
ionosphere,HERMITE,33,87.76190476190477,87.96689343028294,0.7010191997978836,75
ionosphere,HERMITE,34,88.01587301587303,88.20491231811722,0.7020713998936117,76
ionosphere,GEGEN,0,93.73015873015873,93.60552397834935,1.047793900128454,42
ionosphere,GEGEN,1,94.01587301587301,93.90481517341529,1.0547110000625253,43
ionosphere,GEGEN,2,92.87301587301589,92.46968524432289,1.0468413999769837,44
ionosphere,GEGEN,3,93.44444444444446,93.30344357832757,1.0578417000360787,45
ionosphere,GEGEN,4,94.3015873015873,94.18546397158751,1.0505286999978125,46
ionosphere,GEGEN,5,93.44444444444446,93.29170126107957,1.0480528001207858,47
ionosphere,GEGEN,6,92.88095238095238,92.7073286733069,1.053057200042531,48
ionosphere,GEGEN,7,94.01587301587301,93.89212662923612,1.0524744999129325,49
ionosphere,GEGEN,8,93.45238095238095,93.33919002728912,1.054719900013879,50
ionosphere,GEGEN,9,93.74603174603176,93.62548765039051,1.0513284001499414,51
ionosphere,GEGEN,10,94.58730158730158,94.45122266297969,1.0487470999360085,52
ionosphere,GEGEN,11,93.72222222222221,93.6270994444772,1.0525542001705617,53
ionosphere,GEGEN,12,93.15873015873017,92.91976480811819,1.0496052000671625,54
ionosphere,GEGEN,13,93.45238095238095,93.34189660580965,1.074444399913773,55
ionosphere,GEGEN,14,94.0079365079365,93.85540285168294,1.0631334001664072,56
ionosphere,GEGEN,15,94.58730158730158,94.4941451920915,1.0749242999590933,57
ionosphere,GEGEN,16,94.01587301587301,93.89642451270038,1.0628408999182284,58
ionosphere,GEGEN,17,94.0079365079365,93.76781740575588,1.0569728999398649,59
ionosphere,GEGEN,18,93.44444444444446,93.31097423885049,1.0547108999453485,60
ionosphere,GEGEN,19,93.45238095238095,93.34863974182727,1.053992599947378,61
ionosphere,GEGEN,20,94.58730158730158,94.46749070660377,1.0663818998727947,62
ionosphere,GEGEN,21,93.44444444444446,93.28280325483608,1.049206799827516,63
ionosphere,GEGEN,22,93.72222222222221,93.52850643234734,1.0716524999588728,64
ionosphere,GEGEN,23,94.85714285714286,94.73275116592606,1.048968099988997,65
ionosphere,GEGEN,24,93.46031746031747,93.34996905508041,1.0595883000642061,66
ionosphere,GEGEN,25,93.46825396825396,93.29278080561035,1.0499489000067115,67
ionosphere,GEGEN,26,94.59523809523809,94.51857119919062,1.0605635000392795,68
ionosphere,GEGEN,27,93.71428571428572,93.54888995795999,1.057444600155577,69
ionosphere,GEGEN,28,94.59523809523809,94.48344169595958,1.0499097998254001,70
ionosphere,GEGEN,29,93.45238095238095,93.3458085850085,1.0488228001631796,71
ionosphere,GEGEN,30,93.15079365079364,93.01741321758075,1.0605410998687148,72
ionosphere,GEGEN,31,94.29365079365078,94.18142368340921,1.0642804000526667,73
ionosphere,GEGEN,32,93.74603174603176,93.61066348434697,1.0522493000607938,74
ionosphere,GEGEN,33,94.01587301587301,93.89746100947421,1.0497951998841017,75
ionosphere,GEGEN,34,94.88095238095238,94.82170109683832,1.05405870010145,76
ionosphere,AL-SALAM,0,94.29365079365078,94.27431524300673,5.515060500008985,42
ionosphere,AL-SALAM,1,94.02380952380952,94.05925087881114,5.515238000079989,43
ionosphere,AL-SALAM,2,95.15079365079366,95.07081128024313,5.537888400023803,44
ionosphere,AL-SALAM,3,94.57142857142857,94.57237966841608,5.501842400059104,45
ionosphere,AL-SALAM,4,93.44444444444446,93.45797727963895,5.513853099895641,46
ionosphere,AL-SALAM,5,93.73809523809523,93.76703456769562,5.5278731000144035,47
ionosphere,AL-SALAM,6,95.43650793650794,95.44832923240219,5.509851600043476,48
ionosphere,AL-SALAM,7,94.02380952380952,94.0247331764794,5.51903700013645,49
ionosphere,AL-SALAM,8,95.43650793650794,95.42047922488888,5.506815499858931,50
ionosphere,AL-SALAM,9,93.46825396825396,93.4969593566618,5.508453599875793,51
ionosphere,AL-SALAM,10,94.87301587301587,94.8663744896493,5.513425100129098,52
ionosphere,AL-SALAM,11,93.44444444444446,93.48969562737004,5.520484100095928,53
ionosphere,AL-SALAM,12,94.0079365079365,93.97744848820851,5.513271699892357,54
ionosphere,AL-SALAM,13,94.03174603174604,94.0549113917465,5.517784300027415,55
ionosphere,AL-SALAM,14,94.85714285714286,94.86189312135227,5.517806699965149,56
ionosphere,AL-SALAM,15,94.28571428571428,94.32027443319788,5.5063102000858635,57
ionosphere,AL-SALAM,16,94.86507936507937,94.83782234547374,5.50167529983446,58
ionosphere,AL-SALAM,17,93.17460317460318,93.14301994485736,5.524829899892211,59
ionosphere,AL-SALAM,18,94.02380952380952,94.00017206690491,5.49796129995957,60
ionosphere,AL-SALAM,19,92.87301587301589,92.91796603379,5.522461500018835,61
ionosphere,AL-SALAM,20,95.44444444444444,95.43567782432535,5.511490999953821,62
ionosphere,AL-SALAM,21,92.86507936507937,92.8917481264098,5.5118180999998,63
ionosphere,AL-SALAM,22,94.30952380952382,94.32560328194175,5.581464599817991,64
ionosphere,AL-SALAM,23,94.29365079365078,94.29467061612164,5.514355200110003,65
ionosphere,AL-SALAM,24,93.73015873015873,93.74762428048143,5.511388099985197,66
ionosphere,AL-SALAM,25,94.59523809523809,94.56785574174575,5.514239199925214,67
ionosphere,AL-SALAM,26,94.6031746031746,94.59874487168729,5.504199600080028,68
ionosphere,AL-SALAM,27,94.02380952380952,94.00633238775346,5.496675900183618,69
ionosphere,AL-SALAM,28,94.0079365079365,94.05150876137208,5.507723799906671,70
ionosphere,AL-SALAM,29,93.16666666666666,93.19664905898145,5.523905900074169,71
ionosphere,AL-SALAM,30,94.85714285714286,94.86010374530578,5.539973500184715,72
ionosphere,AL-SALAM,31,94.3015873015873,94.29432784088733,5.491804799996316,73
ionosphere,AL-SALAM,32,94.87301587301587,94.88559455410552,5.528654599795118,74
ionosphere,AL-SALAM,33,92.30952380952381,92.31663668512006,5.517109100008383,75
ionosphere,AL-SALAM,34,94.87301587301587,94.85816900202269,5.50091139995493,76
breast,LINEAR,0,96.77962489343564,96.77349100866772,0.1631707998458296,42
breast,LINEAR,1,96.48337595907928,96.49246042107266,0.16078780009411275,43
breast,LINEAR,2,96.93094629156009,96.94095529504429,0.1703675000462681,44
breast,LINEAR,3,96.77109974424553,96.77450250297234,0.17054229998029768,45
breast,LINEAR,4,96.63469735720376,96.63887303983716,0.17045159987173975,46
breast,LINEAR,5,96.64109121909632,96.65613215884227,0.16813949984498322,47
breast,LINEAR,6,96.63043478260869,96.6363745005695,0.17042690003290772,48
breast,LINEAR,7,96.78175618073317,96.78270619684156,0.16004849993623793,49
breast,LINEAR,8,96.63043478260867,96.63194122685681,0.17178620002232492,50
breast,LINEAR,9,96.63043478260872,96.63480409120864,0.1642909999936819,51
breast,LINEAR,10,96.7774936061381,96.77103687046656,0.17680670018307865,52
breast,LINEAR,11,96.77962489343564,96.76774140054114,0.1736205001361668,53
breast,LINEAR,12,96.62404092071611,96.6345247049977,0.16340350010432303,54
breast,LINEAR,13,96.48337595907928,96.48527856371162,0.16013549990020692,55
breast,LINEAR,14,96.92881500426257,96.93615716186072,0.15979929990135133,56
breast,LINEAR,15,96.48124467178174,96.49138525157689,0.16022410010918975,57
breast,LINEAR,16,96.77323103154306,96.77939279224486,0.17007630015723407,58
breast,LINEAR,17,96.77109974424552,96.77722747309895,0.1603549001738429,59
breast,LINEAR,18,96.49190110826939,96.49487326471646,0.16488179983571172,60
breast,LINEAR,19,96.91602728047741,96.92262521276807,0.16020100004971027,61
breast,LINEAR,20,97.07161125319693,97.07508775514269,0.1617244000080973,62
breast,LINEAR,21,96.63469735720375,96.64058682971854,0.1590307999867946,63
breast,LINEAR,22,96.48124467178174,96.48473104626753,0.16807850007899106,64
breast,LINEAR,23,96.92881500426257,96.93843378286732,0.15849680011160672,65
breast,LINEAR,24,96.77109974424552,96.78075538679444,0.1600148999132216,66
breast,LINEAR,25,96.48763853367434,96.49417448240641,0.1598040999379009,67
breast,LINEAR,26,96.77109974424552,96.77842997308281,0.1613924999255687,68
breast,LINEAR,27,97.075873827792,97.07329818562953,0.16188829997554421,69
breast,LINEAR,28,96.79028132992329,96.80722448606275,0.16485369997099042,70
breast,LINEAR,29,96.63256606990622,96.63946784808702,0.16150079993531108,71
breast,LINEAR,30,96.63256606990623,96.63641418525228,0.1626814000774175,72
breast,LINEAR,31,96.92881500426257,96.92486897068568,0.16079199989326298,73
breast,LINEAR,32,96.78175618073318,96.78436811037041,0.16095430008135736,74
breast,LINEAR,33,96.77536231884056,96.77890740496572,0.16242859978228807,75
breast,LINEAR,34,96.48976982097187,96.50411357181848,0.16413960000500083,76
breast,POLY,0,91.93947144075022,91.64159726010647,0.452369200065732,42
breast,POLY,1,92.10571184995736,91.77484177181616,0.45095269987359643,43
breast,POLY,2,92.23998294970161,91.9741007882448,0.44776190002448857,44
breast,POLY,3,91.95439045183291,91.64364442303409,0.4469675999134779,45
breast,POLY,4,91.95225916453538,91.6134393155915,0.45069149998016655,46
breast,POLY,5,91.94586530264279,91.6321648000972,0.44887740002013743,47
breast,POLY,6,91.7988064791134,91.4505200266826,0.4496740000322461,48
breast,POLY,7,92.24424552429667,91.93810990119992,0.4496083001140505,49
breast,POLY,8,91.66879795396419,91.30613545337305,0.4503393000923097,50
breast,POLY,9,91.94799658994033,91.62520725187106,0.4466715999878943,51
breast,POLY,10,92.09931798806478,91.75630403407754,0.45283770002424717,52
breast,POLY,11,91.80520034100597,91.49406024991953,0.4494129999075085,53
breast,POLY,12,91.94160272804773,91.62724433723201,0.4476878000423312,54
breast,POLY,13,91.95652173913042,91.62616435648346,0.4538622999098152,55
breast,POLY,14,91.9479965899403,91.6506078875353,0.44655769993551075,56
breast,POLY,15,91.94373401534527,91.66072336239046,0.4479018999263644,57
breast,POLY,16,92.2378516624041,91.92931730357401,0.44806839991360903,58
breast,POLY,17,91.79880647911338,91.50024566634613,0.4509499999694526,59
breast,POLY,18,91.96078431372548,91.64191653745901,0.4486346000339836,60
breast,POLY,19,91.9394714407502,91.64149751719515,0.4578058999031782,61
breast,POLY,20,91.95012787723785,91.65035491534427,0.4498487999662757,62
breast,POLY,21,92.0993179880648,91.83223003430815,0.4456859000492841,63
breast,POLY,22,92.09292412617222,91.79949170984523,0.44774669990874827,64
breast,POLY,23,91.94160272804774,91.59114654857396,0.4474341000895947,65
breast,POLY,24,92.09292412617222,91.77529357102699,0.44546260009519756,66
breast,POLY,25,91.5068201193521,91.16441255314223,0.4510769001208246,67
breast,POLY,26,92.0843989769821,91.79079958732122,0.4492001999169588,68
breast,POLY,27,92.10997442455243,91.80217213530058,0.4444628998171538,69
breast,POLY,28,91.94799658994033,91.63893421570913,0.4536902999971062,70
breast,POLY,29,92.0929241261722,91.79966104311565,0.45408660010434687,71
breast,POLY,30,91.95012787723785,91.65412403334565,0.4545012000016868,72
breast,POLY,31,91.94586530264279,91.59850642795378,0.4542576000094414,73
breast,POLY,32,92.24211423699916,91.93495110396609,0.4519506997894496,74
breast,POLY,33,91.93520886615516,91.62029376284376,0.45033799996599555,75
breast,POLY,34,91.95652173913042,91.64371383124397,0.44679220020771027,76
breast,RBF,0,96.48337595907928,96.5121083536921,0.2692059997934848,42
breast,RBF,1,96.18925831202047,96.22420565098766,0.25911700003780425,43
breast,RBF,2,96.34484228473997,96.38015616828798,0.26123329997062683,44
breast,RBF,3,96.48124467178174,96.51449855844312,0.26047759992070496,45
breast,RBF,4,96.33631713554986,96.36716772970789,0.26831429987214506,46
breast,RBF,5,96.04859335038363,96.09088962066862,0.26214250014163554,47
breast,RBF,6,96.19565217391303,96.23012907817072,0.26198469987139106,48
breast,RBF,7,96.33418584825233,96.37030997551257,0.2600698999594897,49
breast,RBF,8,96.63256606990622,96.67048241656649,0.27059680013917387,50
breast,RBF,9,96.19138959931799,96.2249666371515,0.2707901999820024,51
breast,RBF,10,96.04219948849106,96.05896864942925,0.2629409998189658,52
breast,RBF,11,96.19138959931799,96.22473866694378,0.26287740003317595,53
breast,RBF,12,96.33631713554986,96.36881449392479,0.2700007997918874,54
breast,RBF,13,96.33631713554986,96.37068259346428,0.2617812000680715,55
breast,RBF,14,96.48550724637681,96.51334067956425,0.26175469998270273,56
breast,RBF,15,96.19138959931799,96.22731503280247,0.26487640012055635,57
breast,RBF,16,96.3384484228474,96.3656793386168,0.2655851000454277,58
breast,RBF,17,96.48550724637681,96.52200297859441,0.2615151999052614,59
breast,RBF,18,96.3384484228474,96.36611093089033,0.261715600034222,60
breast,RBF,19,96.3384484228474,96.37360280802035,0.2647068998776376,61
breast,RBF,20,96.34697357203751,96.37636979580832,0.26608790014870465,62
breast,RBF,21,96.48337595907928,96.51632461811775,0.26229500002227724,63
breast,RBF,22,96.33418584825233,96.36146827450413,0.25997629994526505,64
breast,RBF,23,96.48763853367433,96.52242419074727,0.26925809984095395,65
breast,RBF,24,96.32779198635977,96.36717918894131,0.26216619997285306,66
breast,RBF,25,96.19352088661553,96.23781742777544,0.2618835000321269,67
breast,RBF,26,96.33418584825235,96.36669366559558,0.26177899981848896,68
breast,RBF,27,96.34057971014492,96.37442666011339,0.26836480014026165,69
breast,RBF,28,96.50042625745951,96.54714588365054,0.26026109978556633,70
breast,RBF,29,96.19565217391303,96.23354818761136,0.26283630006946623,71
breast,RBF,30,96.33631713554986,96.37363457980571,0.2629068000242114,72
breast,RBF,31,96.04859335038363,96.07768876622387,0.26598000014200807,73
breast,RBF,32,96.63256606990622,96.66709640177764,0.2614855000283569,74
breast,RBF,33,96.34057971014494,96.37026134225157,0.26182009978219867,75
breast,RBF,34,96.19565217391305,96.22914568765752,0.26168360002338886,76
breast,HERMITE,0,97.06734867860186,97.07738809299752,1.0670823000837117,42
breast,HERMITE,1,96.04859335038363,96.07687347576513,1.140744199976325,43
breast,HERMITE,2,96.34271099744245,96.36459115013014,1.0725311001297086,44
breast,HERMITE,3,96.48124467178174,96.50167199233364,1.1494279000908136,45
breast,HERMITE,4,96.3384484228474,96.3583525600867,1.093309300020337,46
breast,HERMITE,5,96.34271099744247,96.36925766990664,1.0775009000208229,47
breast,HERMITE,6,96.04859335038365,96.075576048771,1.1175363999791443,48
breast,HERMITE,7,96.33631713554986,96.36104478582762,1.0907870999071747,49
breast,HERMITE,8,96.48763853367434,96.50715043701197,1.1390378999058157,50
breast,HERMITE,9,96.19138959931799,96.21218496590622,1.044516900088638,51
breast,HERMITE,10,96.18712702472294,96.19648635012089,1.1654093998949975,52
breast,HERMITE,11,96.05072463768116,96.05305051153204,1.0641836998984218,53
breast,HERMITE,12,96.1849957374254,96.20093465626675,1.114848499884829,54
breast,HERMITE,13,96.34484228473997,96.35298399986576,1.0916784000582993,55
breast,HERMITE,14,96.34057971014494,96.35644751889942,1.1341182000469416,56
breast,HERMITE,15,96.63043478260869,96.6489974374174,1.1119490000419319,57
breast,HERMITE,16,96.62830349531116,96.63161373562475,1.0687425001524389,58
breast,HERMITE,17,97.07161125319692,97.08088841603917,1.1121342000551522,59
breast,HERMITE,18,96.63682864450129,96.65082086347837,1.065110499970615,60
breast,HERMITE,19,96.48550724637681,96.5069178316196,1.1348488999065012,61
breast,HERMITE,20,96.48763853367434,96.50158982976004,1.0575550000648946,62
breast,HERMITE,21,96.48550724637681,96.50638618327167,1.1753752999939024,63
breast,HERMITE,22,96.33205456095482,96.35000501249769,1.0770686001051217,64
breast,HERMITE,23,96.04859335038365,96.07381431511604,1.0960238000843674,65
breast,HERMITE,24,96.32566069906223,96.35331027671057,1.103747600223869,66
breast,HERMITE,25,96.92668371696504,96.94238062607108,1.0940789000596851,67
breast,HERMITE,26,96.47698209718669,96.49441039067564,1.1181763999629766,68
breast,HERMITE,27,96.34057971014492,96.35379030697315,1.0576408000197262,69
breast,HERMITE,28,96.64109121909632,96.66100152118997,1.147441300097853,70
breast,HERMITE,29,96.48337595907928,96.50633822014456,1.0911389000248164,71
breast,HERMITE,30,97.06947996589939,97.0882780928392,1.1491054000798613,72
breast,HERMITE,31,96.77962489343564,96.79102544787006,1.076928999973461,73
breast,HERMITE,32,96.34484228473997,96.36241434064564,1.1112148999236524,74
breast,HERMITE,33,96.6325660699062,96.64742499842511,1.1004240999463946,75
breast,HERMITE,34,96.49190110826939,96.51073392229404,1.1202640000265092,76
breast,GEGEN,0,96.78175618073318,96.78678798671096,1.508697000099346,42
breast,GEGEN,1,96.77749360613811,96.78691652218548,1.4948980999179184,43
breast,GEGEN,2,96.78388746803067,96.7933963541947,1.479401299962774,44
breast,GEGEN,3,96.77109974424553,96.77991801288755,1.5034602000378072,45
breast,GEGEN,4,96.77962489343562,96.78472587106562,1.5043345999438316,46
breast,GEGEN,5,96.7838874680307,96.79124262737447,1.5036212999839336,47
breast,GEGEN,6,96.77962489343564,96.78775686770456,1.4820276000536978,48
breast,GEGEN,7,96.77962489343562,96.78707603944616,1.5061886999756098,49
breast,GEGEN,8,96.77536231884056,96.78203920777563,1.4952310000080615,50
breast,GEGEN,9,96.78175618073318,96.78812362983085,1.5041795000433922,51
breast,GEGEN,10,96.77749360613811,96.77900007867567,1.4959575000684708,52
breast,GEGEN,11,96.92881500426257,96.92711393613097,1.5046272999607027,53
breast,GEGEN,12,96.77109974424552,96.78232887372091,1.495423500193283,54
breast,GEGEN,13,96.77962489343564,96.79029849256034,1.4996801000088453,55
breast,GEGEN,14,96.78175618073317,96.78465164039342,1.4905582000501454,56
breast,GEGEN,15,96.77536231884056,96.78619166701054,1.4940677999984473,57
breast,GEGEN,16,96.77536231884059,96.77814444032664,1.502880800049752,58
breast,GEGEN,17,96.77536231884056,96.78090627332148,1.503112900070846,59
breast,GEGEN,18,96.79028132992326,96.79347266305047,1.4848468999844044,60
breast,GEGEN,19,96.77109974424553,96.77852613558713,1.531767199980095,61
breast,GEGEN,20,96.77749360613811,96.78161040673346,1.496915099909529,62
breast,GEGEN,21,96.77962489343564,96.78862215793467,1.5003688000142574,63
breast,GEGEN,22,96.77323103154303,96.77952446789475,1.4995741001330316,64
breast,GEGEN,23,96.7838874680307,96.79215655497906,1.5026289001107216,65
breast,GEGEN,24,96.77109974424552,96.78149567813519,1.4862464999314398,66
breast,GEGEN,25,96.77536231884056,96.78451821955323,1.4962534999940544,67
breast,GEGEN,26,96.77323103154306,96.7801442845306,1.485091800102964,68
breast,GEGEN,27,96.78175618073314,96.79158042410275,1.4919161999132484,69
breast,GEGEN,28,96.79028132992329,96.80507776768383,1.4916487000882626,70
breast,GEGEN,29,96.78175618073318,96.78966412779693,1.507832800038159,71
breast,GEGEN,30,96.77536231884059,96.78789897664423,1.4750598999671638,72
breast,GEGEN,31,96.78175618073318,96.78232205838398,1.5030137000139803,73
breast,GEGEN,32,96.92455242966751,96.92759979787449,1.491247999947518,74
breast,GEGEN,33,96.62617220801361,96.63157444171269,1.5222060999367386,75
breast,GEGEN,34,96.78175618073318,96.79451893469879,1.4866699001286179,76
breast,AL-SALAM,0,93.99616368286445,93.98394208379622,2.001357299974188,42
breast,AL-SALAM,1,93.99190110826939,93.98604607754268,1.9780681999400258,43
breast,AL-SALAM,2,93.99616368286445,93.98242097173501,1.977877500001341,44
breast,AL-SALAM,3,94.72719522591643,94.7286887191853,1.9814156000502408,45
breast,AL-SALAM,4,94.43734015345268,94.44532646510119,1.9815837999340147,46
breast,AL-SALAM,5,94.29454390451832,94.30328890609833,1.9804034000262618,47
breast,AL-SALAM,6,94.73358908780902,94.7493537414866,1.9807319000829011,48
breast,AL-SALAM,7,94.13682864450126,94.14821979352152,1.978016900131479,49
breast,AL-SALAM,8,94.8699914748508,94.8681406629673,1.9795510000549257,50
breast,AL-SALAM,9,94.5843989769821,94.59570805783987,1.9851025000680238,51
breast,AL-SALAM,10,93.99190110826939,93.97619547604023,1.9811623999848962,52
breast,AL-SALAM,11,94.58013640238704,94.5919347787269,1.9930530001875013,53
breast,AL-SALAM,12,94.42881500426256,94.44255081362229,1.976196900010109,54
breast,AL-SALAM,13,94.72719522591643,94.73178930469673,1.975095999892801,55
breast,AL-SALAM,14,94.57800511508951,94.57542716495121,1.9806615998968482,56
breast,AL-SALAM,15,94.87212276214834,94.84798572591848,1.9830428999848664,57
breast,AL-SALAM,16,94.87425404944587,94.87217677131416,1.9846812998875976,58
breast,AL-SALAM,17,95.02131287297529,95.03240788562393,1.979050800204277,59
breast,AL-SALAM,18,93.99403239556692,93.98266947416745,1.9858097999822348,60
breast,AL-SALAM,19,94.1453537936914,94.14240989056889,1.97586979996413,61
breast,AL-SALAM,20,94.87851662404093,94.88073506660004,1.9791923000011593,62
breast,AL-SALAM,21,95.01705029838021,95.038369410882,1.986500200117007,63
breast,AL-SALAM,22,94.71867007672634,94.72152600142888,1.9776507001370192,64
breast,AL-SALAM,23,94.72506393861892,94.72732229282877,1.9799275000113994,65
breast,AL-SALAM,24,94.2774936061381,94.28584724830003,1.9780976998154074,66
breast,AL-SALAM,25,94.2924126172208,94.29474568530809,1.9805986999999732,67
breast,AL-SALAM,26,94.1389599317988,94.1376484823422,1.9818367999978364,68
breast,AL-SALAM,27,94.14748508098893,94.1564815388984,1.9804146001115441,69
breast,AL-SALAM,28,94.4458653026428,94.47122515177877,1.982186600100249,70
breast,AL-SALAM,29,94.5843989769821,94.60827683531623,1.9852679998148233,71
breast,AL-SALAM,30,94.71867007672635,94.7213775672861,2.005802199942991,72
breast,AL-SALAM,31,94.58013640238704,94.57533848945003,2.00162240001373,73
breast,AL-SALAM,32,95.31969309462914,95.33948503835614,1.973584600025788,74
breast,AL-SALAM,33,93.70417732310314,93.68464610069397,1.9798377000261098,75
breast,AL-SALAM,34,93.99616368286445,94.00242353738419,1.973865499952808,76
australian,LINEAR,0,85.5072463768116,85.52738744557628,0.21265819994732738,42
australian,LINEAR,1,85.50724637681158,85.53058487978295,0.21034160000272095,43
australian,LINEAR,2,85.50724637681158,85.5268383506235,0.21579459984786808,44
australian,LINEAR,3,85.5072463768116,85.53148311912203,0.21323560015298426,45
australian,LINEAR,4,85.5072463768116,85.51822776205645,0.21339000016450882,46
australian,LINEAR,5,85.5072463768116,85.51406581487784,0.2082871999591589,47
australian,LINEAR,6,85.5072463768116,85.52178357834484,0.2086179000325501,48
australian,LINEAR,7,85.5072463768116,85.52438262097309,0.2145078000612557,49
australian,LINEAR,8,85.5072463768116,85.50855356349697,0.2075060000643134,50
australian,LINEAR,9,85.5072463768116,85.5163785447357,0.21233960008248687,51
australian,LINEAR,10,85.5072463768116,85.51579929195083,0.21183059993200004,52
australian,LINEAR,11,85.5072463768116,85.52405844854972,0.21732169995084405,53
australian,LINEAR,12,85.5072463768116,85.51986327837923,0.21475399984046817,54
australian,LINEAR,13,85.5072463768116,85.53147896127197,0.21374160004779696,55
australian,LINEAR,14,85.5072463768116,85.53628597246555,0.20972590008750558,56
australian,LINEAR,15,85.5072463768116,85.51828004026936,0.21270910021848977,57
australian,LINEAR,16,85.50724637681158,85.5048131487582,0.221682800212875,58
australian,LINEAR,17,85.5072463768116,85.53757113194538,0.2095899002160877,59
australian,LINEAR,18,85.50724637681158,85.5338275286807,0.21647029998712242,60
australian,LINEAR,19,85.5072463768116,85.53359842291133,0.21230800007469952,61
australian,LINEAR,20,85.5072463768116,85.51226821594271,0.21174399997107685,62
australian,LINEAR,21,85.5072463768116,85.52125642579321,0.21257640002295375,63
australian,LINEAR,22,85.50724637681158,85.5326799744,0.212252700002864,64
australian,LINEAR,23,85.50724637681158,85.50796611232157,0.21289760014042258,65
australian,LINEAR,24,85.5072463768116,85.52970960703155,0.2131952999625355,66
australian,LINEAR,25,85.5072463768116,85.52015749354698,0.20998759986832738,67
australian,LINEAR,26,85.5072463768116,85.52374836666671,0.2127076000906527,68
australian,LINEAR,27,85.50724637681158,85.52195715553799,0.2078255999367684,69
australian,LINEAR,28,85.5072463768116,85.52117143463096,0.21220039995387197,70
australian,LINEAR,29,85.5072463768116,85.51609813756727,0.20971459988504648,71
australian,LINEAR,30,85.5072463768116,85.53287181500687,0.22087939991615713,72
australian,LINEAR,31,85.5072463768116,85.51483536897285,0.21191610000096262,73
australian,LINEAR,32,85.5072463768116,85.53036808227932,0.20967369992285967,74
australian,LINEAR,33,85.50724637681158,85.52480823573741,0.21096999989822507,75
australian,LINEAR,34,85.50724637681158,85.52569454609505,0.212581800064072,76
australian,POLY,0,85.94202898550725,85.92941151252471,0.49710130016319454,42
australian,POLY,1,86.52173913043478,86.52496174534822,0.4948345997836441,43
australian,POLY,2,85.21739130434781,85.23699523126078,0.4971543999854475,44
australian,POLY,3,85.65217391304347,85.66340904973728,0.48962730006314814,45
australian,POLY,4,85.94202898550725,85.90122224106554,0.4915531000588089,46
australian,POLY,5,85.5072463768116,85.49263421362333,0.4916179000865668,47
australian,POLY,6,85.5072463768116,85.50815749196315,0.493504999903962,48
australian,POLY,7,85.3623188405797,85.33448629416347,0.4908733998890966,49
australian,POLY,8,85.79710144927535,85.76636077777161,0.496678699972108,50
australian,POLY,9,85.79710144927535,85.76347461351955,0.49486530013382435,51
australian,POLY,10,86.81159420289856,86.81013675163317,0.4993253001011908,52
australian,POLY,11,85.65217391304347,85.65183310506035,0.49512949981726706,53
australian,POLY,12,85.94202898550725,85.92524336409582,0.4910637999419123,54
australian,POLY,13,86.37681159420289,86.37431785072393,0.4968155000824481,55
australian,POLY,14,85.79710144927537,85.79090593253888,0.4984713001176715,56
australian,POLY,15,85.3623188405797,85.36507971598267,0.4895490000490099,57
australian,POLY,16,85.65217391304347,85.61717208561325,0.49281650013290346,58
australian,POLY,17,86.08695652173913,86.07313976453011,0.4909656001254916,59
australian,POLY,18,84.92753623188406,84.9196418037026,0.4911629999987781,60
australian,POLY,19,86.08695652173913,86.10091822150092,0.4963062999304384,61
australian,POLY,20,85.94202898550725,85.94299083336274,0.49301149998791516,62
australian,POLY,21,85.79710144927535,85.80616248354035,0.49232150008901954,63
australian,POLY,22,85.79710144927537,85.78832362005483,0.49159010010771453,64
australian,POLY,23,85.3623188405797,85.37051757728173,0.49146859999746084,65
australian,POLY,24,85.3623188405797,85.36747183174388,0.4914998000022024,66
australian,POLY,25,85.79710144927537,85.81039035260977,0.493963599903509,67
australian,POLY,26,86.23188405797102,86.23776928719607,0.49522939999587834,68
australian,POLY,27,86.66666666666666,86.67605378074433,0.4916626000776887,69
australian,POLY,28,85.5072463768116,85.48922083813825,0.4941037001553923,70
australian,POLY,29,86.37681159420289,86.38271797914545,0.4922527000308037,71
australian,POLY,30,85.3623188405797,85.36462235073759,0.49218920012935996,72
australian,POLY,31,85.21739130434781,85.22258830450653,0.4991062998306006,73
australian,POLY,32,84.78260869565217,84.76959020041726,0.4957642999943346,74
australian,POLY,33,85.5072463768116,85.49559899499081,0.49478340009227395,75
australian,POLY,34,84.6376811594203,84.64043965762727,0.4933632998727262,76
australian,RBF,0,85.07246376811595,85.05266215005152,0.30035210005007684,42
australian,RBF,1,86.23188405797102,86.24207749627317,0.2965328998398036,43
australian,RBF,2,85.3623188405797,85.3767740953175,0.3011394999921322,44
australian,RBF,3,85.3623188405797,85.37466422316086,0.2977044000290334,45
australian,RBF,4,85.3623188405797,85.30967305528371,0.29541989997960627,46
australian,RBF,5,84.92753623188406,84.92826026957066,0.2957846000790596,47
australian,RBF,6,85.07246376811594,85.08333573063307,0.3030685998965055,48
australian,RBF,7,85.21739130434783,85.20412068614766,0.2956636000890285,49
australian,RBF,8,84.92753623188406,84.88439079853603,0.294392199954018,50
australian,RBF,9,86.08695652173914,86.05346283506057,0.2989673998672515,51
australian,RBF,10,86.52173913043478,86.52596380692205,0.29385180003009737,52
australian,RBF,11,85.3623188405797,85.3587573152723,0.2957502999342978,53
australian,RBF,12,85.65217391304347,85.64703648759352,0.2990240999497473,54
australian,RBF,13,85.79710144927535,85.80233761783444,0.29755440005101264,55
australian,RBF,14,85.5072463768116,85.49876122196981,0.2973980999086052,56
australian,RBF,15,85.21739130434783,85.22791710495854,0.2927915998734534,57
australian,RBF,16,85.36231884057972,85.3448820396309,0.2949210999067873,58
australian,RBF,17,85.79710144927537,85.77676626867013,0.29551749979145825,59
australian,RBF,18,85.50724637681158,85.5106336583178,0.2959791999310255,60
australian,RBF,19,85.65217391304347,85.66781463034219,0.30073209991678596,61
australian,RBF,20,86.23188405797102,86.24136012332512,0.2972691000904888,62
australian,RBF,21,84.92753623188406,84.929044036354,0.2972214000765234,63
australian,RBF,22,85.94202898550725,85.93156764025763,0.29890950000844896,64
australian,RBF,23,86.3768115942029,86.3660061127565,0.3005668001715094,65
australian,RBF,24,85.3623188405797,85.36593264429283,0.2948664999566972,66
australian,RBF,25,85.5072463768116,85.50316269721885,0.293671399820596,67
australian,RBF,26,85.94202898550725,85.95079559524349,0.30046239984221756,68
australian,RBF,27,85.94202898550725,85.941703208745,0.2942279998678714,69
australian,RBF,28,85.21739130434783,85.1970214182952,0.2927808999083936,70
australian,RBF,29,85.3623188405797,85.35812356081227,0.2997363000176847,71
australian,RBF,30,85.79710144927537,85.79551015819263,0.29436850012280047,72
australian,RBF,31,85.07246376811594,85.06231484837669,0.29659050004556775,73
australian,RBF,32,84.4927536231884,84.47264257442588,0.29714800021611154,74
australian,RBF,33,85.94202898550725,85.94313541685918,0.2996037001721561,75
australian,RBF,34,85.3623188405797,85.36323393164899,0.293642699951306,76
australian,HERMITE,0,82.89855072463767,82.85327619058049,1.8732314999215305,42
australian,HERMITE,1,84.05797101449275,84.08063110798538,1.8507203999906778,43
australian,HERMITE,2,83.62318840579711,83.64570134604008,1.8766862000338733,44
australian,HERMITE,3,84.34782608695653,84.35473879435534,1.8655620000790805,45
australian,HERMITE,4,84.20289855072463,84.17306723860835,1.8612550001125783,46
australian,HERMITE,5,83.76811594202898,83.77545513946016,1.8340392999816686,47
australian,HERMITE,6,84.20289855072465,84.19430646923554,1.860153199872002,48
australian,HERMITE,7,83.47826086956522,83.46196999799463,1.8616730000358075,49
australian,HERMITE,8,83.91304347826087,83.87933912284375,1.8710306999273598,50
australian,HERMITE,9,84.6376811594203,84.61300185234852,1.8546953999903053,51
australian,HERMITE,10,84.20289855072465,84.17880507037646,1.8861808001529425,52
australian,HERMITE,11,83.33333333333333,83.34229467243347,1.8451598999090493,53
australian,HERMITE,12,84.05797101449275,84.06296853597898,1.883705599932,54
australian,HERMITE,13,83.76811594202898,83.78387602619613,1.8660870001185685,55
australian,HERMITE,14,83.768115942029,83.7881387688904,1.8735503999050707,56
australian,HERMITE,15,82.46376811594203,82.47484533667493,1.881388199981302,57
australian,HERMITE,16,84.4927536231884,84.46687727197188,1.8886480000801384,58
australian,HERMITE,17,83.47826086956522,83.4685623870661,1.8673517999704927,59
australian,HERMITE,18,82.89855072463767,82.87417895261264,1.8623628998175263,60
australian,HERMITE,19,85.5072463768116,85.51781312254994,1.8720285999588668,61
australian,HERMITE,20,84.20289855072463,84.22331545325137,1.8940387999173254,62
australian,HERMITE,21,83.33333333333334,83.34257995376703,1.8807691999245435,63
australian,HERMITE,22,83.91304347826087,83.88844749230888,1.8808646001853049,64
australian,HERMITE,23,84.6376811594203,84.62772325411841,1.8493123999796808,65
australian,HERMITE,24,83.76811594202898,83.7816880979972,1.887992599979043,66
australian,HERMITE,25,84.05797101449275,84.05194207026628,1.8401603999082,67
australian,HERMITE,26,84.6376811594203,84.63552995918346,1.8688070001080632,68
australian,HERMITE,27,83.76811594202898,83.75971127136722,1.8339578001759946,69
australian,HERMITE,28,83.62318840579711,83.59284980993824,1.890027399873361,70
australian,HERMITE,29,84.05797101449275,84.05951268907683,1.8540815999731421,71
australian,HERMITE,30,83.62318840579711,83.6194768167046,1.9233301000203937,72
australian,HERMITE,31,84.05797101449275,84.05645290366535,1.8706797000486404,73
australian,HERMITE,32,83.62318840579711,83.63267225622867,1.8684656999539584,74
australian,HERMITE,33,83.76811594202898,83.7589520984477,1.8832169999368489,75
australian,HERMITE,34,83.04347826086958,83.04228308712449,1.8658165999222547,76
australian,GEGEN,0,85.21739130434783,85.20713459341565,2.8047454999759793,42
australian,GEGEN,1,85.94202898550725,85.93843507999621,2.857651999918744,43
australian,GEGEN,2,84.6376811594203,84.63250942431357,2.8233484998345375,44
australian,GEGEN,3,84.92753623188406,84.92767153731201,2.831006499938667,45
australian,GEGEN,4,85.79710144927537,85.76204363248146,2.8272953999694437,46
australian,GEGEN,5,84.92753623188406,84.88061299220122,2.8079129999969155,47
australian,GEGEN,6,84.78260869565219,84.7723532867166,2.8280249000526965,48
australian,GEGEN,7,84.78260869565217,84.78038730861152,2.8513935001101345,49
australian,GEGEN,8,85.3623188405797,85.33348727822903,2.8306209999136627,50
australian,GEGEN,9,85.21739130434783,85.17439223727415,2.844289699802175,51
australian,GEGEN,10,85.65217391304347,85.66926011347658,2.813302399823442,52
australian,GEGEN,11,85.3623188405797,85.3496906165735,2.819352600025013,53
australian,GEGEN,12,83.62318840579711,83.60859493869818,2.8338355000596493,54
australian,GEGEN,13,84.63768115942028,84.60131511453696,2.859229100169614,55
australian,GEGEN,14,85.21739130434783,85.20627829699231,2.828296500025317,56
australian,GEGEN,15,83.62318840579711,83.61611443282573,2.8440098001156002,57
australian,GEGEN,16,84.78260869565219,84.76478099243614,2.8250446999445558,58
australian,GEGEN,17,84.20289855072465,84.1759724817603,2.8062805999070406,59
australian,GEGEN,18,84.34782608695653,84.33675249047357,2.8367180000059307,60
australian,GEGEN,19,84.78260869565217,84.79340009208522,2.841084800194949,61
australian,GEGEN,20,84.92753623188406,84.90585649817335,2.827262399950996,62
australian,GEGEN,21,84.05797101449275,84.04386318681067,2.8402255999390036,63
australian,GEGEN,22,85.07246376811594,85.03299789306642,2.8142265998758376,64
australian,GEGEN,23,85.79710144927537,85.77095116349136,2.814966500038281,65
australian,GEGEN,24,85.07246376811594,85.07064365028934,2.831955899950117,66
australian,GEGEN,25,84.78260869565217,84.78571655974297,2.918701599817723,67
australian,GEGEN,26,84.92753623188406,84.92343524741062,2.8393470000009984,68
australian,GEGEN,27,85.5072463768116,85.49298539154492,2.8464885000139475,69
australian,GEGEN,28,85.36231884057972,85.3348968999237,2.812283799983561,70
australian,GEGEN,29,84.92753623188406,84.90645624677138,2.81330360006541,71
australian,GEGEN,30,84.05797101449275,84.04646194459137,2.8387370998971164,72
australian,GEGEN,31,84.92753623188406,84.91554291415146,2.841289300005883,73
australian,GEGEN,32,84.92753623188406,84.91731301245652,2.8373930999077857,74
australian,GEGEN,33,84.6376811594203,84.64405005019569,2.8703043998684734,75
australian,GEGEN,34,85.50724637681158,85.49291936273822,2.807112299837172,76
australian,AL-SALAM,0,77.68115942028984,77.53721052466507,3.302938099950552,42
australian,AL-SALAM,1,79.1304347826087,79.0543405451382,3.3133182001765817,43
australian,AL-SALAM,2,77.53623188405797,77.5234956492558,3.3106283000670373,44
australian,AL-SALAM,3,78.98550724637681,78.92686433749925,3.2966966000385582,45
australian,AL-SALAM,4,79.42028985507245,79.35630993647092,3.2977587000932544,46
australian,AL-SALAM,5,78.84057971014494,78.80349454315756,3.313027499942109,47
australian,AL-SALAM,6,79.13043478260869,79.09935810661413,3.297739300178364,48
australian,AL-SALAM,7,78.55072463768116,78.4774083189061,3.3012041999027133,49
australian,AL-SALAM,8,79.27536231884058,79.15650948541233,3.2952803999651223,50
australian,AL-SALAM,9,78.55072463768116,78.5030375176038,3.2941038000863045,51
australian,AL-SALAM,10,79.42028985507245,79.37910662214719,3.305875200079754,52
australian,AL-SALAM,11,79.56521739130436,79.50547704453389,3.3017947000917047,53
australian,AL-SALAM,12,78.84057971014494,78.83252628056236,3.2950418000109494,54
australian,AL-SALAM,13,78.84057971014492,78.81783538825198,3.2918696000706404,55
australian,AL-SALAM,14,79.13043478260869,79.09281620909832,3.3051106999628246,56
australian,AL-SALAM,15,78.55072463768116,78.4874643061781,3.3061063999775797,57
australian,AL-SALAM,16,78.69565217391305,78.57771905328173,3.313623799942434,58
australian,AL-SALAM,17,77.97101449275362,77.92723454875014,3.293991500046104,59
australian,AL-SALAM,18,78.98550724637681,78.90429324502519,3.297753999941051,60
australian,AL-SALAM,19,79.56521739130434,79.51598194663258,3.317071400117129,61
australian,AL-SALAM,20,79.27536231884058,79.24983002266706,3.299433199921623,62
australian,AL-SALAM,21,78.40579710144927,78.33492722981146,3.287782199913636,63
australian,AL-SALAM,22,78.55072463768116,78.45393774467796,3.308068099897355,64
australian,AL-SALAM,23,79.1304347826087,79.10608460826049,3.2930676001124084,65
australian,AL-SALAM,24,77.53623188405797,77.45321277847547,3.2981138001196086,66
australian,AL-SALAM,25,78.84057971014494,78.73610110540449,3.298889399971813,67
australian,AL-SALAM,26,79.42028985507245,79.3905017613988,3.305593099910766,68
australian,AL-SALAM,27,78.55072463768116,78.47219339495365,3.30708310008049,69
australian,AL-SALAM,28,79.1304347826087,79.01185718665712,3.3090057999361306,70
australian,AL-SALAM,29,78.98550724637681,78.93738500457188,3.3001369000412524,71
australian,AL-SALAM,30,78.84057971014494,78.81962768180261,3.2912153000943363,72
australian,AL-SALAM,31,79.13043478260869,79.07981415283578,3.297747799893841,73
australian,AL-SALAM,32,78.40579710144928,78.37020861875956,3.30272200005129,74
australian,AL-SALAM,33,79.27536231884058,79.23260479558436,3.3103958999272436,75
australian,AL-SALAM,34,79.42028985507245,79.39502125196387,3.3074807999655604,76
german,LINEAR,0,76.70000000000002,75.76191123458857,3.2818571999669075,42
german,LINEAR,1,76.99999999999999,75.86409517036134,3.2191939998883754,43
german,LINEAR,2,75.9,74.86970811264393,3.2323072999715805,44
german,LINEAR,3,76.89999999999999,75.89247677920322,3.138166799908504,45
german,LINEAR,4,76.4,75.2628037311744,3.42271939991042,46
german,LINEAR,5,76.0,74.91680817582413,3.4076140001416206,47
german,LINEAR,6,77.2,76.11913112029363,3.25560829997994,48
german,LINEAR,7,76.89999999999999,75.92919777919283,3.5010454000439495,49
german,LINEAR,8,76.50000000000001,75.47486614668,3.677357600070536,50
german,LINEAR,9,76.29999999999998,75.20905866343395,3.302648999961093,51
german,LINEAR,10,76.3,75.09860708830495,3.408470399910584,52
german,LINEAR,11,77.3,76.2505252856954,3.4747313000261784,53
german,LINEAR,12,76.9,75.95188793735139,3.347155600087717,54
german,LINEAR,13,77.0,76.03173308742072,3.5052893999964,55
german,LINEAR,14,76.89999999999999,75.84238431019344,3.437162199988961,56
german,LINEAR,15,76.5,75.34970860841888,3.7918482997920364,57
german,LINEAR,16,76.4,75.32552939277373,3.1268237000331283,58
german,LINEAR,17,76.2,75.09733765521712,3.538744199788198,59
german,LINEAR,18,76.89999999999999,75.76956669496097,3.3401017000433058,60
german,LINEAR,19,76.70000000000002,75.80091049213283,3.5898353001102805,61
german,LINEAR,20,76.89999999999999,75.89317866230762,3.458122899988666,62
german,LINEAR,21,76.8,75.80160426552206,3.4109666000586003,63
german,LINEAR,22,76.5,75.4776154065517,3.579848799854517,64
german,LINEAR,23,76.8,75.70910532782682,3.121351100038737,65
german,LINEAR,24,76.7,75.72661036151756,3.4320580000057817,66
german,LINEAR,25,75.8,74.77464698055118,3.003905799938366,67
german,LINEAR,26,76.89999999999999,75.86639863341237,3.7340951000805944,68
german,LINEAR,27,77.10000000000001,76.13833653929586,3.234391200123355,69
german,LINEAR,28,76.1,74.95127360164305,3.248363200109452,70
german,LINEAR,29,76.70000000000002,75.69068954986301,2.975021299906075,71
german,LINEAR,30,77.3,76.26425661127342,3.284722900018096,72
german,LINEAR,31,76.2,75.26068233214144,3.11491939984262,73
german,LINEAR,32,77.0,76.065260969657,3.802286700112745,74
german,LINEAR,33,77.60000000000001,76.51460851492098,3.39157269988209,75
german,LINEAR,34,75.9,74.66969713222473,3.257722800131887,76
german,POLY,0,77.0,76.06273798352082,0.3982492000795901,42
german,POLY,1,76.7,75.57870946472173,0.3952055999543518,43
german,POLY,2,76.0,74.94461277844431,0.39318789984099567,44
german,POLY,3,77.0,75.9870862402259,0.39775620005093515,45
german,POLY,4,76.19999999999999,75.08743952156361,0.3997130999341607,46
german,POLY,5,76.2,75.09002348974485,0.3969105000142008,47
german,POLY,6,77.3,76.23428478275989,0.4046447000000626,48
german,POLY,7,76.99999999999999,76.0118393913747,0.3974969000555575,49
german,POLY,8,76.9,75.82527627811747,0.40432159998454154,50
german,POLY,9,76.49999999999999,75.42534591660129,0.39712010021321476,51
german,POLY,10,76.6,75.38540028165738,0.40114949992857873,52
german,POLY,11,77.4,76.337336708251,0.3892022001091391,53
german,POLY,12,76.9,75.91652119826573,0.39382100012153387,54
german,POLY,13,77.0,75.95347162504595,0.39821440004743636,55
german,POLY,14,76.8,75.68514903820873,0.39528070017695427,56
german,POLY,15,76.1,74.91946905491696,0.4036175000946969,57
german,POLY,16,76.9,75.91595670868413,0.3913773000240326,58
german,POLY,17,76.3,75.16144285396112,0.3977131999563426,59
german,POLY,18,76.6,75.44139572974296,0.40239749988541007,60
german,POLY,19,76.69999999999999,75.6922036061763,0.39867500006221235,61
german,POLY,20,76.8,75.72282322787592,0.3989361000712961,62
german,POLY,21,76.7,75.65617656065584,0.3967224000953138,63
german,POLY,22,76.5,75.45894595667046,0.3966425000689924,64
german,POLY,23,76.5,75.38755703867099,0.4032238000072539,65
german,POLY,24,77.2,76.16866106094567,0.3972048999276012,66
german,POLY,25,75.9,74.81881051485848,0.39930859999731183,67
german,POLY,26,76.49999999999999,75.41474031324287,0.396312199998647,68
german,POLY,27,76.89999999999999,75.8828996224897,0.3930612001568079,69
german,POLY,28,76.3,75.13031509086015,0.4019323999527842,70
german,POLY,29,76.4,75.29382845580604,0.3903513001278043,71
german,POLY,30,77.4,76.30813021929337,0.40734130004420877,72
german,POLY,31,76.30000000000001,75.32206294567703,0.3930305999238044,73
german,POLY,32,76.9,75.90100103985048,0.3982746999245137,74
german,POLY,33,77.4,76.34540719899579,0.4028634000569582,75
german,POLY,34,76.20000000000002,75.00425376516971,0.3920263999607414,76
german,RBF,0,76.8,75.56689837489247,0.5183387999422848,42
german,RBF,1,76.8,75.55956053803958,0.5079568999353796,43
german,RBF,2,76.89999999999999,75.89451028094828,0.5175933998543769,44
german,RBF,3,76.50000000000001,75.38002682776582,0.5075604000594467,45
german,RBF,4,76.5,75.38710784183745,0.5172902001067996,46
german,RBF,5,76.29999999999998,75.13387893425772,0.5084949000738561,47
german,RBF,6,76.4,75.00543356933854,0.5146888000890613,48
german,RBF,7,77.60000000000001,76.36080827284155,0.5070752000901848,49
german,RBF,8,77.3,76.27982562533242,0.5184724000282586,50
german,RBF,9,76.8,75.66568919051922,0.5082598000299186,51
german,RBF,10,76.2,74.88362984093868,0.5191463001538068,52
german,RBF,11,76.9,75.36437881411402,0.5162911999505013,53
german,RBF,12,76.6,75.3397082591748,0.5129947999957949,54
german,RBF,13,75.3,73.90272546125519,0.5100097998511046,55
german,RBF,14,77.3,76.06770156531819,0.5204948000609875,56
german,RBF,15,76.8,75.54263743275065,0.5079588000662625,57
german,RBF,16,76.5,75.23676027663467,0.5129825999028981,58
german,RBF,17,76.69999999999999,75.57882667676274,0.5068330999929458,59
german,RBF,18,76.5,75.38834760312287,0.5122968000359833,60
german,RBF,19,76.0,74.77935114391963,0.5097666999790817,61
german,RBF,20,76.5,75.25534555228899,0.5180238999892026,62
german,RBF,21,77.10000000000001,75.86335747868841,0.5083182998932898,63
german,RBF,22,76.7,75.61125258506235,0.512717799982056,64
german,RBF,23,77.0,75.8858387269848,0.5126372999511659,65
german,RBF,24,76.5,75.0017731710861,0.5119386999867857,66
german,RBF,25,76.6,75.54661501230112,0.5128858000971377,67
german,RBF,26,76.39999999999999,75.04824479106627,0.5113825998269022,68
german,RBF,27,76.4,75.22278506417113,0.5087864000815898,69
german,RBF,28,76.8,75.55015709085473,0.5086759999394417,70
german,RBF,29,77.3,75.93643429903021,0.5133646999020129,71
german,RBF,30,76.7,75.37302775489289,0.5102953999303281,72
german,RBF,31,76.2,75.15404423017684,0.5176045000553131,73
german,RBF,32,76.6,75.2478983243166,0.5105387000367045,74
german,RBF,33,76.0,74.55757951862356,0.5167616999242455,75
german,RBF,34,76.30000000000001,75.03148406637247,0.5085207000374794,76
german,HERMITE,0,70.5,60.24022078110579,6.157347199972719,42
german,HERMITE,1,69.9,59.75811213958914,6.1765246000140905,43
german,HERMITE,2,70.5,60.471416395981834,6.150257299887016,44
german,HERMITE,3,70.19999999999999,59.95394830897701,6.116051300195977,45
german,HERMITE,4,70.30000000000001,60.26721984688139,6.1214366001077,46
german,HERMITE,5,70.09999999999998,59.64239735576672,6.170492000179365,47
german,HERMITE,6,70.19999999999999,59.726210922189146,6.128537199925631,48
german,HERMITE,7,70.60000000000001,60.779242036420136,6.16119599994272,49
german,HERMITE,8,70.49999999999999,60.36908736398574,6.241998600075021,50
german,HERMITE,9,70.5,60.70788124264532,6.204315000213683,51
german,HERMITE,10,70.1,60.036424239173456,6.142716000089422,52
german,HERMITE,11,70.1,59.70706481179706,6.282065999926999,53
german,HERMITE,12,70.19999999999999,59.91794089797179,6.161373799899593,54
german,HERMITE,13,70.3,60.29114958480813,6.103688600007445,55
german,HERMITE,14,70.3,60.2753660339266,6.187060100026429,56
german,HERMITE,15,70.19999999999999,59.923884695445736,6.147291600005701,57
german,HERMITE,16,70.1,59.53241078834742,6.06616250006482,58
german,HERMITE,17,69.9,59.289958595147816,6.1522729999851435,59
german,HERMITE,18,70.39999999999999,60.196228914059056,6.193533399840817,60
german,HERMITE,19,69.5,59.279466893482535,6.137896299827844,61
german,HERMITE,20,70.39999999999999,60.21180960020932,6.140005399938673,62
german,HERMITE,21,70.39999999999999,60.31320140329941,6.177257499890402,63
german,HERMITE,22,70.39999999999999,60.633396616137205,6.156781200086698,64
german,HERMITE,23,70.0,59.76004584337213,6.147554800147191,65
german,HERMITE,24,70.5,60.380873647672814,6.183423599926755,66
german,HERMITE,25,70.7,60.542898989919316,6.169113600160927,67
german,HERMITE,26,70.39999999999999,60.46010909589664,6.2061790998559445,68
german,HERMITE,27,70.0,59.358052420987036,6.142320400103927,69
german,HERMITE,28,70.1,59.66949437248048,6.163412699941546,70
german,HERMITE,29,70.19999999999999,60.12183004121627,6.215714500052854,71
german,HERMITE,30,70.0,59.6312853200841,6.179360799957067,72
german,HERMITE,31,69.39999999999999,59.266029045949274,6.16465050005354,73
german,HERMITE,32,70.39999999999999,60.6094327246555,6.163579399930313,74
german,HERMITE,33,70.3,59.97430929340533,6.1509009001310915,75
german,HERMITE,34,69.69999999999999,59.6548706955682,6.100929599953815,76
german,GEGEN,0,76.10000000000001,74.37931377836516,9.398668899899349,42
german,GEGEN,1,76.4,74.66982927157527,9.377132200170308,43
german,GEGEN,2,75.8,74.18897816665773,9.32440169993788,44
german,GEGEN,3,75.50000000000001,73.9228289643445,9.37078580004163,45
german,GEGEN,4,75.0,73.40890604534943,9.394452299922705,46
german,GEGEN,5,75.0,73.36138892950068,9.35482979984954,47
german,GEGEN,6,76.8,75.17160950279595,9.30093440017663,48
german,GEGEN,7,76.5,74.94843289509546,9.372390799922869,49
german,GEGEN,8,76.20000000000002,74.4945117316478,9.322742399992421,50
german,GEGEN,9,76.4,74.99175142196877,9.344772999873385,51
german,GEGEN,10,76.9,75.38171389531884,9.370297800051048,52
german,GEGEN,11,75.50000000000001,73.91972835650729,9.340543699916452,53
german,GEGEN,12,76.1,74.4438447016084,9.355670799966902,54
german,GEGEN,13,75.7,74.07289934033172,9.38742549996823,55
german,GEGEN,14,76.2,74.58293615482582,9.303293799981475,56
german,GEGEN,15,75.50000000000001,73.83979421779708,9.352759000146762,57
german,GEGEN,16,76.8,75.06989875876468,9.429951299913228,58
german,GEGEN,17,75.29999999999998,73.53840829977297,9.301011100178584,59
german,GEGEN,18,76.3,74.46707976828503,9.349789399886504,60
german,GEGEN,19,75.9,74.26771289324131,9.398997700074688,61
german,GEGEN,20,75.9,74.03302945465533,9.29442339995876,62
german,GEGEN,21,75.6,73.9447452083122,9.347823200048879,63
german,GEGEN,22,75.8,73.95037187931551,9.333777900086716,64
german,GEGEN,23,75.5,73.84718836569171,9.375111100031063,65
german,GEGEN,24,76.4,74.88813074979373,9.362587299896404,66
german,GEGEN,25,76.0,74.40137432721363,9.35529169999063,67
german,GEGEN,26,76.1,74.48092347784493,9.304821499856189,68
german,GEGEN,27,76.0,74.30200809977046,9.367158599896356,69
german,GEGEN,28,76.0,74.28610719258356,9.352810100186616,70
german,GEGEN,29,76.8,75.05601640237686,9.305399499833584,71
german,GEGEN,30,76.8,75.07563492888553,9.337163699790835,72
german,GEGEN,31,76.3,74.82148021437573,9.365531200077385,73
german,GEGEN,32,76.2,74.52392960240591,9.311864899937063,74
german,GEGEN,33,76.8,75.03702129768675,9.36834489996545,75
german,GEGEN,34,75.6,73.63073779205006,9.317559499992058,76
german,AL-SALAM,0,71.2,65.40517582197045,7.255731899989769,42
german,AL-SALAM,1,70.3,65.26016824045674,7.291793999960646,43
german,AL-SALAM,2,70.5,65.50785894332377,7.301707800012082,44
german,AL-SALAM,3,69.4,64.3697629046025,7.266495699994266,45
german,AL-SALAM,4,70.19999999999999,64.94291916525391,7.2781959001440555,46
german,AL-SALAM,5,70.0,64.4319823266603,7.279095999896526,47
german,AL-SALAM,6,70.8,66.04745047730206,7.263952699955553,48
german,AL-SALAM,7,70.19999999999999,65.07818600754504,7.273058500140905,49
german,AL-SALAM,8,70.7,65.63459725755645,7.298923800000921,50
german,AL-SALAM,9,71.39999999999999,66.43030787166191,7.273629600182176,51
german,AL-SALAM,10,71.2,66.09162435728521,7.34851949987933,52
german,AL-SALAM,11,70.1,64.36443325344722,7.296116900164634,53
german,AL-SALAM,12,71.00000000000001,66.06034079462684,7.286320800194517,54
german,AL-SALAM,13,70.8,65.54312211701266,7.260356299811974,55
german,AL-SALAM,14,70.5,65.42742117796105,7.281353400088847,56
german,AL-SALAM,15,70.60000000000001,65.33077635850344,7.268958000000566,57
german,AL-SALAM,16,70.60000000000001,65.81684239564619,7.295348800020292,58
german,AL-SALAM,17,71.4,66.47549076683852,7.27478350000456,59
german,AL-SALAM,18,71.49999999999999,66.77361573118328,7.269131500041112,60
german,AL-SALAM,19,70.4,64.91935824823777,7.314459000015631,61
german,AL-SALAM,20,70.60000000000001,65.72279840737679,7.294752500019968,62
german,AL-SALAM,21,71.1,65.9617711874185,7.260653299978003,63
german,AL-SALAM,22,71.0,66.08472320568184,7.318688999861479,64
german,AL-SALAM,23,71.10000000000001,66.17480746250362,7.29022750002332,65
german,AL-SALAM,24,71.0,66.12507917614866,7.280924099963158,66
german,AL-SALAM,25,70.69999999999999,65.53282085435252,7.276893999893218,67
german,AL-SALAM,26,70.30000000000001,64.91347446342036,7.318491700105369,68
german,AL-SALAM,27,70.89999999999999,65.7091191145584,7.280810700030997,69
german,AL-SALAM,28,70.30000000000001,65.11411359720344,7.291569400113076,70
german,AL-SALAM,29,70.7,65.76861386111744,7.271237500011921,71
german,AL-SALAM,30,71.00000000000001,65.96798153303318,7.268908400088549,72
german,AL-SALAM,31,70.19999999999999,65.14597606418005,7.265764199895784,73
german,AL-SALAM,32,71.2,66.41342981458789,7.292188200168312,74
german,AL-SALAM,33,70.60000000000001,65.17283989847198,7.2741032999474555,75
german,AL-SALAM,34,70.80000000000001,65.61106761643737,7.3304371000267565,76
heart,LINEAR,0,82.96296296296296,82.68921962828803,0.32106960006058216,42
heart,LINEAR,1,82.96296296296296,82.73470057660874,0.26505629997700453,43
heart,LINEAR,2,83.33333333333333,83.1895442447747,0.25719160004518926,44
heart,LINEAR,3,83.7037037037037,83.51987904779861,0.28308159997686744,45
heart,LINEAR,4,84.07407407407408,84.01387470792727,0.27076439978554845,46
heart,LINEAR,5,83.33333333333333,83.21857529306108,0.28190100006759167,47
heart,LINEAR,6,82.96296296296296,82.75495946021167,0.36533780000172555,48
heart,LINEAR,7,82.5925925925926,82.34900836204089,0.29085019999183714,49
heart,LINEAR,8,82.96296296296296,82.74028052730617,0.3209659999702126,50
heart,LINEAR,9,83.7037037037037,83.56979888974982,0.2692788999993354,51
heart,LINEAR,10,83.33333333333334,83.20238374667535,0.24730629986152053,52
heart,LINEAR,11,84.07407407407408,84.0142735246909,0.31909649982117116,53
heart,LINEAR,12,83.33333333333333,83.16199912314094,0.3082871998194605,54
heart,LINEAR,13,83.7037037037037,83.60152184598728,0.30519949994049966,55
heart,LINEAR,14,82.96296296296296,82.77897341804909,0.2785485000349581,56
heart,LINEAR,15,83.7037037037037,83.58870529587715,0.2743197998497635,57
heart,LINEAR,16,83.33333333333334,83.25552888491178,0.3144849999807775,58
heart,LINEAR,17,83.7037037037037,83.57920827678893,0.266574100125581,59
heart,LINEAR,18,82.96296296296296,82.7508139719963,0.30743000004440546,60
heart,LINEAR,19,83.33333333333334,83.12782046335384,0.2715881001204252,61
heart,LINEAR,20,83.33333333333334,83.19629607864903,0.23937160009518266,62
heart,LINEAR,21,83.33333333333334,83.26102675690504,0.3517605001106858,63
heart,LINEAR,22,82.59259259259257,82.48079062572702,0.2783345999196172,64
heart,LINEAR,23,84.07407407407406,83.98200327514299,0.2946681999601424,65
heart,LINEAR,24,84.07407407407406,83.86549943558057,0.37297810008749366,66
heart,LINEAR,25,84.07407407407408,83.94282503167618,0.27099890005774796,67
heart,LINEAR,26,84.44444444444444,84.25311343666905,0.26390479994006455,68
heart,LINEAR,27,83.7037037037037,83.60199740643107,0.2757808000314981,69
heart,LINEAR,28,83.33333333333334,83.068499512523,0.29223069990985096,70
heart,LINEAR,29,84.07407407407406,83.90911987940844,0.2909724998753518,71
heart,LINEAR,30,82.96296296296296,82.8296186439552,0.30642720009200275,72
heart,LINEAR,31,83.33333333333334,83.18045294043561,0.25814229995012283,73
heart,LINEAR,32,83.33333333333333,83.21154852886971,0.28351829992607236,74
heart,LINEAR,33,81.85185185185185,81.78011980688747,0.3189121999312192,75
heart,LINEAR,34,82.96296296296296,82.80991271325237,0.3330170998815447,76
heart,POLY,0,82.96296296296296,82.74820489977424,0.12400160008110106,42
heart,POLY,1,82.22222222222221,82.03955911676142,0.12191090011037886,43
heart,POLY,2,84.07407407407406,83.95474739794516,0.12541760015301406,44
heart,POLY,3,83.7037037037037,83.51987904779861,0.12484159995801747,45
heart,POLY,4,84.81481481481481,84.7370846078613,0.12260469980537891,46
heart,POLY,5,83.33333333333333,83.21857529306108,0.12170090014114976,47
heart,POLY,6,82.96296296296296,82.71088222556642,0.12292909994721413,48
heart,POLY,7,82.96296296296296,82.71349881763308,0.12407130002975464,49
heart,POLY,8,83.7037037037037,83.49627115226232,0.1216980000026524,50
heart,POLY,9,83.7037037037037,83.53443978882268,0.11944219982251525,51
heart,POLY,10,83.33333333333334,83.20238374667535,0.12294199992902577,52
heart,POLY,11,83.7037037037037,83.62935845534386,0.12555250013247132,53
heart,POLY,12,83.33333333333333,83.20024627903516,0.12587009998969734,54
heart,POLY,13,83.7037037037037,83.60152184598728,0.12262609996832907,55
heart,POLY,14,83.70370370370368,83.51767073605674,0.1250142001081258,56
heart,POLY,15,83.7037037037037,83.58870529587715,0.12376299989409745,57
heart,POLY,16,83.33333333333334,83.25552888491178,0.12231310014612973,58
heart,POLY,17,84.07407407407408,83.9796209736663,0.1204610001295805,59
heart,POLY,18,82.96296296296296,82.72736727182546,0.12485189992003143,60
heart,POLY,19,83.33333333333334,83.12782046335384,0.1275683999992907,61
heart,POLY,20,83.7037037037037,83.56679926384365,0.12143629998899996,62
heart,POLY,21,84.07407407407406,84.01228938316765,0.12392170005477965,63
heart,POLY,22,82.96296296296296,82.8659713247226,0.12405079999007285,64
heart,POLY,23,84.44444444444444,84.36718397413857,0.1253553000278771,65
heart,POLY,24,83.33333333333333,83.15132086191923,0.1224403998348862,66
heart,POLY,25,83.7037037037037,83.54539838424954,0.12244559987448156,67
heart,POLY,26,84.07407407407406,83.87967793219906,0.12327760015614331,68
heart,POLY,27,83.33333333333334,83.24011024965105,0.12168710003606975,69
heart,POLY,28,83.7037037037037,83.43735639000055,0.12333120009861887,70
heart,POLY,29,83.7037037037037,83.52958374734413,0.12161529995501041,71
heart,POLY,30,84.07407407407406,83.99363833894407,0.12477710004895926,72
heart,POLY,31,82.96296296296296,82.76974173750213,0.12415689998306334,73
heart,POLY,32,83.33333333333333,83.21154852886971,0.12317000003531575,74
heart,POLY,33,82.22222222222223,82.17166676312587,0.12240790016949177,75
heart,POLY,34,82.96296296296296,82.80991271325237,0.12463960004970431,76
heart,RBF,0,81.4814814814815,81.34302259477575,0.13476520008407533,42
heart,RBF,1,80.37037037037038,79.97617726040956,0.13365609990432858,43
heart,RBF,2,81.85185185185183,81.73367341828677,0.13309199991635978,44
heart,RBF,3,82.22222222222221,82.05555226270236,0.13248570007272065,45
heart,RBF,4,82.5925925925926,82.41848256344791,0.1329810000024736,46
heart,RBF,5,80.0,79.871659187307,0.13322379998862743,47
heart,RBF,6,81.4814814814815,81.29521766075666,0.1336146998219192,48
heart,RBF,7,81.11111111111111,80.90906501745884,0.13438519998453557,49
heart,RBF,8,79.62962962962963,79.39998992440317,0.13318350003100932,50
heart,RBF,9,80.37037037037038,80.3219209495507,0.13212770014069974,51
heart,RBF,10,80.37037037037035,80.22104557144421,0.1341303999070078,52
heart,RBF,11,81.85185185185185,81.72655743873521,0.13921989989466965,53
heart,RBF,12,82.5925925925926,82.47562853085898,0.13285840000025928,54
heart,RBF,13,80.37037037037035,80.19315129432496,0.13302730000577867,55
heart,RBF,14,81.11111111111111,80.9269200609394,0.13393749995157123,56
heart,RBF,15,81.4814814814815,81.42205278502009,0.13317549997009337,57
heart,RBF,16,81.4814814814815,81.39067276147124,0.13274529995396733,58
heart,RBF,17,81.85185185185185,81.70951303155742,0.13266039988957345,59
heart,RBF,18,82.22222222222221,82.05229422175965,0.13356700004078448,60
heart,RBF,19,78.8888888888889,78.61876361051972,0.13242130004800856,61
heart,RBF,20,81.11111111111111,80.89202487397947,0.13476210017688572,62
heart,RBF,21,82.22222222222221,82.13684279552153,0.13381269993260503,63
heart,RBF,22,81.11111111111111,80.91788786668542,0.1338699001353234,64
heart,RBF,23,80.0,79.89528668930299,0.13351149996742606,65
heart,RBF,24,84.44444444444443,84.25405443103212,0.13217899994924664,66
heart,RBF,25,79.62962962962963,79.55386018324307,0.133186100050807,67
heart,RBF,26,84.44444444444444,84.33377211396629,0.1335038999095559,68
heart,RBF,27,80.74074074074072,80.59991774178971,0.13184290006756783,69
heart,RBF,28,81.11111111111111,80.71693942890698,0.1337233001831919,70
heart,RBF,29,82.96296296296296,82.83366140526391,0.13169490010477602,71
heart,RBF,30,81.48148148148147,81.35040556863962,0.13496860000304878,72
heart,RBF,31,81.4814814814815,81.23139926209794,0.13371560000814497,73
heart,RBF,32,82.59259259259257,82.37658537296826,0.1322900999803096,74
heart,RBF,33,78.14814814814814,78.0628947361706,0.13239649985916913,75
heart,RBF,34,82.96296296296298,82.84004178952758,0.1337083000689745,76
heart,HERMITE,0,75.55555555555557,75.5543534664587,0.27545140008442104,42
heart,HERMITE,1,76.66666666666667,76.57817831798583,0.2724125999957323,43
heart,HERMITE,2,80.0,79.93410832462557,0.2702671999577433,44
heart,HERMITE,3,78.5185185185185,78.39688105381389,0.2716876999475062,45
heart,HERMITE,4,78.8888888888889,78.75486512088685,0.27194839995354414,46
heart,HERMITE,5,79.62962962962963,79.64463035330182,0.2714482001028955,47
heart,HERMITE,6,76.66666666666667,76.55588159733345,0.27048599999397993,48
heart,HERMITE,7,78.88888888888889,78.80858366335039,0.2766752000898123,49
heart,HERMITE,8,78.14814814814814,78.01693868941051,0.27082469989545643,50
heart,HERMITE,9,78.5185185185185,78.30487038316653,0.2707356000319123,51
heart,HERMITE,10,77.77777777777777,77.63894567093652,0.27207569987513125,52
heart,HERMITE,11,79.25925925925925,79.23790229566092,0.27217939984984696,53
heart,HERMITE,12,78.8888888888889,78.77856681175345,0.27239890000782907,54
heart,HERMITE,13,78.14814814814814,78.01874306791727,0.2726597001310438,55
heart,HERMITE,14,78.14814814814814,78.13265193784613,0.2729356999043375,56
heart,HERMITE,15,79.25925925925925,79.25095571478509,0.2734222998842597,57
heart,HERMITE,16,78.14814814814814,77.93731944188332,0.26894239988178015,58
heart,HERMITE,17,77.03703703703704,76.81338855652828,0.27263849996961653,59
heart,HERMITE,18,78.5185185185185,78.26504795272594,0.27734460006468,60
heart,HERMITE,19,79.25925925925925,79.00340940903554,0.2693959998432547,61
heart,HERMITE,20,78.14814814814814,78.14266199445868,0.27312920009717345,62
heart,HERMITE,21,78.8888888888889,78.9080620822363,0.2709831001702696,63
heart,HERMITE,22,78.5185185185185,78.30806306607523,0.2705749000888318,64
heart,HERMITE,23,77.77777777777779,77.61908717081131,0.27259239996783435,65
heart,HERMITE,24,76.66666666666667,76.55192646918961,0.2705977000296116,66
heart,HERMITE,25,79.25925925925927,79.22318196975546,0.2745304999407381,67
heart,HERMITE,26,78.14814814814814,78.13991551232931,0.2728510999586433,68
heart,HERMITE,27,78.88888888888889,78.85848617921211,0.269910000031814,69
heart,HERMITE,28,76.29629629629629,76.02193479014699,0.2702828000765294,70
heart,HERMITE,29,78.51851851851852,78.41709583443878,0.2738222999032587,71
heart,HERMITE,30,78.5185185185185,78.47479004035807,0.27486720005981624,72
heart,HERMITE,31,78.88888888888889,78.80403249368766,0.26843319996260107,73
heart,HERMITE,32,78.88888888888889,78.71044055762748,0.2831156998872757,74
heart,HERMITE,33,77.77777777777779,77.7621502967056,0.27300629997625947,75
heart,HERMITE,34,78.88888888888889,78.79519901937321,0.26974100014194846,76
heart,GEGEN,0,82.5925925925926,82.31083255641094,0.3052872000262141,42
heart,GEGEN,1,82.22222222222221,81.60383656773575,0.30826190020889044,43
heart,GEGEN,2,83.33333333333334,83.10295723347025,0.3085765999276191,44
heart,GEGEN,3,83.7037037037037,83.53827166677797,0.3035883998963982,45
heart,GEGEN,4,81.85185185185185,81.6538173943564,0.3059443000238389,46
heart,GEGEN,5,83.33333333333333,83.09996004917771,0.31017339997924864,47
heart,GEGEN,6,83.33333333333334,82.99772424760572,0.30253189988434315,48
heart,GEGEN,7,82.22222222222221,81.84036028204386,0.30229469994083047,49
heart,GEGEN,8,82.5925925925926,82.29584868105371,0.31433279998600483,50
heart,GEGEN,9,82.22222222222221,81.93967465265833,0.30365899996832013,51
heart,GEGEN,10,82.59259259259257,82.24730057492845,0.35510080005042255,52
heart,GEGEN,11,83.7037037037037,83.52152477152475,0.314081400167197,53
heart,GEGEN,12,82.96296296296296,82.77245056095406,0.30357220000587404,54
heart,GEGEN,13,83.33333333333334,83.05042540290033,0.30321939988061786,55
heart,GEGEN,14,83.7037037037037,83.45662583791388,0.3073638000059873,56
heart,GEGEN,15,83.7037037037037,83.5123214631257,0.313819499919191,57
heart,GEGEN,16,83.7037037037037,83.42336557777733,0.3030214998871088,58
heart,GEGEN,17,82.22222222222221,81.98892041272255,0.3042998998425901,59
heart,GEGEN,18,82.96296296296296,82.71020473017009,0.3165394999086857,60
heart,GEGEN,19,83.33333333333334,83.0557805170889,0.29950129985809326,61
heart,GEGEN,20,82.96296296296296,82.6819857126844,0.30377510003745556,62
heart,GEGEN,21,83.33333333333334,83.09678148763207,0.3154492999892682,63
heart,GEGEN,22,83.33333333333333,82.99236238618303,0.3047712000552565,64
heart,GEGEN,23,82.5925925925926,82.36858274997235,0.3105574999935925,65
heart,GEGEN,24,83.33333333333333,82.9880712753671,0.31711239996366203,66
heart,GEGEN,25,82.96296296296296,82.73462150627931,0.30429220013320446,67
heart,GEGEN,26,82.22222222222221,81.79109247937848,0.30370290018618107,68
heart,GEGEN,27,82.96296296296296,82.75109682017116,0.3098131001461297,69
heart,GEGEN,28,84.07407407407408,83.8311728562961,0.3049820000305772,70
heart,GEGEN,29,83.33333333333334,83.05975934824568,0.3062100999522954,71
heart,GEGEN,30,84.07407407407406,83.87973076349654,0.30493909982033074,72
heart,GEGEN,31,82.59259259259257,82.26938466858556,0.30877360003069043,73
heart,GEGEN,32,82.5925925925926,82.38042619975407,0.30561999999918044,74
heart,GEGEN,33,83.33333333333333,83.11531115302246,0.3043471002019942,75
heart,GEGEN,34,82.22222222222221,81.9828339904405,0.31680240016430616,76
heart,AL-SALAM,0,74.07407407407408,73.56137399796945,2.330149499932304,42
heart,AL-SALAM,1,76.29629629629629,75.73989457914408,2.3347445998806506,43
heart,AL-SALAM,2,72.22222222222221,71.39872147985737,2.3454032000154257,44
heart,AL-SALAM,3,73.70370370370371,72.86078222708153,2.3316796999424696,45
heart,AL-SALAM,4,75.18518518518518,74.86550204105733,2.344132099999115,46
heart,AL-SALAM,5,75.55555555555556,75.22464411093807,2.345580500084907,47
heart,AL-SALAM,6,74.81481481481481,74.26971975351256,2.329134500119835,48
heart,AL-SALAM,7,75.18518518518519,74.7669106278834,2.3446215000003576,49
heart,AL-SALAM,8,73.70370370370371,73.39457423220107,2.3512469998095185,50
heart,AL-SALAM,9,75.92592592592592,75.64090355213222,2.34013619995676,51
heart,AL-SALAM,10,74.81481481481482,74.35124186214456,2.350724099902436,52
heart,AL-SALAM,11,75.55555555555556,75.06808904481332,2.337719300063327,53
heart,AL-SALAM,12,74.44444444444444,74.02845436547277,2.3367824000306427,54
heart,AL-SALAM,13,71.85185185185185,71.39574292933989,2.343631299911067,55
heart,AL-SALAM,14,72.96296296296296,72.79984959054812,2.341612400021404,56
heart,AL-SALAM,15,76.66666666666666,76.35820559259933,2.3323727999813855,57
heart,AL-SALAM,16,74.81481481481482,74.4509418134166,2.3436660000588745,58
heart,AL-SALAM,17,74.81481481481482,74.53931477565227,2.341537799919024,59
heart,AL-SALAM,18,78.8888888888889,78.50734079338795,2.3341624999884516,60
heart,AL-SALAM,19,77.4074074074074,77.1340462564073,2.343192199943587,61
heart,AL-SALAM,20,76.66666666666669,76.37566538879949,2.3425873999949545,62
heart,AL-SALAM,21,74.44444444444444,73.86776099005907,2.3382538000587374,63
heart,AL-SALAM,22,74.81481481481481,74.44769128167667,2.3488183999434114,64
heart,AL-SALAM,23,75.18518518518518,74.7576688532187,2.3492177999578416,65
heart,AL-SALAM,24,74.07407407407408,73.64444208588668,2.330070500029251,66
heart,AL-SALAM,25,75.55555555555556,75.32030789226553,2.338858100119978,67
heart,AL-SALAM,26,74.07407407407408,73.75966684685181,2.3434313000179827,68
heart,AL-SALAM,27,73.70370370370371,73.26225448223427,2.3372641000896692,69
heart,AL-SALAM,28,76.29629629629629,75.84187695024718,2.349299799883738,70
heart,AL-SALAM,29,76.29629629629629,75.91220286987924,2.3380434999708086,71
heart,AL-SALAM,30,73.33333333333334,72.78854896533608,2.34049309999682,72
heart,AL-SALAM,31,73.70370370370371,73.28103623622337,2.3415677999146283,73
heart,AL-SALAM,32,74.44444444444444,73.92875059889272,2.344856800045818,74
heart,AL-SALAM,33,71.4814814814815,71.07423599515519,2.3317525999154896,75
heart,AL-SALAM,34,76.29629629629629,75.93015840037738,2.3421668000519276,76
fourclass,LINEAR,0,76.90991713445602,75.87178144524907,0.2879572999663651,42
fourclass,LINEAR,1,77.0315423683507,75.96450056785412,0.29358689999207854,43
fourclass,LINEAR,2,76.81502272119755,75.80520476393538,0.29297690000385046,44
fourclass,LINEAR,3,76.44613739641807,75.29645357233774,0.3018084999639541,45
fourclass,LINEAR,4,76.45282010157712,75.51717728934028,0.2906196000985801,46
fourclass,LINEAR,5,76.7949746057204,75.7571968939583,0.2955622000154108,47
fourclass,LINEAR,6,77.02886928628709,76.0221312311318,0.30531040020287037,48
fourclass,LINEAR,7,77.13980219192729,76.14779958607875,0.29108519991859794,49
fourclass,LINEAR,8,76.56107992515369,75.46030957027818,0.2911373998504132,50
fourclass,LINEAR,9,76.6840417000802,75.63941607858708,0.29626059997826815,51
fourclass,LINEAR,10,76.79764768778402,75.7896120606018,0.2949705000501126,52
fourclass,LINEAR,11,77.02886928628709,75.98742808896175,0.29174140002578497,53
fourclass,LINEAR,12,76.56107992515372,75.53375927599014,0.2897318999748677,54
fourclass,LINEAR,13,76.80299385191125,75.8031499233062,0.2949785999953747,55
fourclass,LINEAR,14,76.78561881849772,75.73935015923864,0.2962186001241207,56
fourclass,LINEAR,15,76.79096498262497,75.68189385266544,0.2921970000024885,57
fourclass,LINEAR,16,77.02619620422347,76.01533221048162,0.2896342999301851,58
fourclass,LINEAR,17,76.80032076984764,75.70645554703412,0.2958324998617172,59
fourclass,LINEAR,18,77.0302058273189,76.007107900973,0.2894782000221312,60
fourclass,LINEAR,19,76.91526329858327,75.88758393507594,0.294074600096792,61
fourclass,LINEAR,20,76.44079123229083,75.29294126498499,0.3003881999757141,62
fourclass,LINEAR,21,76.92060946271052,75.8241072024785,0.2958710000384599,63
fourclass,LINEAR,22,76.68136861801656,75.6140044425032,0.29043399984948337,64
fourclass,LINEAR,23,76.68671478214381,75.57612835748365,0.3013665999751538,65
fourclass,LINEAR,24,76.6840417000802,75.63218499035631,0.29446020000614226,66
fourclass,LINEAR,25,76.68938786420742,75.73590592753115,0.3009903999045491,67
fourclass,LINEAR,26,76.80165731087945,75.66853132553342,0.29550700006075203,68
fourclass,LINEAR,27,76.90991713445602,75.77877604701044,0.30718060000799596,69
fourclass,LINEAR,28,76.57043571237637,75.54768809389117,0.2895994000136852,70
fourclass,LINEAR,29,76.68136861801658,75.66012884390318,0.2930640000849962,71
fourclass,LINEAR,30,76.81101309810211,75.75519080141116,0.2946794000454247,72
fourclass,LINEAR,31,76.91927292167871,75.90547838465642,0.292086600093171,73
fourclass,LINEAR,32,76.67735899492115,75.76096594819188,0.2893316000699997,74
fourclass,LINEAR,33,76.91659983961507,75.88074356531239,0.2979031999129802,75
fourclass,LINEAR,34,76.67869553595295,75.66529065139778,0.28852029982954264,76
fourclass,POLY,0,99.53622026196204,99.53977459330868,4.640109700150788,42
fourclass,POLY,1,99.76744186046511,99.76822077952866,4.690088199917227,43
fourclass,POLY,2,99.65249933172949,99.65367273394612,4.6267446000128984,44
fourclass,POLY,3,99.76744186046511,99.76822077952866,4.004081499995664,45
fourclass,POLY,4,99.76877840149692,99.76960221218573,5.173335400177166,46
fourclass,POLY,5,99.65249933172949,99.65437421970603,4.779356400016695,47
fourclass,POLY,6,99.76744186046511,99.7683005155365,4.736728299874812,48
fourclass,POLY,7,99.65249933172949,99.65371260195006,5.732894799904898,49
fourclass,POLY,8,99.76744186046511,99.76826064753259,4.685385899851099,50
fourclass,POLY,9,99.76744186046511,99.7690786332947,3.9472302000503987,51
fourclass,POLY,10,99.76877840149695,99.76956234418181,6.0699939001351595,52
fourclass,POLY,11,99.76877840149692,99.76956234418181,4.2595428000204265,53
fourclass,POLY,12,99.76877840149695,99.76956234418181,4.7351136999204755,54
fourclass,POLY,13,99.65116279069768,99.6515106710779,3.845236800145358,55
fourclass,POLY,14,99.76877840149692,99.76960221218573,4.226037399843335,56
fourclass,POLY,15,99.76744186046511,99.76826064753259,4.915262300055474,57
fourclass,POLY,16,99.76744186046511,99.76826064753259,4.677008400205523,58
fourclass,POLY,17,99.76877840149692,99.76960221218573,4.82408279995434,59
fourclass,POLY,18,99.76744186046511,99.7690786332947,4.002223299816251,60
fourclass,POLY,19,99.76877840149692,99.76960221218573,4.369224099908024,61
fourclass,POLY,20,99.76744186046511,99.76826064753259,4.188288599951193,62
fourclass,POLY,21,99.65116279069768,99.65155225022943,4.9760792998131365,63
fourclass,POLY,22,99.76877840149692,99.76956234418181,4.987139199860394,64
fourclass,POLY,23,99.76744186046511,99.76826064753259,4.857150600058958,65
fourclass,POLY,24,99.76877840149692,99.76956234418181,5.079153400147334,66
fourclass,POLY,25,99.7674418604651,99.76822077952866,4.146290599834174,67
fourclass,POLY,26,99.65116279069768,99.65307252305679,4.006283099995926,68
fourclass,POLY,27,99.65116279069768,99.65241090530081,5.332193900132552,69
fourclass,POLY,28,99.76877840149692,99.76956234418181,4.716321399901062,70
fourclass,POLY,29,99.76877840149695,99.76956234418181,3.6295125999022275,71
fourclass,POLY,30,99.65116279069768,99.65245077330476,5.61092139990069,72
fourclass,POLY,31,99.7674418604651,99.76822077952866,4.247498899931088,73
fourclass,POLY,32,99.65116279069768,99.65237103729689,4.211635600076988,74
fourclass,POLY,33,99.76744186046511,99.76826064753259,4.251234099967405,75
fourclass,POLY,34,99.76877840149692,99.76956234418181,4.409987999824807,76
fourclass,RBF,0,99.88505747126437,99.88545195441748,0.3534421999938786,42
fourclass,RBF,1,99.88372093023254,99.88411038976433,0.35369190014898777,43
fourclass,RBF,2,99.88505747126437,99.88545195441748,0.35759689984843135,44
fourclass,RBF,3,100.0,100.0,0.3575740000233054,45
fourclass,RBF,4,99.88372093023254,99.88415025776824,0.35345189995132387,46
fourclass,RBF,5,99.88505747126437,99.88545195441748,0.36507960013113916,47
fourclass,RBF,6,99.88372093023254,99.88415025776824,0.3517744999844581,48
fourclass,RBF,7,99.88505747126437,99.88545195441748,0.353883899981156,49
fourclass,RBF,8,99.88372093023254,99.88411038976433,0.3641373999416828,50
fourclass,RBF,9,100.0,100.0,0.35285010002553463,51
fourclass,RBF,10,99.88505747126437,99.88545195441748,0.36408909992314875,52
fourclass,RBF,11,100.0,100.0,0.3635417001787573,53
fourclass,RBF,12,99.88505747126437,99.88545195441748,0.35220429999753833,54
fourclass,RBF,13,99.88372093023254,99.88415025776824,0.3552258999552578,55
fourclass,RBF,14,99.88372093023254,99.88415025776824,0.3601801998447627,56
fourclass,RBF,15,100.0,100.0,0.3528167000040412,57
fourclass,RBF,16,100.0,100.0,0.3561857999302447,58
fourclass,RBF,17,100.0,100.0,0.35966599988751113,59
fourclass,RBF,18,99.88372093023254,99.88415025776824,0.35411900002509356,60
fourclass,RBF,19,99.88372093023254,99.88415025776824,0.3627448999322951,61
fourclass,RBF,20,99.88372093023254,99.88415025776824,0.353273699991405,62
fourclass,RBF,21,99.88372093023254,99.88411038976433,0.35557950008660555,63
fourclass,RBF,22,100.0,100.0,0.36110270000062883,64
fourclass,RBF,23,100.0,100.0,0.3546439001802355,65
fourclass,RBF,24,99.88372093023254,99.88411038976433,0.3542760999407619,66
fourclass,RBF,25,99.88372093023254,99.88411038976433,0.35932469996623695,67
fourclass,RBF,26,99.88372093023254,99.88411038976433,0.3526575998403132,68
fourclass,RBF,27,100.0,100.0,0.35436129989102483,69
fourclass,RBF,28,99.88505747126437,99.88545195441748,0.3595408999826759,70
fourclass,RBF,29,99.88372093023254,99.88411038976433,0.3537262000609189,71
fourclass,RBF,30,100.0,100.0,0.3629864000249654,72
fourclass,RBF,31,99.88372093023254,99.88411038976433,0.35682219988666475,73
fourclass,RBF,32,99.88372093023254,99.88411038976433,0.3544709999114275,74
fourclass,RBF,33,99.88372093023254,99.88411038976433,0.36184950009919703,75
fourclass,RBF,34,100.0,100.0,0.3548761000856757,76
fourclass,HERMITE,0,94.07912322908315,94.07651141241075,0.7405535001307726,42
fourclass,HERMITE,1,94.08580593424219,94.08616963702553,0.746512999990955,43
fourclass,HERMITE,2,93.73563218390805,93.73656579947477,0.7522128000855446,44
fourclass,HERMITE,3,93.6153434910452,93.5992478405986,0.7525947000831366,45
fourclass,HERMITE,4,94.54557604918472,94.56273446855127,0.7350378998089582,46
fourclass,HERMITE,5,93.96150761828389,93.96424090265934,0.737872299971059,47
fourclass,HERMITE,6,94.20208500400962,94.19825492365105,0.7506553998682648,48
fourclass,HERMITE,7,94.08179631114676,94.06674434883556,0.7633591999765486,49
fourclass,HERMITE,8,94.4333066025127,94.444356790761,0.7327432001475245,50
fourclass,HERMITE,9,93.97219994653835,93.99848876136326,0.7328707999549806,51
fourclass,HERMITE,10,94.1980753809142,94.21972611894418,0.7555263000540435,52
fourclass,HERMITE,11,93.38412189254211,93.35733087682299,0.7560754001606256,53
fourclass,HERMITE,12,93.84522854851645,93.84247244789326,0.7391391000710428,54
fourclass,HERMITE,13,94.43063352044909,94.4300545818014,0.7289870998356491,55
fourclass,HERMITE,14,94.55359529537559,94.55345079042614,0.7622505000326782,56
fourclass,HERMITE,15,94.19673883988237,94.19691625345675,0.7516441000625491,57
fourclass,HERMITE,16,94.08179631114677,94.0984122965134,0.7275006999261677,58
fourclass,HERMITE,17,93.73429564287623,93.69976571595382,0.7338773000519723,59
fourclass,HERMITE,18,94.66720128307941,94.68009214417651,0.7615314000286162,60
fourclass,HERMITE,19,94.65650895482491,94.65722588508818,0.7567902998998761,61
fourclass,HERMITE,20,93.84923817161187,93.86029512996656,0.731858299812302,62
fourclass,HERMITE,21,94.0898155573376,94.09281644357337,0.7369786000344902,63
fourclass,HERMITE,22,94.19272921678697,94.22578324980348,0.8039058998692781,64
fourclass,HERMITE,23,93.15156375300721,93.12793298508136,0.7831460998859257,65
fourclass,HERMITE,24,94.78080727078321,94.80142424348742,0.747749499976635,66
fourclass,HERMITE,25,93.50574712643679,93.51951510620589,0.7458591999020427,67
fourclass,HERMITE,26,94.08045977011496,94.09404112071186,0.7439808999188244,68
fourclass,HERMITE,27,93.85592087677092,93.86647469464091,0.7522938998881727,69
fourclass,HERMITE,28,93.96685378241114,93.94758924853723,0.7428896999917924,70
fourclass,HERMITE,29,94.19941192194601,94.19552137997317,0.7253901001531631,71
fourclass,HERMITE,30,94.20475808607324,94.21494509663913,0.7630104999989271,72
fourclass,HERMITE,31,94.4333066025127,94.44815215023364,0.7509461001027375,73
fourclass,HERMITE,32,94.19673883988239,94.20955819586278,0.7357998001389205,74
fourclass,HERMITE,33,93.8545843357391,93.8284256699976,0.7400728000793606,75
fourclass,HERMITE,34,94.31569099171344,94.32722161596763,0.7453008000738919,76
fourclass,GEGEN,0,100.0,100.0,0.8201170999091119,42
fourclass,GEGEN,1,100.0,100.0,0.8085616999305785,43
fourclass,GEGEN,2,100.0,100.0,0.7886087000370026,44
fourclass,GEGEN,3,100.0,100.0,0.8155884000007063,45
fourclass,GEGEN,4,100.0,100.0,0.8092620000243187,46
fourclass,GEGEN,5,99.88372093023254,99.88411038976433,0.8169807000085711,47
fourclass,GEGEN,6,100.0,100.0,0.8077420999761671,48
fourclass,GEGEN,7,100.0,100.0,0.7944589001126587,49
fourclass,GEGEN,8,100.0,100.0,0.8032770999707282,50
fourclass,GEGEN,9,100.0,100.0,0.8101254999637604,51
fourclass,GEGEN,10,99.88372093023254,99.88415025776824,0.8166211999487132,52
fourclass,GEGEN,11,100.0,100.0,0.8099024000111967,53
fourclass,GEGEN,12,100.0,100.0,0.8205270001199096,54
fourclass,GEGEN,13,100.0,100.0,0.799228300107643,55
fourclass,GEGEN,14,100.0,100.0,0.8074874999001622,56
fourclass,GEGEN,15,100.0,100.0,0.8174308999441564,57
fourclass,GEGEN,16,100.0,100.0,0.8094790000468493,58
fourclass,GEGEN,17,100.0,100.0,0.7935691999737173,59
fourclass,GEGEN,18,100.0,100.0,0.7999398000538349,60
fourclass,GEGEN,19,100.0,100.0,0.8162104000803083,61
fourclass,GEGEN,20,100.0,100.0,0.8174486001953483,62
fourclass,GEGEN,21,100.0,100.0,0.8196922999341041,63
fourclass,GEGEN,22,100.0,100.0,0.7987224999815226,64
fourclass,GEGEN,23,99.88372093023254,99.88411038976433,0.7932568001560867,65
fourclass,GEGEN,24,100.0,100.0,0.8059606000315398,66
fourclass,GEGEN,25,100.0,100.0,0.8175956001505256,67
fourclass,GEGEN,26,99.88372093023254,99.88411038976433,0.8133857999928296,68
fourclass,GEGEN,27,100.0,100.0,0.7995976000092924,69
fourclass,GEGEN,28,100.0,100.0,0.7996400000993162,70
fourclass,GEGEN,29,100.0,100.0,0.8000512002035975,71
fourclass,GEGEN,30,100.0,100.0,0.8263555997982621,72
fourclass,GEGEN,31,100.0,100.0,0.8188803000375628,73
fourclass,GEGEN,32,99.88372093023254,99.88411038976433,0.8008264000527561,74
fourclass,GEGEN,33,99.88372093023254,99.88411038976433,0.7967614999506623,75
fourclass,GEGEN,34,100.0,100.0,0.7963606999255717,76
fourclass,AL-SALAM,0,99.65249933172949,99.65371260195003,0.9574100999161601,42
fourclass,AL-SALAM,1,99.53488372093024,99.53718291282112,0.97143270005472,43
fourclass,AL-SALAM,2,99.53622026196204,99.53848460947034,0.9827380999922752,44
fourclass,AL-SALAM,3,99.65116279069768,99.65233116929298,0.9647800999227911,45
fourclass,AL-SALAM,4,99.53622026196204,99.53868084548041,0.9531688999850303,46
fourclass,AL-SALAM,5,99.65249933172949,99.65371260195006,0.9521210000384599,47
fourclass,AL-SALAM,6,99.65116279069768,99.65241090530081,0.94930289988406,48
fourclass,AL-SALAM,7,99.88505747126437,99.88545195441748,0.9526248001493514,49
fourclass,AL-SALAM,8,99.4212777332264,99.4246895554497,0.9524290000554174,50
fourclass,AL-SALAM,9,99.4199411921946,99.42279123524473,0.9613310000859201,51
fourclass,AL-SALAM,10,99.65249933172949,99.65437421970603,0.9564167000353336,52
fourclass,AL-SALAM,11,99.41994119219459,99.4219333814787,0.9549094000831246,53
fourclass,AL-SALAM,12,99.53755680299385,99.53916455636754,0.9488399000838399,54
fourclass,AL-SALAM,13,99.41860465116278,99.42211128834755,0.9481488999444991,55
fourclass,AL-SALAM,14,99.65249933172949,99.65453058771216,0.9502149000763893,56
fourclass,AL-SALAM,15,99.65116279069768,99.65237103729689,0.9462164998985827,57
fourclass,AL-SALAM,16,99.76744186046511,99.76826064753259,0.9549533000681549,58
fourclass,AL-SALAM,17,99.42261427425822,99.42532963434294,0.9514935000333935,59
fourclass,AL-SALAM,18,99.65116279069768,99.65318902305903,0.9482959001325071,60
fourclass,AL-SALAM,19,99.65249933172949,99.65453058771216,0.9484892999753356,61
fourclass,AL-SALAM,20,99.65116279069768,99.65241090530084,0.9528206000104547,62
fourclass,AL-SALAM,21,99.65116279069768,99.65237103729692,0.9473480000160635,63
fourclass,AL-SALAM,22,99.53622026196204,99.53778312371044,0.953317099949345,64
fourclass,AL-SALAM,23,99.41994119219459,99.4219333814787,0.947490300051868,65
fourclass,AL-SALAM,24,99.76877840149692,99.76956234418181,0.9476679000072181,66
fourclass,AL-SALAM,25,99.53488372093024,99.5371430448172,0.949542400194332,67
fourclass,AL-SALAM,26,99.53488372093024,99.53718291282112,0.9564040000550449,68
fourclass,AL-SALAM,27,99.76744186046511,99.76826064753259,0.9547188999131322,69
fourclass,AL-SALAM,28,99.65383587276129,99.65572742215724,0.956500300206244,70
fourclass,AL-SALAM,29,99.65249933172949,99.65367273394612,0.9506745000835508,71
fourclass,AL-SALAM,30,99.65116279069768,99.65241090530081,0.9465067000128329,72
fourclass,AL-SALAM,31,99.53488372093024,99.53729941282333,0.9542255999986082,73
fourclass,AL-SALAM,32,99.65249933172949,99.65367273394612,0.9519394000526518,74
fourclass,AL-SALAM,33,99.65116279069768,99.65307252305679,0.9526170000899583,75
fourclass,AL-SALAM,34,99.65249933172949,99.65371260195006,0.9497056000400335,76
