dataset,repeat,fold,kernel,n_samples_test,n_train,cka,cka_p,hsic,hsic_p,effective_rank,top1_ratio,cum_top3,cum_top5,kpca_top1,kpca_cum_top5,fisher_ratio_rkhs,dof_trace,svm_mean_margin,svm_std_margin,svm_sv_prop,svm_n_sv,knn_overlap_5,knn_overlap_10,best_params
ecoli,0,0,linear,168,168,0.6296758539578153,0.009900990099009901,0.1168626080027212,0.009900990099009901,3.3264205760138856,0.45540432017107724,0.8278909775961125,0.9818463219034153,0.45540432017107724,0.9818463219034153,2.0155002596249885,5.99939650857646,,,,,1.0,1.0,"{""C"": 5.6706533352385184}"
ecoli,0,0,poly,168,168,0.6343139716890743,0.009900990099009901,0.04661431264800813,0.009900990099009901,3.510747245471537,0.44706213836556036,0.7938346006960887,0.9476036067730406,0.44706213836556036,0.9476036067730406,1.9602104488796461,23.681883074372823,,,,,0.979761904761905,0.9732142857142857,"{""C"": 1.682600940796726, ""degree"": 2, ""gamma"": 0.3905722768710247}"
ecoli,0,0,rbf,168,168,0.6346040989559082,0.009900990099009901,0.0048498527064119185,0.009900990099009901,3.4126085333706446,0.4495249456564351,0.8161222423781894,0.9689341870329627,0.4495249456564351,0.9689341870329627,1.9974311504833855,17.54052211061461,,,,,1.0,1.0,"{""C"": 23.282742585973665, ""gamma"": 0.021470728417401972}"
ecoli,0,0,custom_hermite,168,168,0.6357632649311238,0.009900990099009901,0.005960316357598538,0.009900990099009901,4.32979334804439,0.37471764112906575,0.7658249168033524,0.9056223902166614,0.37471764112906575,0.9056223902166614,1.72916274628048,20.225848464168944,,,,,0.7916666666666666,0.8089285714285713,"{""C"": 23.282742585973665, ""degree"": 1}"
ecoli,0,0,custom_gegen,168,168,0.6235122519637551,0.009900990099009901,0.9525465501267171,0.009900990099009901,16.935139244613396,0.17075080213015983,0.3403074090985197,0.4359369777648485,0.17075080213015983,0.4359369777648485,1.2952919837589363,164.4107030297825,,,,,0.8499999999999999,0.8541666666666666,"{""C"": 95.07475088350853, ""degree"": 6, ""alpha"": 0.4100094487161856}"
ecoli,0,0,custom_alsalam,168,168,0.6800964624770517,0.009900990099009901,0.05477864916904047,0.009900990099009901,5.911158608521873,0.31702503408501415,0.6445523589982335,0.7638743935732254,0.31702503408501415,0.7638743935732254,1.5800204689455901,71.69309154811609,,,,,0.8666666666666666,0.8773809523809526,"{""C"": 1.682600940796726, ""degree"": 2, ""a"": -1, ""q"": 0.5788485281562832}"
ecoli,0,1,linear,168,168,0.5857503376066221,0.009900990099009901,0.11342710348890328,0.009900990099009901,3.6765442358693856,0.4294923106805549,0.8011930761811281,0.9680185758449995,0.4294923106805549,0.9680185758449995,1.9779116880634047,6.9994983760102025,,,,,1.0,1.0,"{""C"": 1.7799078591451953}"
ecoli,0,1,poly,168,168,0.6023347012189999,0.009900990099009901,0.23531482280531726,0.009900990099009901,4.556871402212752,0.3957700672916635,0.6904398884851318,0.8497184172847039,0.3957700672916635,0.8497184172847039,1.8316930170990082,64.99311018128027,,,,,0.9488095238095239,0.9357142857142856,"{""C"": 1.7799078591451953, ""degree"": 5, ""gamma"": 0.9209980240687392}"
ecoli,0,1,rbf,168,168,0.6770580912448448,0.009900990099009901,0.06351190775401437,0.009900990099009901,8.267776851219365,0.27693888251275695,0.5088761312533125,0.6280529467611408,0.27693888251275695,0.6280529467611408,1.4959090363341374,112.67660051259548,,,,,1.0,1.0,"{""C"": 1.7799078591451953, ""gamma"": 0.9337954860513261}"
ecoli,0,1,custom_hermite,168,168,0.6432159343215565,0.009900990099009901,0.010695945897844901,0.009900990099009901,5.516851566509934,0.3431419041869352,0.6624375293206238,0.7822943616249517,0.3431419041869352,0.7822943616249517,1.5601289052363159,57.79962991610306,,,,,0.8404761904761904,0.8226190476190477,"{""C"": 50.44801691412613, ""degree"": 6}"
ecoli,0,1,custom_gegen,168,168,0.5973328542254946,0.009900990099009901,0.03891323471027196,0.009900990099009901,4.026934581752079,0.41600774929014217,0.7511533567157138,0.9179455156826954,0.41600774929014217,0.9179455156826954,1.9186786030317249,28.21187781787416,,,,,0.9738095238095238,0.9613095238095238,"{""C"": 3.3825314068342753, ""degree"": 1, ""alpha"": -0.23731513818302485}"
ecoli,0,1,custom_alsalam,168,168,0.5952189322694901,0.009900990099009901,0.44715338224549006,0.009900990099009901,4.988049671358584,0.37876786526720363,0.6640182436022453,0.8035783581619894,0.37876786526720363,0.8035783581619894,1.779055293496673,37.33795329826567,,,,,0.8845238095238095,0.8833333333333335,"{""C"": 3.3825314068342753, ""degree"": 1, ""a"": -1, ""q"": 0.13443777114604807}"
ecoli,1,0,linear,168,168,0.6227752222075078,0.009900990099009901,0.11449005950085742,0.009900990099009901,3.5676210629494087,0.4345598832648311,0.7991777968249734,0.9715962657333261,0.4345598832648311,0.9715962657333261,2.0151678336210908,6.999415429276605,,,,,1.0,1.0,"{""C"": 1.1151129934161594}"
ecoli,1,0,poly,168,168,0.6372144041405347,0.009900990099009901,0.24082108323019064,0.009900990099009901,4.35737160672481,0.3966539703687837,0.714997617009995,0.864630243689117,0.3966539703687837,0.864630243689117,1.8836246448728178,61.92414841506606,,,,,0.9392857142857144,0.9380952380952382,"{""C"": 1.1151129934161594, ""degree"": 5, ""gamma"": 0.4437486396940668}"
ecoli,1,0,rbf,168,168,0.7055110373927203,0.009900990099009901,0.06893824884092643,0.009900990099009901,9.297553794898832,0.2529330805265183,0.48492095391261386,0.5951421842152912,0.2529330805265183,0.5951421842152912,1.4501052389103681,123.51538121521097,,,,,1.0,1.0,"{""C"": 4.003865189138714, ""gamma"": 1.3095932692190535}"
ecoli,1,0,custom_hermite,168,168,0.6721089654270838,0.009900990099009901,0.00627467902065983,0.009900990099009901,4.772976447217565,0.36605813307052437,0.7164361188679431,0.8469122876487774,0.36605813307052437,0.8469122876487774,1.6871064613429283,38.49041027899021,,,,,0.8345238095238094,0.8267857142857145,"{""C"": 12.068752030354027, ""degree"": 4}"
ecoli,1,0,custom_gegen,168,168,0.6747991179286067,0.009900990099009901,0.35800160402879966,0.009900990099009901,6.988262183510703,0.30469969941278285,0.5479107821775779,0.65504357552215,0.30469969941278285,0.65504357552215,1.631236140436094,113.663258566608,,,,,0.8928571428571429,0.9059523809523811,"{""C"": 0.7145922298653642, ""degree"": 3, ""alpha"": 0.323529764831202}"
ecoli,1,0,custom_alsalam,168,168,0.7026620187056761,0.009900990099009901,0.5465770801322748,0.009900990099009901,6.523633383047192,0.31359361040965716,0.582555041295583,0.7064809877976596,0.31359361040965716,0.7064809877976596,1.6175721033331376,115.783985836727,,,,,0.9571428571428571,0.9535714285714285,"{""C"": 0.7145922298653642, ""degree"": 3, ""a"": -1, ""q"": 0.41063274850983816}"
ecoli,1,1,linear,168,168,0.5944504513360597,0.009900990099009901,0.11614908593194276,0.009900990099009901,3.4366995388957635,0.4483260238842746,0.831903391371851,0.9770031855239348,0.4483260238842746,0.9770031855239348,1.9861827679050554,5.9995041596321865,,,,,1.0,1.0,"{""C"": 76.43073716200965}"
ecoli,1,1,poly,168,168,0.6031266972837593,0.009900990099009901,0.13303052707167956,0.009900990099009901,4.078429103696256,0.42588079655969313,0.7319490555631146,0.874674418793373,0.42588079655969313,0.874674418793373,1.820781861665824,54.70563202244065,,,,,0.9404761904761905,0.9297619047619049,"{""C"": 64.52068558233924, ""degree"": 4, ""gamma"": 0.26587751176366775}"
ecoli,1,1,rbf,168,168,0.64323771987787,0.009900990099009901,0.0404881307088742,0.009900990099009901,4.627290863588129,0.3861402413437776,0.7029497271274132,0.8403555294828585,0.3861402413437776,0.8403555294828585,1.7790208570604844,58.46095020263889,,,,,1.0,1.0,"{""C"": 2.014988900115739, ""gamma"": 0.26587751176366775}"
ecoli,1,1,custom_hermite,168,168,0.612645121263831,0.009900990099009901,0.01957796449098955,0.009900990099009901,5.3744819583629955,0.33889822880567366,0.6845561877500541,0.8011983662635574,0.33889822880567366,0.8011983662635574,1.5415988985988784,61.86397092519081,,,,,0.8297619047619046,0.8416666666666669,"{""C"": 17.954315018494725, ""degree"": 6}"
ecoli,1,1,custom_gegen,168,168,0.3735299827089289,0.009900990099009901,2.303280379030719e-10,0.009900990099009901,3.5487886495195404,0.48491172990935155,0.7669274125777747,0.8558969166813416,0.48491172990935155,0.8558969166813416,1.3168394145226103,0.0011403042569136943,,,,,0.5928571428571429,0.6297619047619049,"{""C"": 0.002032257475511567, ""degree"": 3, ""alpha"": 1.4535406832252733}"
ecoli,1,1,custom_alsalam,168,168,0.662619245814036,0.009900990099009901,0.14964577679952848,0.009900990099009901,7.236591338214779,0.29248160805601964,0.5648707324752352,0.6805848651898113,0.29248160805601964,0.6805848651898113,1.5046868233955746,117.09783835279482,,,,,0.948809523809524,0.9422619047619049,"{""C"": 64.52068558233924, ""degree"": 4, ""a"": -1, ""q"": 0.5108821236691251}"
ecoli,2,0,linear,168,168,0.5921140359078547,0.009900990099009901,0.10481700423641127,0.009900990099009901,3.647501982687944,0.4314150959523127,0.7863558822584864,0.9651363929490718,0.4314150959523127,0.9651363929490718,1.97569805386112,6.9994527808338916,,,,,1.0,1.0,"{""C"": 12.25698660067787}"
ecoli,2,0,poly,168,168,0.6039215934540803,0.009900990099009901,0.22081122793470107,0.009900990099009901,4.449541105160235,0.39429047590882105,0.7037884177167196,0.8584493254622543,0.39429047590882105,0.8584493254622543,1.8647433505092093,63.01566739525761,,,,,0.9357142857142856,0.9279761904761905,"{""C"": 10.536792180895384, ""degree"": 5, ""gamma"": 0.015857745215633764}"
ecoli,2,0,rbf,168,168,0.6886332440898197,0.009900990099009901,0.06393907649330738,0.009900990099009901,10.808418616965008,0.23166634592070598,0.4393314769441397,0.5559350839966284,0.23166634592070598,0.5559350839966284,1.4125586214256751,129.580697633731,,,,,1.0,1.0,"{""C"": 0.6075556061051977, ""gamma"": 1.4553982066513713}"
ecoli,2,0,custom_hermite,168,168,0.6400340334681214,0.009900990099009901,0.002711492727159854,0.009900990099009901,4.380248892056244,0.38981452422425217,0.7369809662813512,0.8789778500244353,0.38981452422425217,0.8789778500244353,1.7204220598538988,18.756550027574455,,,,,0.7999999999999998,0.8130952380952382,"{""C"": 5.779532917287785, ""degree"": 1}"
ecoli,2,0,custom_gegen,168,168,0.6339110993130489,0.009900990099009901,0.9165396378948512,0.009900990099009901,5.768127817949782,0.34011049081401673,0.6211866696251142,0.7515271547992746,0.34011049081401673,0.7515271547992746,1.7302854314985385,125.64242962997676,,,,,0.9345238095238095,0.9273809523809524,"{""C"": 10.536792180895384, ""degree"": 5, ""alpha"": -0.48469379892006687}"
ecoli,2,0,custom_alsalam,168,168,0.6952726146091437,0.009900990099009901,0.048625983917001035,0.009900990099009901,7.176112308739633,0.2962950714397622,0.5608173748311668,0.6860624388602874,0.2962950714397622,0.6860624388602874,1.5157501458897693,102.4054366270601,,,,,0.911904761904762,0.9077380952380952,"{""C"": 1.771064516514447, ""degree"": 4, ""a"": -1, ""q"": 0.5827833033019963}"
ecoli,2,1,linear,168,168,0.6228867217834049,0.009900990099009901,0.12687021121302747,0.009900990099009901,3.3380914751608257,0.45461375889965205,0.8450149754214654,0.9831753976694687,0.45461375889965205,0.9831753976694687,2.0416970689479768,5.999423431862526,,,,,1.0,1.0,"{""C"": 10.987099845151825}"
ecoli,2,1,poly,168,168,0.635223493258301,0.009900990099009901,0.14516655983896676,0.009900990099009901,3.966783246156374,0.43057181211305934,0.7450938064505895,0.8814644309798805,0.43057181211305934,0.8814644309798805,1.8547140035389755,53.70078826263769,,,,,0.9380952380952381,0.9345238095238095,"{""C"": 53.760403198842006, ""degree"": 4, ""gamma"": 0.2543344154054135}"
ecoli,2,1,rbf,168,168,0.5940107753906065,0.009900990099009901,0.047873327460137484,0.009900990099009901,18.982771875010684,0.15540454976908877,0.31841941718059924,0.421764321640086,0.15540454976908877,0.421764321640086,1.2023879054740756,154.4141105122915,,,,,1.0,1.0,"{""C"": 10.987099845151825, ""gamma"": 2.96645526678353}"
ecoli,2,1,custom_hermite,168,168,0.6443002748988503,0.009900990099009901,0.020925123953009123,0.009900990099009901,5.229158428004923,0.33927485763553417,0.6993657795945777,0.8169949998911407,0.33927485763553417,0.8169949998911407,1.5930694099409417,60.88366952482626,,,,,0.8428571428571429,0.8386904761904764,"{""C"": 10.987099845151825, ""degree"": 6}"
ecoli,2,1,custom_gegen,168,168,0.6582210415658517,0.009900990099009901,0.0875326579585232,0.009900990099009901,8.210623103076243,0.2773601090647373,0.508720343116734,0.6225513555245403,0.2773601090647373,0.6225513555245403,1.4822947425334085,118.81990244602206,,,,,0.8892857142857143,0.8821428571428571,"{""C"": 0.17783822010985045, ""degree"": 5, ""alpha"": 0.242250976259884}"
ecoli,2,1,custom_alsalam,168,168,0.6863390985097516,0.009900990099009901,0.5423948556803732,0.009900990099009901,6.750611054106622,0.3103652141568002,0.5713191658339704,0.6909871857911558,0.3103652141568002,0.6909871857911558,1.5532041361592162,130.55417747694946,,,,,0.9571428571428572,0.956547619047619,"{""C"": 0.17783822010985045, ""degree"": 5, ""a"": -1, ""q"": 0.3706060084093901}"
ecoli,3,0,linear,168,168,0.5926049830457973,0.009900990099009901,0.1151384085328077,0.009900990099009901,3.472721485873648,0.45434776398974736,0.8189164290319458,0.9735566573573797,0.45434776398974736,0.9735566573573797,1.9777994640975571,6.999432801874571,,,,,1.0,1.0,"{""C"": 3.371123779264948}"
ecoli,3,0,poly,168,168,0.6033306170057299,0.009900990099009901,0.14706631750974025,0.009900990099009901,4.033314714061579,0.42696650628265476,0.7397380615962519,0.8889750975117252,0.42696650628265476,0.8889750975117252,1.8519496058052856,52.167084687378335,,,,,0.961904761904762,0.9464285714285714,"{""C"": 7.666301593030893, ""degree"": 4, ""gamma"": 0.3359737271312773}"
ecoli,3,0,rbf,168,168,0.6672284520860758,0.009900990099009901,0.06418737802435753,0.009900990099009901,9.627646213764683,0.24829274706524648,0.4738167217284761,0.5840826707372085,0.24829274706524648,0.5840826707372085,1.4130568052289807,124.44422473745709,,,,,1.0,1.0,"{""C"": 3.371123779264948, ""gamma"": 1.3236621412946667}"
ecoli,3,0,custom_hermite,168,168,0.6086035746995728,0.009900990099009901,0.0026761494116013733,0.009900990099009901,4.396877862401265,0.3834562243444288,0.748199541945471,0.8929307182522461,0.3834562243444288,0.8929307182522461,1.6850411466289552,19.544427262035104,,,,,0.8238095238095237,0.8011904761904763,"{""C"": 94.5091760565842, ""degree"": 1}"
ecoli,3,0,custom_gegen,168,168,0.5966769043281992,0.009900990099009901,0.010636332942140973,0.009900990099009901,3.581663644293479,0.4486843199671287,0.8024854808260907,0.9563260241422652,0.4486843199671287,0.9563260241422652,1.953148988768112,19.61847361573663,,,,,0.9880952380952381,0.9863095238095239,"{""C"": 28.205186218469233, ""degree"": 1, ""alpha"": -0.14042733906471633}"
ecoli,3,0,custom_alsalam,168,168,0.5924642840366902,0.009900990099009901,0.42207662579698546,0.009900990099009901,4.557489604727789,0.40252628671305724,0.6889577302959229,0.8202731756615345,0.40252628671305724,0.8202731756615345,1.7586308301571676,37.37374876362704,,,,,0.9190476190476189,0.8994047619047618,"{""C"": 28.205186218469233, ""degree"": 1, ""a"": -1, ""q"": 0.18215136066159698}"
ecoli,3,1,linear,168,168,0.6160719494217796,0.009900990099009901,0.11510168371450424,0.009900990099009901,3.458064818957922,0.434412598705042,0.8177790651038186,0.9764085106774669,0.434412598705042,0.9764085106774669,2.032166822662495,5.999549280952813,,,,,1.0,1.0,"{""C"": 22.43557003978851}"
ecoli,3,1,poly,168,168,0.6160719494217797,0.009900990099009901,0.019183613952417373,0.009900990099009901,3.4580648189579364,0.4344125987050411,0.8177790651038169,0.9764085106774643,0.4344125987050411,0.9764085106774643,2.0321668226624956,6.9964912784354025,,,,,1.0,1.0,"{""C"": 38.1130881878493, ""degree"": 1, ""gamma"": 0.3952894153188826}"
ecoli,3,1,rbf,168,168,0.6454362128093429,0.009900990099009901,0.024197363048693906,0.009900990099009901,3.9851335709815126,0.4085873282045945,0.7524345260943894,0.9080025662142023,0.4085873282045945,0.9080025662142023,1.9256459106977228,39.63594745281215,,,,,1.0,1.0,"{""C"": 22.43557003978851, ""gamma"": 0.12748001742525916}"
ecoli,3,1,custom_hermite,168,168,0.6552228969310785,0.009900990099009901,0.01106704460363772,0.009900990099009901,4.559497794391925,0.3681875984523745,0.7417729691949764,0.87031117356857,0.3681875984523745,0.87031117356857,1.7265344186326048,38.0024678756244,,,,,0.8440476190476189,0.8422619047619049,"{""C"": 22.43557003978851, ""degree"": 3}"
ecoli,3,1,custom_gegen,168,168,0.657400044087144,0.009900990099009901,0.00044587417204483494,0.009900990099009901,5.5784539312162895,0.34133887459269535,0.6250792698057838,0.7444337390302106,0.34133887459269535,0.7444337390302106,1.681860763433772,22.807952468122565,,,,,0.9119047619047619,0.9196428571428571,"{""C"": 43.876514901915776, ""degree"": 6, ""alpha"": -0.025249895676690892}"
ecoli,3,1,custom_alsalam,168,168,0.6803794584089934,0.009900990099009901,0.04941936947249229,0.009900990099009901,4.72038155111373,0.37251826350777384,0.6927773217930202,0.8368440600563362,0.37251826350777384,0.8368440600563362,1.78639342216767,32.477448988038276,,,,,0.8988095238095238,0.9095238095238096,"{""C"": 41.88573595353779, ""degree"": 1, ""a"": -1, ""q"": 0.5331816761186391}"
ecoli,4,0,linear,168,168,0.5937804676442313,0.009900990099009901,0.11001203774912115,0.009900990099009901,3.7492631796435285,0.41560590687797655,0.8026483145017913,0.9686535380018904,0.41560590687797655,0.9686535380018904,1.9973251211435854,6.999481871363668,,,,,1.0,1.0,"{""C"": 5.842270170880831}"
ecoli,4,0,poly,168,168,0.6111910453424113,0.009900990099009901,0.07968040364906981,0.009900990099009901,4.252970957679251,0.3940624727999592,0.741321096857671,0.9040298842293434,0.3940624727999592,0.9040298842293434,1.9170131174343872,41.838587988092826,,,,,0.9678571428571429,0.9660714285714287,"{""C"": 2.132326206538417, ""degree"": 3, ""gamma"": 0.8963436184725015}"
ecoli,4,0,rbf,168,168,0.6727056088442356,0.009900990099009901,0.04681354489885461,0.009900990099009901,5.409559024692123,0.34058135547346197,0.6498601214900986,0.7958746530942156,0.34058135547346197,0.7958746530942156,1.7623720557199403,68.81198378079813,,,,,1.0,1.0,"{""C"": 1.0967437636449744, ""gamma"": 0.3498114563764463}"
ecoli,4,0,custom_hermite,168,168,0.652780248326171,0.009900990099009901,0.006063950775362917,0.009900990099009901,5.017231226362928,0.3455775162616222,0.7108849115145959,0.8390471016155059,0.3455775162616222,0.8390471016155059,1.6562154643361158,40.01658887449785,,,,,0.8130952380952379,0.8196428571428571,"{""C"": 23.86907940297488, ""degree"": 4}"
ecoli,4,0,custom_gegen,168,168,0.6467423083693503,0.009900990099009901,2.076041607642717e-05,0.009900990099009901,6.146973989657534,0.3164659919288029,0.6070946159428008,0.7385758809512798,0.3164659919288029,0.7385758809512798,1.6595311487147704,9.981697404411777,,,,,0.9023809523809524,0.911904761904762,"{""C"": 5.842270170880831, ""degree"": 6, ""alpha"": -0.005538085438974216}"
ecoli,4,0,custom_alsalam,168,168,0.6944515456290337,0.009900990099009901,1.9978768158298852,0.009900990099009901,7.392387474175856,0.28365271151098576,0.5484058242466886,0.6768454291147503,0.28365271151098576,0.6768454291147503,1.6022939354784873,146.41684515961987,,,,,0.9452380952380953,0.9410714285714287,"{""C"": 5.842270170880831, ""degree"": 6, ""a"": -1, ""q"": 0.2485792343064348}"
ecoli,4,1,linear,168,168,0.6210822382691459,0.009900990099009901,0.1207590765855115,0.009900990099009901,3.251601618618345,0.4714540508328084,0.831710814349819,0.9810183037452178,0.4714540508328084,0.9810183037452178,2.0154317021493067,5.999455408801616,,,,,1.0,1.0,"{""C"": 0.8155456736972195}"
ecoli,4,1,poly,168,168,0.6243999637723907,0.009900990099009901,0.14026917330712382,0.009900990099009901,3.789933337409109,0.4451493887894975,0.7537934877488641,0.8882813024270503,0.4451493887894975,0.8882813024270503,1.864001185288861,52.779622387895145,,,,,0.9297619047619047,0.9321428571428573,"{""C"": 9.457141400729146, ""degree"": 4, ""gamma"": 0.1213570574775292}"
ecoli,4,1,rbf,168,168,0.6522603390272347,0.009900990099009901,0.037962174244459315,0.009900990099009901,4.093624411927306,0.42121853501795076,0.7256426027854957,0.8702027600324741,0.42121853501795076,0.8702027600324741,1.8385409198735874,51.58414614527737,,,,,1.0,1.0,"{""C"": 5.227784965993692, ""gamma"": 0.22294919528266915}"
ecoli,4,1,custom_hermite,168,168,0.6298792751177911,0.009900990099009901,0.010827696958409077,0.009900990099009901,4.4103124957505635,0.38723458444731446,0.7439399498361753,0.8770897359490275,0.38723458444731446,0.8770897359490275,1.6933335393824402,36.82756483778624,,,,,0.8333333333333334,0.836904761904762,"{""C"": 5.227784965993692, ""degree"": 3}"
ecoli,4,1,custom_gegen,168,168,0.645586240774094,0.009900990099009901,0.06747146270852583,0.009900990099009901,4.237973891110601,0.41683406642365756,0.7095134300604415,0.8406314089973188,0.41683406642365756,0.8406314089973188,1.8086040778152015,66.10707535712757,,,,,0.9428571428571431,0.9517857142857143,"{""C"": 24.6810555869082, ""degree"": 3, ""alpha"": -0.26544137058291106}"
ecoli,4,1,custom_alsalam,168,168,0.6492728174418975,0.009900990099009901,1.248013862887308,0.009900990099009901,5.5994035200443255,0.3451225022213221,0.6327412301226637,0.7769349732957793,0.3451225022213221,0.7769349732957793,1.6607637268994306,92.0315775227385,,,,,0.855952380952381,0.8678571428571429,"{""C"": 0.2493112125355205, ""degree"": 2, ""a"": -1, ""q"": 0.14597858456281504}"
glass,0,0,linear,107,107,0.26509942907594974,0.009900990099009901,0.054547292392061505,0.009900990099009901,3.856913679273029,0.43378144408170694,0.7542586054176144,0.9235282410190155,0.43378144408170694,0.9235282410190155,1.557398786851598,8.996799734867588,,,,,1.0,1.0,"{""C"": 10.246468061894943}"
glass,0,0,poly,107,107,0.26676665229372853,0.009900990099009901,0.050509369830811765,0.009900990099009901,5.197854294435157,0.3625732600764405,0.6384713496568756,0.818282126445509,0.3625732600764405,0.818282126445509,1.518029103664488,50.565295995680835,,,,,0.9532710280373832,0.9532710280373833,"{""C"": 79.01812216991009, ""degree"": 4, ""gamma"": 0.18689689615716876}"
glass,0,0,rbf,107,107,0.2788332189033627,0.009900990099009901,0.021966073661302852,0.009900990099009901,7.805786013004541,0.2860920989400438,0.5423532444933539,0.6529163922399509,0.2860920989400438,0.6529163922399509,1.3177496728408404,72.96685825788889,,,,,1.0,1.0,"{""C"": 35.82944405526637, ""gamma"": 0.6756564310378232}"
glass,0,0,custom_hermite,107,107,0.24070327956023935,0.009900990099009901,0.0024901216955934944,0.009900990099009901,5.421137822739374,0.3379577886502449,0.6582970440399126,0.8081231868661991,0.3379577886502449,0.8081231868661991,1.30156732608095,42.645228759571765,,,,,0.8467289719626169,0.8317757009345794,"{""C"": 35.82944405526637, ""degree"": 5}"
glass,0,0,custom_gegen,107,107,0.28377747180965257,0.009900990099009901,0.03289833488981195,0.009900990099009901,7.009906841684539,0.30182656759556925,0.5591592694115535,0.7045387481412062,0.30182656759556925,0.7045387481412062,1.4136403253039331,71.14572910305836,,,,,0.9158878504672897,0.9009345794392524,"{""C"": 35.82944405526637, ""degree"": 5, ""alpha"": -0.23583333804448042}"
glass,0,0,custom_alsalam,107,107,0.25916837241856305,0.009900990099009901,0.7708551707870949,0.009900990099009901,7.653840079799366,0.2884594312115513,0.5368526569907595,0.656173767310278,0.2884594312115513,0.656173767310278,1.3751519105572263,89.79740700409435,,,,,0.8373831775700935,0.8429906542056076,"{""C"": 0.4392257490346776, ""degree"": 2, ""a"": -1, ""q"": 0.2978178793954881}"
glass,0,1,linear,107,107,0.28755857522197453,0.009900990099009901,0.0753064702196332,0.009900990099009901,3.3699796948310317,0.482697310752997,0.7911769177378383,0.9374358432865914,0.482697310752997,0.9374358432865914,1.4498389970849201,8.99561754162661,,,,,1.0,1.0,"{""C"": 11.106279093451358}"
glass,0,1,poly,107,107,0.29555123316271087,0.009900990099009901,0.021657256637408584,0.009900990099009901,3.7074711617473075,0.45965755011917797,0.7532309977473548,0.8955835924120147,0.45965755011917797,0.8955835924120147,1.4365735044163561,31.650390321497124,,,,,0.9813084112149534,0.9813084112149533,"{""C"": 29.9712877761603, ""degree"": 2, ""gamma"": 3.1770601096266855}"
glass,0,1,rbf,107,107,0.2613904720931237,0.009900990099009901,0.022854287096945026,0.009900990099009901,15.64630882117799,0.19401218339819828,0.3560826604265594,0.4442247455721218,0.19401218339819828,0.4442247455721218,1.1147922463809918,96.72036736611715,,,,,1.0,1.0,"{""C"": 11.106279093451358, ""gamma"": 3.0950075221094173}"
glass,0,1,custom_hermite,107,107,0.26749884406472835,0.009900990099009901,0.004177085494769555,0.009900990099009901,4.68198156587237,0.4054899813378981,0.6651983814002367,0.8097763341234434,0.4054899813378981,0.8097763341234434,1.2586352116656192,49.24487158475412,,,,,0.7962616822429905,0.8514018691588786,"{""C"": 11.106279093451358, ""degree"": 6}"
glass,0,1,custom_gegen,107,107,0.3032268740437392,0.009900990099009901,0.1762267106722626,0.009900990099009901,5.047237939462518,0.38736826073798664,0.6363398330594532,0.7685809711655696,0.38736826073798664,0.7685809711655696,1.3842713100700563,58.80186125724889,,,,,0.8953271028037384,0.8990654205607478,"{""C"": 65.84926268238024, ""degree"": 1, ""alpha"": 0.3955348379708111}"
glass,0,1,custom_alsalam,107,107,0.3236194658514273,0.009900990099009901,0.06891548552809694,0.009900990099009901,4.601955033230445,0.4260180747735124,0.630617571177156,0.7640304192560113,0.4260180747735124,0.7640304192560113,1.3847105923252956,58.15064127766091,,,,,0.8859813084112149,0.8897196261682243,"{""C"": 65.84926268238024, ""degree"": 1, ""a"": -1, ""q"": 0.4460925332720577}"
glass,1,0,linear,107,107,0.23676487530559565,0.009900990099009901,0.059864959558033164,0.009900990099009901,3.8627573238366906,0.41312196429109543,0.7794181409517031,0.9511086388717446,0.41312196429109543,0.9511086388717446,1.3570720550183224,8.995260932194192,,,,,1.0,1.0,"{""C"": 60.26331494835239}"
glass,1,0,poly,107,107,0.2468849850209962,0.009900990099009901,0.0328640187313522,0.009900990099009901,4.83923100588174,0.3664284133278576,0.6963831594620984,0.8569700769302733,0.3664284133278576,0.8569700769302733,1.3375262073154148,45.567870721746075,,,,,0.9588785046728971,0.963551401869159,"{""C"": 1.2343260577130952, ""degree"": 3, ""gamma"": 0.20321810259491457}"
glass,1,0,rbf,107,107,0.2486530667667214,0.009900990099009901,0.005549394403848825,0.009900990099009901,4.37349731028605,0.3954684391560355,0.7273225163073459,0.8833774423702903,0.3954684391560355,0.8833774423702903,1.3460231953018131,32.99087215020037,,,,,1.0,1.0,"{""C"": 60.26331494835239, ""gamma"": 0.05299205824216785}"
glass,1,0,custom_hermite,107,107,0.1997336788439389,0.009900990099009901,0.0017985925173355632,0.009900990099009901,4.676813257041852,0.39622279397225746,0.6865660712428956,0.8249748550179041,0.39622279397225746,0.8249748550179041,1.223556171146575,40.24344829390396,,,,,0.7850467289719626,0.8074766355140187,"{""C"": 41.78438167896029, ""degree"": 4}"
glass,1,0,custom_gegen,107,107,0.07464282085199785,0.009900990099009901,2.423629477244142,0.009900990099009901,3.4642085979440673,0.5193228428128506,0.6671008963838316,0.7594756229954263,0.5193228428128506,0.7594756229954263,1.3036964696849995,104.71816435960655,,,,,0.7401869158878503,0.7373831775700935,"{""C"": 1.2343260577130952, ""degree"": 3, ""alpha"": 0.43064883088996686}"
glass,1,0,custom_alsalam,107,107,0.2539452805513775,0.009900990099009901,0.15461619741478613,0.009900990099009901,9.230856432384636,0.24405865395198764,0.5011776706117499,0.6140163519640153,0.24405865395198764,0.6140163519640153,1.2060184547258617,93.80928972897541,,,,,0.8897196261682243,0.9056074766355142,"{""C"": 1.2343260577130952, ""degree"": 3, ""a"": -1, ""q"": 0.46338485139304897}"
glass,1,1,linear,107,107,0.33886745548226455,0.009900990099009901,0.07572688262350782,0.009900990099009901,3.032403007039663,0.5325619186403406,0.775850947241141,0.9471567965024095,0.5325619186403406,0.9471567965024095,1.7509320853005121,8.995927200433606,,,,,1.0,1.0,"{""C"": 45.00254548568208}"
glass,1,1,poly,107,107,0.3374986607228081,0.009900990099009901,0.18302642423067667,0.009900990099009901,4.255576111932161,0.42618660535329744,0.6953367883786956,0.857469743869594,0.42618660535329744,0.857469743869594,1.6500269877192961,60.824708369607585,,,,,0.9289719626168225,0.9224299065420563,"{""C"": 1.2652846548589018, ""degree"": 6, ""gamma"": 0.6806301517616993}"
glass,1,1,rbf,107,107,0.35143010865952445,0.009900990099009901,0.01314544669758105,0.009900990099009901,3.5268391343412095,0.4916267580713242,0.7176052353279314,0.8853601338991328,0.4916267580713242,0.8853601338991328,1.67476273745126,36.39249750066748,,,,,1.0,1.0,"{""C"": 98.89559373705356, ""gamma"": 0.11019248221169863}"
glass,1,1,custom_hermite,107,107,0.3201963200858806,0.009900990099009901,0.004486097764462704,0.009900990099009901,4.978856409219481,0.373827815822616,0.66105874733231,0.8157275077668296,0.373827815822616,0.8157275077668296,1.3778176132190671,44.71249403425547,,,,,0.8542056074766355,0.8616822429906543,"{""C"": 45.00254548568208, ""degree"": 6}"
glass,1,1,custom_gegen,107,107,0.35583256645135053,0.009900990099009901,0.030436740552652254,0.009900990099009901,4.840885245389368,0.39941162561535504,0.6415265255534586,0.808567130267547,0.39941162561535504,0.808567130267547,1.555232209456083,58.593297895195334,,,,,0.9065420560747663,0.9186915887850469,"{""C"": 2.259236028118169, ""degree"": 4, ""alpha"": -0.2072394907611338}"
glass,1,1,custom_alsalam,107,107,0.3494000930544106,0.009900990099009901,5.886298491572445,0.009900990099009901,6.1769109035612555,0.34561038411533473,0.5796282094108897,0.7097557871917459,0.34561038411533473,0.7097557871917459,1.423064881944094,97.73384440370761,,,,,0.8990654205607478,0.9009345794392524,"{""C"": 2.259236028118169, ""degree"": 4, ""a"": -1, ""q"": 0.1492488939970296}"
glass,2,0,linear,107,107,0.24820371085755752,0.009900990099009901,0.057907232113547896,0.009900990099009901,3.531629173593811,0.46385755832037534,0.794950134018642,0.9342264281270791,0.46385755832037534,0.9342264281270791,1.4559610942912449,8.996127486364072,,,,,1.0,1.0,"{""C"": 96.01261688998218}"
glass,2,0,poly,107,107,0.24820371085755746,0.009900990099009901,0.00643413690150532,0.009900990099009901,3.53162917359385,0.4638575583203728,0.7949501340186377,0.9342264281270739,0.4638575583203728,0.9342264281270739,1.4559610942912449,9.522313937160126,,,,,1.0,1.0,"{""C"": 94.20202970830339, ""degree"": 1, ""gamma"": 0.42000492757866775}"
glass,2,0,rbf,107,107,0.2302883567405438,0.009900990099009901,0.019497340688161,0.009900990099009901,16.749281059481092,0.19155709250285585,0.33546825863036334,0.4171296640796459,0.19155709250285585,0.4171296640796459,1.1126775306255023,98.69717193948158,,,,,1.0,1.0,"{""C"": 91.34531752067984, ""gamma"": 3.8865670799525067}"
glass,2,0,custom_hermite,107,107,0.22951141223364696,0.009900990099009901,0.0034178970665149173,0.009900990099009901,5.3805107719078356,0.3476629018738727,0.6584683387846293,0.7916905684330504,0.3476629018738727,0.7916905684330504,1.2420299124737881,48.74586295902565,,,,,0.8186915887850467,0.838317757009346,"{""C"": 91.34531752067984, ""degree"": 6}"
glass,2,0,custom_gegen,107,107,0.013358629981494959,0.6237623762376238,7.09469936513558e-06,0.6633663366336634,1.2075064280693584,0.9065992241113814,0.9972196390528323,0.9999999228771516,0.9065992241113814,0.9999999228771516,0.7489580264356313,2.8682838251336005,,,,,0.5588785046728971,0.5616822429906543,"{""C"": 0.0345826121364414, ""degree"": 3, ""alpha"": 1.1474740442813018}"
glass,2,0,custom_alsalam,107,107,0.2618163887382877,0.009900990099009901,0.004645005198506365,0.009900990099009901,4.5960247617249586,0.40594637220424945,0.675228824998138,0.814225408989724,0.40594637220424945,0.814225408989724,1.3050084534454134,41.738465696787145,,,,,0.8728971962616823,0.8672897196261683,"{""C"": 94.20202970830339, ""degree"": 1, ""a"": -1, ""q"": 0.5916885744872126}"
glass,2,1,linear,107,107,0.30192321994248167,0.009900990099009901,0.0717080546206353,0.009900990099009901,3.6258772539031345,0.45971656518456605,0.7602785338549009,0.9283152808279935,0.45971656518456605,0.9283152808279935,1.5440321443619,8.99610025222371,,,,,1.0,1.0,"{""C"": 90.11222289867595}"
glass,2,1,poly,107,107,0.29326696260467977,0.009900990099009901,0.1699816586830003,0.009900990099009901,5.810909458488,0.3361950961344468,0.616970551818219,0.7764746472072609,0.3361950961344468,0.7764746472072609,1.4758423428941085,65.10134500180864,,,,,0.9158878504672897,0.9168224299065422,"{""C"": 62.54740842318732, ""degree"": 6, ""gamma"": 2.715817880257239}"
glass,2,1,rbf,107,107,0.29414907863841316,0.009900990099009901,0.026164604453172396,0.009900990099009901,12.091424129498048,0.21948000718836255,0.426122039507418,0.521519128375414,0.21948000718836255,0.521519128375414,1.1815961856262938,90.78838289795881,,,,,1.0,1.0,"{""C"": 90.11222289867595, ""gamma"": 1.7786243206183538}"
glass,2,1,custom_hermite,107,107,0.28213499721594154,0.009900990099009901,0.004200106553194284,0.009900990099009901,5.366202283830357,0.36198814569222454,0.6451695629255851,0.7867179301876429,0.36198814569222454,0.7867179301876429,1.307155100189564,49.544507656192785,,,,,0.82803738317757,0.8373831775700935,"{""C"": 90.11222289867595, ""degree"": 6}"
glass,2,1,custom_gegen,107,107,0.04918484859034025,0.009900990099009901,8.562180943597463,0.009900990099009901,1.8820474283563264,0.7247365983256621,0.8122724045668773,0.8585316310945225,0.7247365983256621,0.8585316310945225,1.5029123757910823,105.6925840121574,,,,,0.6953271028037382,0.6794392523364486,"{""C"": 0.04554813972023619, ""degree"": 6, ""alpha"": 0.3996254494503043}"
glass,2,1,custom_alsalam,107,107,0.2943889304476906,0.009900990099009901,0.01409594738827846,0.009900990099009901,7.260025455921967,0.2824527434603724,0.5694786485613708,0.682166802138102,0.2824527434603724,0.682166802138102,1.2469234250411725,72.33839287814965,,,,,0.8411214953271028,0.8542056074766355,"{""C"": 18.58772062164627, ""degree"": 3, ""a"": -1, ""q"": 0.5972380230970977}"
glass,3,0,linear,107,107,0.2540895256693488,0.009900990099009901,0.06129440065074816,0.009900990099009901,3.477803677902928,0.46576852453479417,0.7879425984738374,0.9338495134399948,0.46576852453479417,0.9338495134399948,1.4458533059782865,8.996422231515563,,,,,1.0,1.0,"{""C"": 1.0516957017047712}"
glass,3,0,poly,107,107,0.27389858846745774,0.009900990099009901,0.1480506009524463,0.009900990099009901,5.45352653389762,0.3595733740598248,0.6290960323775647,0.7717274665108778,0.3595733740598248,0.7717274665108778,1.3898825883957406,64.7389624384996,,,,,0.9233644859813084,0.9242990654205608,"{""C"": 22.738479509385982, ""degree"": 6, ""gamma"": 0.23627303950965914}"
glass,3,0,rbf,107,107,0.2959832580367237,0.009900990099009901,0.02345039507956176,0.009900990099009901,5.880869835053827,0.35689294791616244,0.5988493666379194,0.7227303972011442,0.35689294791616244,0.7227303972011442,1.3512644668514775,65.44671188148108,,,,,1.0,1.0,"{""C"": 82.28634947075966, ""gamma"": 0.4459717275676247}"
glass,3,0,custom_hermite,107,107,0.2398834674147343,0.009900990099009901,0.0018983541506440963,0.009900990099009901,4.333506928553753,0.4204994942333829,0.7014228710893056,0.8470660340320597,0.4204994942333829,0.8470660340320597,1.2991585969395392,38.04010020484313,,,,,0.8205607476635515,0.8317757009345794,"{""C"": 82.28634947075966, ""degree"": 4}"
glass,3,0,custom_gegen,107,107,0.12760063997009802,0.009900990099009901,41.32095450858652,0.009900990099009901,10.78142165701138,0.2020973541912881,0.44359830749080625,0.60781313899467,0.2020973541912881,0.60781313899467,1.234258717911843,106.96600742487935,,,,,0.6467289719626167,0.6121495327102803,"{""C"": 22.738479509385982, ""degree"": 6, ""alpha"": 0.48473357177497867}"
glass,3,0,custom_alsalam,107,107,0.28658189245156523,0.009900990099009901,8.269801769150593,0.009900990099009901,7.236950543137805,0.3102905462144853,0.5474295033749341,0.6580402169163837,0.3102905462144853,0.6580402169163837,1.2910226694857696,102.83943717478208,,,,,0.8878504672897196,0.9084112149532712,"{""C"": 0.03116489220829549, ""degree"": 6, ""a"": -1, ""q"": 0.06993966399505408}"
glass,3,1,linear,107,107,0.2947308805987957,0.009900990099009901,0.06767789538974338,0.009900990099009901,3.6841177890805814,0.45552255009045106,0.7655543475473249,0.9269876033630807,0.45552255009045106,0.9269876033630807,1.5537800083061044,8.995907331947484,,,,,1.0,1.0,"{""C"": 0.09069965761902417}"
glass,3,1,poly,107,107,0.29685949733557,0.009900990099009901,0.06448044713958452,0.009900990099009901,4.8786328768288145,0.3874534387451417,0.6527513215281979,0.8229200364142594,0.3874534387451417,0.8229200364142594,1.5072850638899866,52.17049756893375,,,,,0.9401869158878505,0.9588785046728973,"{""C"": 0.3098681880751911, ""degree"": 4, ""gamma"": 0.0639264739388352}"
glass,3,1,rbf,107,107,0.32451224961288466,0.009900990099009901,0.0264659943482774,0.009900990099009901,6.591038767614833,0.3264895728455998,0.5760136673581356,0.7001178809871309,0.3264895728455998,0.7001178809871309,1.3512964349589467,70.53982285777113,,,,,1.0,1.0,"{""C"": 0.3098681880751911, ""gamma"": 0.5061886665552459}"
glass,3,1,custom_hermite,107,107,0.2142838517812458,0.009900990099009901,0.001192727855032248,0.009900990099009901,3.7799918203329224,0.4455176640475568,0.7672266083987461,0.8852612958248544,0.4455176640475568,0.8852612958248544,1.2850013362513222,28.16032348045573,,,,,0.747663551401869,0.7728971962616824,"{""C"": 0.09069965761902417, ""degree"": 2}"
glass,3,1,custom_gegen,107,107,0.2490895716234211,0.009900990099009901,0.21385249189537395,0.009900990099009901,7.97131550427116,0.23913480470479173,0.5447044394330358,0.7024399688152445,0.23913480470479173,0.7024399688152445,1.4200441274377547,81.76456935818251,,,,,0.7943925233644858,0.8196261682242991,"{""C"": 0.09069965761902417, ""degree"": 2, ""alpha"": 0.33942948756792046}"
glass,3,1,custom_alsalam,107,107,0.3129023471710468,0.009900990099009901,2.129871797412046,0.009900990099009901,8.55193153677932,0.2690146805282723,0.5171766738091743,0.628884111244259,0.2690146805282723,0.628884111244259,1.2947422095743661,101.63185209658636,,,,,0.8822429906542055,0.9000000000000001,"{""C"": 0.3098681880751911, ""degree"": 4, ""a"": -1, ""q"": 0.2589882729228102}"
glass,4,0,linear,107,107,0.26520261918710136,0.009900990099009901,0.06742172936852849,0.009900990099009901,3.986633358114544,0.41333819670971117,0.7607248572664687,0.9271802181013616,0.41333819670971117,0.9271802181013616,1.4026485204865005,8.995740094503466,,,,,1.0,1.0,"{""C"": 28.420792032312853}"
glass,4,0,poly,107,107,0.27378735307048524,0.009900990099009901,0.16832435242275612,0.009900990099009901,6.524179513211658,0.300885004682185,0.5938360087160506,0.7456635031794905,0.300885004682185,0.7456635031794905,1.3676722927823717,69.4317691597438,,,,,0.897196261682243,0.9186915887850469,"{""C"": 0.4013028642657566, ""degree"": 6, ""gamma"": 0.18382180459262007}"
glass,4,0,rbf,107,107,0.2950701333065485,0.009900990099009901,0.01604528978441151,0.009900990099009901,5.474301653430347,0.36103048926608017,0.6355480076318081,0.7690907430677747,0.36103048926608017,0.7690907430677747,1.3546527695828976,53.75759391462432,,,,,1.0,1.0,"{""C"": 28.420792032312853, ""gamma"": 0.18382180459262007}"
glass,4,0,custom_hermite,107,107,0.21983642209117266,0.009900990099009901,0.0016324120438090178,0.009900990099009901,4.397142623377466,0.4051269059591637,0.7179218780419242,0.865344059741634,0.4051269059591637,0.865344059741634,1.245193343403533,35.79373522224838,,,,,0.7850467289719626,0.8140186915887854,"{""C"": 28.420792032312853, ""degree"": 3}"
glass,4,0,custom_gegen,107,107,0.051852656218516334,0.009900990099009901,7.044810519796989,0.009900990099009901,2.2905714207536345,0.655275371504416,0.7336497511755498,0.7916167157503735,0.655275371504416,0.7916167157503735,1.3911979527711549,105.7787729610245,,,,,0.6523364485981308,0.6691588785046729,"{""C"": 0.4013028642657566, ""degree"": 6, ""alpha"": 0.3946494781429657}"
glass,4,0,custom_alsalam,107,107,0.29964565945104277,0.009900990099009901,0.24908382906622217,0.009900990099009901,10.014424286330001,0.24099734647261273,0.4812605340215061,0.5916157887229114,0.24099734647261273,0.5916157887229114,1.2197136510824151,97.04564113770361,,,,,0.9102803738317757,0.9102803738317757,"{""C"": 0.4013028642657566, ""degree"": 6, ""a"": -1, ""q"": 0.44565652692467655}"
glass,4,1,linear,107,107,0.30988020751866796,0.009900990099009901,0.06701809637182446,0.009900990099009901,3.046731105163533,0.5259964240833953,0.8070263074381117,0.9413805145640792,0.5259964240833953,0.9413805145640792,1.6747672384843928,8.996253820502996,,,,,1.0,1.0,"{""C"": 36.62864498043367}"
glass,4,1,poly,107,107,0.3142487649328194,0.009900990099009901,0.10293614309215517,0.009900990099009901,4.03161785915034,0.449466825445348,0.7000508596717387,0.8482114796117519,0.449466825445348,0.8482114796117519,1.5868119440824673,55.2897831395078,,,,,0.9457943925233645,0.9401869158878506,"{""C"": 36.62864498043367, ""degree"": 5, ""gamma"": 0.06303581993810567}"
glass,4,1,rbf,107,107,0.3152730143954305,0.009900990099009901,0.02936925237761871,0.009900990099009901,7.007368192194933,0.3127066304618529,0.5562605596116936,0.6676240666449067,0.3127066304618529,0.6676240666449067,1.3311495242035603,76.45503105735733,,,,,1.0,1.0,"{""C"": 36.62864498043367, ""gamma"": 0.97747449481076}"
glass,4,1,custom_hermite,107,107,0.27962612053053393,0.009900990099009901,0.0030002607566054157,0.009900990099009901,4.099416104864317,0.4372795784558836,0.7073226703752178,0.8388540165343181,0.4372795784558836,0.8388540165343181,1.3874360093059093,39.23685057770245,,,,,0.8728971962616823,0.8710280373831776,"{""C"": 36.62864498043367, ""degree"": 5}"
glass,4,1,custom_gegen,107,107,0.3205509547186112,0.009900990099009901,0.7771432410135897,0.009900990099009901,4.9982696363652215,0.3997666427582531,0.6175784702182449,0.7644869440792738,0.3997666427582531,0.7644869440792738,1.498029333404645,83.51002130960114,,,,,0.9271028037383179,0.9093457943925235,"{""C"": 0.10502696251795879, ""degree"": 3, ""alpha"": -0.4656637428463604}"
glass,4,1,custom_alsalam,107,107,0.3177020177016919,0.009900990099009901,11.140938428199554,0.009900990099009901,5.727942742383377,0.35123960950049016,0.612342236808392,0.731388948500166,0.35123960950049016,0.731388948500166,1.4079730991265507,99.95793066291155,,,,,0.8934579439252337,0.897196261682243,"{""C"": 0.10502696251795879, ""degree"": 3, ""a"": -1, ""q"": 0.021984689452546106}"
SPECTF,0,0,linear,134,133,0.09607098996362833,0.009900990099009901,0.05613530688887706,0.009900990099009901,6.286036526111769,0.3431560968902221,0.5758834897521251,0.685856605450905,0.3431560968902221,0.685856605450905,0.8620522139440983,43.96616845292249,1.9608236335877662,1.9661061596068636,0.43609022556390975,58.0,1.0,1.0,"{""C"": 0.7468060693557819}"
SPECTF,0,0,poly,134,133,0.1340933637156641,0.009900990099009901,0.02828581537603507,0.009900990099009901,8.213083607118868,0.31289236054601177,0.4700441243824606,0.5652914578567931,0.31289236054601177,0.5652914578567931,0.9301900222749205,131.82135495970255,1.6126988764524925,1.257409126130602,0.42857142857142855,57.0,0.7597014925373133,0.8044776119402984,"{""C"": 1.4896828839588496, ""degree"": 6, ""gamma"": 0.38003713516749865}"
SPECTF,0,0,rbf,134,133,0.1458270154566956,0.009900990099009901,0.005864749844124301,0.009900990099009901,44.68286475471901,0.09086664742722231,0.19107781121191073,0.25421097948714144,0.09086664742722231,0.25421097948714144,0.9593318793429646,133.61086334107128,1.1579883415832424,0.9326433396588186,0.6541353383458647,87.0,1.0,1.0,"{""C"": 25.001937910407353, ""gamma"": 0.38003713516749865}"
SPECTF,0,0,custom_hermite,134,133,0.019135572377221056,0.3564356435643564,1.0629402667249709e-05,0.36633663366336633,5.78276108897,0.3182952717275589,0.6741173566373476,0.7634125262606021,0.3182952717275589,0.7634125262606021,0.6754411773193818,32.61299966178684,1.0000992193013232,4.328967011885243e-05,0.40601503759398494,54.0,0.4388059701492537,0.4350746268656716,"{""C"": 0.12216549509805981, ""degree"": 4}"
SPECTF,0,0,custom_gegen,134,133,0.13092602006041237,0.009900990099009901,868.1238715562482,0.009900990099009901,6.195912008137156,0.37226564773220056,0.5329423212172606,0.6201861997248928,0.37226564773220056,0.6201861997248928,1.2545153310419916,133.99992924760056,1.203523623652958,1.1465589160758494,0.48120300751879697,64.0,0.3492537313432836,0.40298507462686567,"{""C"": 0.05258666564965595, ""degree"": 1, ""alpha"": -0.44495367342586223}"
SPECTF,0,0,custom_alsalam,134,133,0.1201528448139246,0.009900990099009901,11118.17361127414,0.009900990099009901,5.9991117833219985,0.3755399970917592,0.5464479030555656,0.6422421138507274,0.3755399970917592,0.6422421138507274,1.310865959986379,133.99998688566282,1.1973947508214886,1.176025482799004,0.48120300751879697,64.0,0.3149253731343284,0.37164179104477607,"{""C"": 0.05258666564965595, ""degree"": 1, ""a"": -1, ""q"": 0.032183618111886934}"
SPECTF,0,1,linear,133,134,0.14297918445708044,0.009900990099009901,0.08467020932790655,0.009900990099009901,5.654400009073562,0.37769750581187916,0.5926507751893404,0.6852179375876849,0.37769750581187916,0.6852179375876849,0.8944340582963224,43.97212707322571,1.0473847938237268,0.13842585405547814,0.47761194029850745,64.0,1.0,1.0,"{""C"": 0.11438338137834429}"
SPECTF,0,1,poly,133,134,0.14297918445708047,0.009900990099009901,0.0019243229392706038,0.009900990099009901,5.654400009073575,0.3776975058118787,0.5926507751893397,0.6852179375876841,0.3776975058118787,0.6852179375876841,0.8944340582963224,43.79486363228396,1.2478039292532574,0.7210360248747151,0.48507462686567165,65.0,1.0,1.0,"{""C"": 26.227027016517972, ""degree"": 1, ""gamma"": 0.09769470113509555}"
SPECTF,0,1,rbf,133,134,0.1545299401698206,0.009900990099009901,0.004769295450012126,0.009900990099009901,105.53200183420934,0.03753962931818284,0.07984466582689795,0.11041158498301942,0.03753962931818284,0.11041158498301942,0.9928488130481627,132.8427515540727,0.9701592197851159,0.05847646101215026,0.9552238805970149,128.0,1.0,1.0,"{""C"": 0.11438338137834429, ""gamma"": 1.1013726525740621}"
SPECTF,0,1,custom_hermite,133,134,0.03136181092921134,0.1485148514851485,4.7845901164846454e-05,0.22772277227722773,9.90554441786986,0.21588967250576924,0.46917802200490333,0.5975870464251747,0.21588967250576924,0.5975870464251747,0.6761437172998658,57.27781458362884,1.0002137586507438,0.00011421645383185276,0.417910447761194,56.0,0.4240601503759399,0.4631578947368421,"{""C"": 0.11438338137834429, ""degree"": 5}"
SPECTF,0,1,custom_gegen,133,134,0.18298013826312623,0.009900990099009901,0.0063410649915953176,0.009900990099009901,14.379756261597684,0.22132923799075682,0.35882939970877376,0.4384628876645119,0.22132923799075682,0.4384628876645119,0.950770690047854,130.22116962317494,1.002154805196484,0.015264822578620706,0.5074626865671642,68.0,0.8165413533834585,0.8345864661654135,"{""C"": 0.11438338137834429, ""degree"": 5, ""alpha"": -0.08647622766567187}"
SPECTF,0,1,custom_alsalam,133,134,0.0023027104275976807,0.6138613861386139,1.9692736905480613e-37,0.5346534653465347,1.4085474093532866,0.8342663878412562,0.9999665491323876,0.999997198531836,0.8342663878412562,0.999997198531836,0.5338924798503709,4.140453759912156e-29,1.0,0.0,0.417910447761194,56.0,0.26015037593984963,0.29699248120300753,"{""C"": 16.959054865624772, ""degree"": 5, ""a"": -1, ""q"": 0.9802590092113451}"
SPECTF,1,0,linear,134,133,0.12772490681370138,0.009900990099009901,0.07819803964578584,0.009900990099009901,5.799607767805262,0.3623024303360004,0.596429811313458,0.6972798279357654,0.3623024303360004,0.6972798279357654,0.8849073173438545,43.97156836249172,1.0476300314052658,0.11901542090667332,0.46616541353383456,62.0,1.0,1.0,"{""C"": 0.05258370606823472}"
SPECTF,1,0,poly,134,133,0.17859627222893576,0.009900990099009901,0.026036291192508602,0.009900990099009901,7.464014149543627,0.3287735923326423,0.5019674352856075,0.5875357927619361,0.3287735923326423,0.5875357927619361,0.9523747921790077,130.20494068129122,1.0089114620711488,0.030296376160621016,0.48120300751879697,64.0,0.8238805970149253,0.8298507462686566,"{""C"": 0.0536555522930738, ""degree"": 5, ""gamma"": 0.10979596811631258}"
SPECTF,1,0,rbf,134,133,0.16209862837746675,0.009900990099009901,0.00659773701696077,0.009900990099009901,16.897733128789273,0.18988055221842814,0.3357810080100497,0.424075993770242,0.18988055221842814,0.424075993770242,0.920608069932699,131.62128281346304,1.1381824007902854,0.7120061101284566,0.5112781954887218,68.0,1.0,1.0,"{""C"": 3.9184994067784804, ""gamma"": 0.10979596811631258}"
SPECTF,1,0,custom_hermite,134,133,0.03435229128258892,0.0594059405940594,1.0780657678850828e-05,0.0891089108910891,7.75747970927163,0.2784171073746094,0.5331731008597167,0.6743642217489902,0.2784171073746094,0.6743642217489902,0.6727622579321636,28.896127029573506,1.000627092798135,0.0025374364428998116,0.5112781954887218,68.0,0.4253731343283582,0.4686567164179104,"{""C"": 35.36753172724245, ""degree"": 3}"
SPECTF,1,0,custom_gegen,134,133,0.005927677351380072,0.6831683168316832,2.0667045244536883e-09,0.7722772277227723,3.807759306759319,0.4095132203596554,0.7949248335987823,0.9314722605909925,0.4095132203596554,0.9314722605909925,0.5603839225024007,0.25662301189893827,1.0000016664926448,6.232036001300952e-07,0.40601503759398494,54.0,0.21641791044776118,0.24925373134328363,"{""C"": 35.36753172724245, ""degree"": 3, ""alpha"": 1.2199520191716084}"
SPECTF,1,0,custom_alsalam,134,133,0.0021116481933869313,0.8217821782178217,4.1120446704231962e-19,0.9108910891089109,1.0792391044844145,0.9622790939159463,0.9958448725352342,0.9996118004938781,0.9622790939159463,0.9996118004938781,0.5368499207389862,8.140262346540829e-11,1.0,0.0,0.40601503759398494,54.0,0.25671641791044775,0.29776119402985074,"{""C"": 35.36753172724245, ""degree"": 3, ""a"": -1, ""q"": 0.8520869240141589}"
SPECTF,1,1,linear,133,134,0.1090097548470739,0.009900990099009901,0.06192820758362445,0.009900990099009901,6.088695099316622,0.3607022028369111,0.5690724264382746,0.6735975913487905,0.3607022028369111,0.6735975913487905,0.86768024465703,43.968224651549804,1.785311013438076,1.6611305311336277,0.47761194029850745,64.0,1.0,1.0,"{""C"": 0.430626816738551}"
SPECTF,1,1,poly,133,134,0.1411431269390183,0.009900990099009901,0.01251275104769039,0.009900990099009901,7.399503150982402,0.33254408988082573,0.49621342354858317,0.5896567177649645,0.33254408988082573,0.5896567177649645,0.9149995763211424,124.85720122347149,1.9841421280580642,1.8605996031706864,0.4701492537313433,63.0,0.8661654135338345,0.8766917293233082,"{""C"": 4.145455656595361, ""degree"": 4, ""gamma"": 0.4496575689710995}"
SPECTF,1,1,rbf,133,134,0.16245298440190425,0.009900990099009901,0.006696159324727828,0.009900990099009901,34.35299903385661,0.11812900582053736,0.2183522741089418,0.2903352002535238,0.11812900582053736,0.2903352002535238,0.9475516703098219,132.4431582991391,1.223492958727412,0.9851768467846442,0.5,67.0,1.0,1.0,"{""C"": 4.145455656595361, ""gamma"": 0.29008783754880396}"
SPECTF,1,1,custom_hermite,133,134,0.024158061784235258,0.24752475247524752,1.3574144694533593e-05,0.16831683168316833,6.016894933675224,0.3256245241874628,0.6130895586351237,0.7523169215589347,0.3256245241874628,0.7523169215589347,0.6783602840833308,34.85351536574578,1.0001097518426278,0.0008068344662569361,0.44029850746268656,59.0,0.43458646616541363,0.44060150375939844,"{""C"": 4.145455656595361, ""degree"": 4}"
SPECTF,1,1,custom_gegen,133,134,0.130805625532559,0.009900990099009901,27.864103870370876,0.009900990099009901,46.374721766445454,0.06918221594035674,0.16219636172782242,0.2366842392301289,0.06918221594035674,0.2366842392301289,1.256392172162156,107.57624353776765,1.002744982378266,0.7923630758259059,0.6940298507462687,93.0,0.013533834586466167,0.026315789473684213,"{""C"": 1.0832281221188893, ""degree"": 6, ""alpha"": 0.5387639759449303}"
SPECTF,1,1,custom_alsalam,133,134,0.012895948984912945,1.0,0.0005866675513125346,0.9900990099009901,14.751191512788159,0.17644363481953057,0.3861348865044002,0.5047067109467847,0.17644363481953057,0.5047067109467847,0.7301520642609064,127.34216130930737,0.956037991837886,0.14105154762322827,0.8507462686567164,114.0,0.18646616541353384,0.21278195488721804,"{""C"": 4.145455656595361, ""degree"": 4, ""a"": -1, ""q"": 0.6037450856707497}"
SPECTF,2,0,linear,134,133,0.11986607554486362,0.009900990099009901,0.08507905750863397,0.009900990099009901,5.3987551696838265,0.3866443986682414,0.6045455091111744,0.6984209520474393,0.3866443986682414,0.6984209520474393,0.8740247972522142,43.97254140886744,1.0938851189342416,0.20383869919652797,0.47368421052631576,63.0,1.0,1.0,"{""C"": 0.10409668846529614}"
SPECTF,2,0,poly,134,133,0.1449491241881166,0.009900990099009901,0.009475838265424754,0.009900990099009901,6.498736088320528,0.35597624543256123,0.5371153941472466,0.621382166009878,0.35597624543256123,0.621382166009878,0.9077844279796097,118.15197100869493,1.0094501679953525,0.02147281061865205,0.45864661654135336,61.0,0.8999999999999999,0.9119402985074627,"{""C"": 0.10409668846529614, ""degree"": 3, ""gamma"": 0.12247338357753416}"
SPECTF,2,0,rbf,134,133,0.1721884937783624,0.009900990099009901,0.007408085012505901,0.009900990099009901,27.963789780169318,0.13165016040995683,0.2586757799673327,0.32997659509143595,0.13165016040995683,0.32997659509143595,0.9430461309202454,133.1765749276681,0.9977868580648888,0.03009295496934941,0.5037593984962406,67.0,1.0,1.0,"{""C"": 0.10409668846529614, ""gamma"": 0.21002442763392482}"
SPECTF,2,0,custom_hermite,134,133,0.023216581239636262,0.27722772277227725,6.96481698529086e-06,0.25742574257425743,6.9417120297819555,0.27598375017456145,0.5837867096167885,0.7176175753783467,0.27598375017456145,0.7176175753783467,0.6785183810900713,26.911112928206236,1.000123969465896,5.117038213350037e-05,0.40601503759398494,54.0,0.41641791044776116,0.43358208955223887,"{""C"": 0.10409668846529614, ""degree"": 3}"
SPECTF,2,0,custom_gegen,134,133,0.05523161267148899,0.3069306930693069,0.0025194891975182272,0.297029702970297,49.302312795475764,0.054904315944643435,0.14021059034195987,0.21187347632532305,0.054904315944643435,0.21187347632532305,0.8895509021314495,96.84684690835502,0.9992991961500997,0.0019491255389303087,0.556390977443609,74.0,0.03582089552238806,0.04626865671641791,"{""C"": 0.004859660552657247, ""degree"": 6, ""alpha"": 0.7216219655559168}"
SPECTF,2,0,custom_alsalam,134,133,0.010844045705776633,1.0,0.0005212303780825979,1.0,12.861904863766098,0.1676437272574942,0.4173519856367087,0.546094720302296,0.1676437272574942,0.546094720302296,0.7152747179417014,127.79742248298545,0.9998772771914062,0.00022185302164862266,0.41353383458646614,55.0,0.18059701492537314,0.17537313432835822,"{""C"": 0.004859660552657247, ""degree"": 6, ""a"": -1, ""q"": 0.6066781538918585}"
SPECTF,2,1,linear,133,134,0.12063492933932779,0.009900990099009901,0.057442997186516125,0.009900990099009901,6.604895278032969,0.3377062177677724,0.5575303138881612,0.6636192696480049,0.3377062177677724,0.6636192696480049,0.8827048274566291,43.96625214886907,2.052518498614443,2.185891937453209,0.44029850746268656,59.0,1.0,1.0,"{""C"": 0.5760277312517322}"
SPECTF,2,1,poly,133,134,0.15238686825074527,0.009900990099009901,0.01229488334880366,0.009900990099009901,7.455954750218136,0.3280165128868414,0.5005028491191416,0.5957105245030136,0.3280165128868414,0.5957105245030136,0.9287849561582397,124.78612834696618,1.901025558662712,1.7445829224442333,0.41044776119402987,55.0,0.8526315789473684,0.8578947368421053,"{""C"": 6.5817410082690495, ""degree"": 4, ""gamma"": 0.0467495443097813}"
SPECTF,2,1,rbf,133,134,0.16970799980687856,0.009900990099009901,0.006201873564107018,0.009900990099009901,63.47632218824397,0.07072406318292575,0.14459162727897357,0.19506770317045238,0.07072406318292575,0.19506770317045238,0.9741915263264709,132.7580189858184,1.077518063469178,0.8768947761605449,0.746268656716418,100.0,1.0,1.0,"{""C"": 6.5817410082690495, ""gamma"": 0.5893188393668426}"
SPECTF,2,1,custom_hermite,133,134,0.032956992188704695,0.1485148514851485,4.193980375130312e-05,0.16831683168316833,9.56692767041487,0.23020115828466955,0.4901994630918778,0.6309852102607874,0.23020115828466955,0.6309852102607874,0.6815153419230765,54.40358775554161,1.000077873367017,5.6117144385683393e-05,0.417910447761194,56.0,0.42556390977443614,0.46691729323308273,"{""C"": 0.04598061114017582, ""degree"": 5}"
SPECTF,2,1,custom_gegen,133,134,0.1547533620878571,0.009900990099009901,0.006370987135103047,0.009900990099009901,14.571147957228156,0.21518798889096283,0.35964380868886725,0.4454681397757413,0.21518798889096283,0.4454681397757413,0.9344951778998225,130.2889088507405,1.5364071784053734,1.3195773126636434,0.44029850746268656,59.0,0.825563909774436,0.8436090225563909,"{""C"": 6.5817410082690495, ""degree"": 4, ""alpha"": -0.09670234197733263}"
SPECTF,2,1,custom_alsalam,133,134,0.17208772634935948,0.009900990099009901,44827717.71185437,0.009900990099009901,76.30919965203357,0.05868034509295771,0.12155522305136532,0.16802113175061834,0.05868034509295771,0.16802113175061834,1.0177361504347495,132.99999999997445,1.0290131892074164,0.8334844987314669,0.8208955223880597,110.0,0.5263157894736842,0.5503759398496241,"{""C"": 6.5817410082690495, ""degree"": 4, ""a"": -1, ""q"": 0.20368427380010753}"
SPECTF,3,0,linear,134,133,0.13047367335428225,0.009900990099009901,0.07782138006157285,0.009900990099009901,6.123905879609858,0.3451132758750835,0.5985126635998176,0.695158115765869,0.3451132758750835,0.695158115765869,0.8805015462399002,43.968335206978054,1.8078267876111558,1.8669993155705644,0.46616541353383456,62.0,1.0,1.0,"{""C"": 0.5463626281943632}"
SPECTF,3,0,poly,134,133,0.194987062809177,0.009900990099009901,0.04326499092268152,0.009900990099009901,7.580295087505358,0.33022703194032416,0.48860333108140064,0.5746632823369678,0.33022703194032416,0.5746632823369678,0.969750539843324,131.85425745325296,1.0116241645132253,0.03852125932181548,0.44360902255639095,59.0,0.7820895522388059,0.7947761194029851,"{""C"": 0.028731092733977327, ""degree"": 6, ""gamma"": 1.1553114988575663}"
SPECTF,3,0,rbf,134,133,0.18542478081629335,0.009900990099009901,0.007852342712632415,0.009900990099009901,37.489332601732286,0.10991854968308427,0.21326100424954683,0.2788226984456706,0.10991854968308427,0.2788226984456706,0.9565242218830797,133.5260298909676,1.111682044205682,0.882619325790297,0.556390977443609,74.0,1.0,1.0,"{""C"": 7.588853694560547, ""gamma"": 0.32532860332677327}"
SPECTF,3,0,custom_hermite,134,133,0.017555523256161235,0.7623762376237624,7.419894022072714e-05,0.693069306930693,9.090819000191068,0.20899986620539132,0.49266198713658954,0.6833649259416962,0.20899986620539132,0.6833649259416962,0.6570767069378315,67.51586314031509,1.0002011844719871,9.178360900196287e-05,0.40601503759398494,54.0,0.417910447761194,0.42611940298507456,"{""C"": 0.028731092733977327, ""degree"": 6}"
SPECTF,3,0,custom_gegen,134,133,0.18882152744227504,0.009900990099009901,0.046412820272229524,0.009900990099009901,17.996531248626194,0.1844984354946926,0.32209677034350853,0.4045340226779669,0.1844984354946926,0.4045340226779669,0.9861504052223254,133.68440768828077,1.2616174556328503,0.911693261380373,0.45864661654135336,61.0,0.7029850746268658,0.7335820895522388,"{""C"": 0.5463626281943632, ""degree"": 2, ""alpha"": 0.16212496439462587}"
SPECTF,3,0,custom_alsalam,134,133,0.1085584076916268,0.009900990099009901,5351.608684559997,0.009900990099009901,77.87725306902102,0.03608224733953654,0.09346706876108032,0.14017408287774774,0.03608224733953654,0.14017408287774774,0.9149283420793501,133.99999980139353,1.0341462577225073,0.8278102009211828,0.8195488721804511,109.0,0.4402985074626866,0.47238805970149256,"{""C"": 0.5463626281943632, ""degree"": 2, ""a"": -1, ""q"": 0.33114696739031824}"
SPECTF,3,1,linear,133,134,0.11267664044843097,0.009900990099009901,0.06599811008015657,0.009900990099009901,5.720265027343114,0.3786991645383977,0.573557640723388,0.6667536831137301,0.3786991645383977,0.6667536831137301,0.877290875789628,43.97081019785844,1.1157179548822511,0.25223262596117146,0.4701492537313433,63.0,1.0,1.0,"{""C"": 0.06700405438952178}"
SPECTF,3,1,poly,133,134,0.12290754803331948,0.009900990099009901,0.0038116621372514775,0.009900990099009901,6.318502970479262,0.36042982763878517,0.5425339978903796,0.632001245510458,0.36042982763878517,0.632001245510458,0.8918787730629109,98.30417986933432,1.0066600225982885,0.014703004685747596,0.4626865671641791,62.0,0.9278195488721804,0.9616541353383459,"{""C"": 0.06700405438952178, ""degree"": 2, ""gamma"": 0.5446561301621656}"
SPECTF,3,1,rbf,133,134,0.12305643836762657,0.009900990099009901,0.0036429799538346516,0.009900990099009901,117.20522782519855,0.028050346262290204,0.06088366698499515,0.08864433704086755,0.028050346262290204,0.08864433704086755,0.9957725895042585,132.85385276214214,0.9774533636331115,0.7827009505547052,0.9850746268656716,132.0,1.0,1.0,"{""C"": 1.592707347623504, ""gamma"": 1.3344539873024868}"
SPECTF,3,1,custom_hermite,133,134,0.03091001893669701,0.06930693069306931,4.3476101233731215e-06,0.0891089108910891,4.827496264532307,0.39870978133187235,0.661511705956303,0.7615028679159679,0.39870978133187235,0.7615028679159679,0.6762793718887314,16.924332241819005,1.0000046170181907,1.7016721555070607e-06,0.417910447761194,56.0,0.4090225563909775,0.43909774436090226,"{""C"": 0.06700405438952178, ""degree"": 2}"
SPECTF,3,1,custom_gegen,133,134,0.20486980617059083,0.009900990099009901,2900.2911111497656,0.009900990099009901,17.52924055782282,0.19213217030940133,0.3316068122664801,0.4135542504344549,0.19213217030940133,0.4135542504344549,1.1669297895828192,132.99999692498176,1.1896316563683729,0.9444737228387188,0.48507462686567165,65.0,0.38345864661654133,0.41729323308270677,"{""C"": 0.0031936385609078674, ""degree"": 2, ""alpha"": -0.4230697416839437}"
SPECTF,3,1,custom_alsalam,133,134,0.00740175250953693,0.9801980198019802,7.595476827156208e-06,0.9900990099009901,7.1029911620109,0.29370107523363537,0.5827057804090994,0.693754885805323,0.29370107523363537,0.693754885805323,0.6626941262572077,49.334489061397946,1.000016598420949,1.5882106620238634e-05,0.417910447761194,56.0,0.2902255639097744,0.30977443609022554,"{""C"": 0.06700405438952178, ""degree"": 2, ""a"": -1, ""q"": 0.6376186527841391}"
SPECTF,4,0,linear,134,133,0.13101652003740924,0.009900990099009901,0.06785588163119749,0.009900990099009901,6.066855061365859,0.36392362058216265,0.5624952090444915,0.6674336446673943,0.36392362058216265,0.6674336446673943,0.8783517876295552,43.96537966677799,1.134874940573589,0.3514520571295633,0.49624060150375937,66.0,1.0,1.0,"{""C"": 0.12730106339756717}"
SPECTF,4,0,poly,134,133,0.1866540590295129,0.009900990099009901,0.025145634814315355,0.009900990099009901,7.113150582771797,0.344363622037091,0.492433087586794,0.5858763336746178,0.344363622037091,0.5858763336746178,0.951639166037841,129.4531935812429,1.020726359518095,0.09018149551570295,0.5112781954887218,68.0,0.8059701492537313,0.8164179104477612,"{""C"": 0.12730106339756717, ""degree"": 5, ""gamma"": 2.167051518171201}"
SPECTF,4,0,rbf,134,133,0.17770763132793949,0.009900990099009901,0.00622225221028943,0.009900990099009901,76.77058264391215,0.0598331126012954,0.12011722933679783,0.16511023136296088,0.0598331126012954,0.16511023136296088,0.980519817676829,133.7940162090726,0.9643047876655246,0.06763850251375922,0.8947368421052632,119.0,1.0,1.0,"{""C"": 0.12730106339756717, ""gamma"": 0.7590619341995167}"
SPECTF,4,0,custom_hermite,134,133,0.030932327424335167,0.18811881188118812,4.409620617841433e-05,0.16831683168316833,8.385585797881918,0.23502116966271128,0.538673658888253,0.6829274093265888,0.23502116966271128,0.6829274093265888,0.6671322143652351,51.71860816574044,0.9999125248844546,0.00010474300477706466,0.41353383458646614,55.0,0.4194029850746268,0.45746268656716416,"{""C"": 0.12730106339756717, ""degree"": 5}"
SPECTF,4,0,custom_gegen,134,133,0.2736707311502014,0.009900990099009901,20.0543776687247,0.009900990099009901,17.906037230691815,0.18793400766003482,0.3194492835924168,0.4058709378797164,0.18793400766003482,0.4058709378797164,1.437736152546519,109.31684382962874,0.9928622496638113,0.700901594354677,0.5939849624060151,79.0,0.2044776119402985,0.2246268656716418,"{""C"": 0.003232772552178876, ""degree"": 2, ""alpha"": 0.5258940380678858}"
SPECTF,4,0,custom_alsalam,134,133,0.19060733636873403,0.009900990099009901,34816473.91671117,0.009900990099009901,74.20506820886202,0.06152980277856384,0.1263429620121779,0.17214318411459245,0.06152980277856384,0.17214318411459245,1.0245459094683163,133.99999999996152,1.0128775783223745,0.8125098389545085,0.9097744360902256,121.0,0.5328358208955224,0.5485074626865671,"{""C"": 0.13733571111378215, ""degree"": 4, ""a"": -1, ""q"": 0.21370796924189345}"
SPECTF,4,1,linear,133,134,0.11068904269838017,0.009900990099009901,0.0725263399937758,0.009900990099009901,5.857925657489739,0.3576268852485877,0.5945961910834197,0.6969353108178241,0.3576268852485877,0.6969353108178241,0.8746804168492337,43.97276076584119,1.0033875278775255,0.00813780971397527,0.44776119402985076,60.0,1.0,1.0,"{""C"": 0.002597443756348927}"
SPECTF,4,1,poly,133,134,0.13919757435267946,0.009900990099009901,0.013409917201511053,0.009900990099009901,7.612278788810027,0.3205405346505825,0.5030964552408465,0.5917425838345479,0.3205405346505825,0.5917425838345479,0.9167848020202227,126.3060058267538,1.0005312389691434,0.001611473549440975,0.43283582089552236,58.0,0.875187969924812,0.8781954887218046,"{""C"": 0.002597443756348927, ""degree"": 4, ""gamma"": 1.1105129219642937}"
SPECTF,4,1,rbf,133,134,0.10258351925118801,0.009900990099009901,0.0029437622577325787,0.009900990099009901,127.58890907115284,0.016623317111948546,0.0423095569925675,0.06439314441631702,0.016623317111948546,0.06439314441631702,0.998351607678195,132.86293693054924,0.9999960698060884,0.8131198834202316,1.0,134.0,1.0,0.9932330827067669,"{""C"": 6.990630744302967, ""gamma"": 1.7599281950579668}"
SPECTF,4,1,custom_hermite,133,134,0.0201879892957146,0.2871287128712871,1.2759100112916296e-05,0.36633663366336633,7.103018295281474,0.29063539885686873,0.5624028598054353,0.6874672152308512,0.29063539885686873,0.6874672152308512,0.6773531687611485,36.8186421852657,1.0000011019756303,6.856128316667377e-07,0.417910447761194,56.0,0.4421052631578948,0.46466165413533844,"{""C"": 0.002597443756348927, ""degree"": 4}"
SPECTF,4,1,custom_gegen,133,134,0.008375620483426036,0.7623762376237624,7.235684541235757e-08,0.7821782178217822,6.911499694174036,0.2361238997847445,0.569127572888236,0.778933363424536,0.2361238997847445,0.778933363424536,0.6209569475074203,4.472436007309879,1.00000002111167,8.215826267762425e-09,0.417910447761194,56.0,0.21954887218045116,0.23834586466165414,"{""C"": 0.002597443756348927, ""degree"": 4, ""alpha"": 1.0401175123318993}"
SPECTF,4,1,custom_alsalam,133,134,0.002695833091658877,0.9603960396039604,1.623988405305052e-11,0.9306930693069307,1.8040679605769236,0.7311881875666105,0.911467307372538,0.9837584454536638,0.7311881875666105,0.9837584454536638,0.5463748312726148,0.003295588304213329,1.000000000000006,1.5326192125315323e-15,0.417910447761194,56.0,0.2902255639097744,0.32255639097744365,"{""C"": 0.002597443756348927, ""degree"": 4, ""a"": -1, ""q"": 0.7635252070780207}"
student,0,0,linear,73,72,0.13869641037641656,0.2871287128712871,0.17335038068482084,0.27722772277227725,15.308769857893644,0.13919785632466225,0.3321405697802038,0.4793779751796666,0.13919785632466225,0.4793779751796666,1.0127006935945455,30.997386901031515,,,,,1.0,1.0,"{""C"": 0.06284795466098686}"
student,0,0,poly,73,72,0.17891139612539225,0.18811881188118812,0.034580875558844364,0.15841584158415842,24.199172815537178,0.10244677375584146,0.24939757785960226,0.3651339025528899,0.10244677375584146,0.3651339025528899,1.0098162924737142,72.8969081192283,,,,,0.8602739726027396,0.8821917808219178,"{""C"": 41.762901140843184, ""degree"": 3, ""gamma"": 0.7183515681356257}"
student,0,0,rbf,73,72,0.21888278933938912,0.10891089108910891,0.009362272882574985,0.12871287128712872,36.37882944872689,0.07623251424434797,0.18426435278951891,0.2711010329525152,0.07623251424434797,0.2711010329525152,1.0079711954584534,72.8079700152946,,,,,1.0,1.0,"{""C"": 0.05148628137750854, ""gamma"": 0.05084868096138944}"
student,0,0,custom_hermite,73,72,0.12624951046515562,0.07920792079207921,1.618436684453647e-08,0.04950495049504951,11.73649771689,0.22563114064927559,0.40739893327456633,0.5290694008266863,0.22563114064927559,0.5290694008266863,1.0413178731977315,0.09303989267613309,,,,,0.15342465753424656,0.16575342465753423,"{""C"": 0.05148628137750854, ""degree"": 2}"
student,0,0,custom_gegen,73,72,0.17487458415426027,0.10891089108910891,0.002166835903506182,0.1188118811881188,21.54022611481206,0.10843484325261492,0.26478580680430713,0.3873749292153482,0.10843484325261492,0.3873749292153482,1.0137548670793743,69.70079069775896,,,,,0.7808219178082192,0.8397260273972603,"{""C"": 0.05148628137750854, ""degree"": 2, ""alpha"": -0.04502603864809063}"
student,0,0,custom_alsalam,73,72,0.26645497973814275,0.5247524752475248,224750.7693903937,0.45544554455445546,61.615268065364894,0.03235057688724731,0.08903391972895235,0.1397158425609817,0.03235057688724731,0.1397158425609817,0.9950378225503802,72.99999999550981,,,,,0.08767123287671233,0.16986301369863016,"{""C"": 0.05148628137750854, ""degree"": 2, ""a"": -1, ""q"": 0.22913290559038751}"
student,0,1,linear,72,73,0.17606171716536828,0.009900990099009901,0.22580345011781308,0.019801980198019802,14.144626008872164,0.15728294035404658,0.3518719220585362,0.49531724200382415,0.15728294035404658,0.49531724200382415,1.0227660942821901,30.997012588982614,,,,,1.0,1.0,"{""C"": 0.0074143628801726065}"
student,0,1,poly,72,73,0.23555052736109686,0.009900990099009901,0.1249676017310956,0.009900990099009901,32.55468240586638,0.0854071752857895,0.20285260711298794,0.292511526598536,0.0854071752857895,0.292511526598536,1.0095317046284384,71.98206734009474,,,,,0.7583333333333333,0.75,"{""C"": 5.486831502302492, ""degree"": 5, ""gamma"": 3.40174923849014}"
student,0,1,rbf,72,73,0.2916308844913784,0.2376237623762376,0.012165756244619075,0.2079207920792079,70.9546976979197,0.015280804853582885,0.045236916815544176,0.07462045084492792,0.015280804853582885,0.07462045084492792,1.0000542253659637,71.92802390320394,,,,,1.0,1.0,"{""C"": 13.16889567726669, ""gamma"": 0.4647118547299046}"
student,0,1,custom_hermite,72,73,0.13484037265002516,0.1782178217821782,1.6247109615473974e-07,0.18811881188118812,14.215437888887816,0.19069762701159343,0.36645247226686406,0.486190890187724,0.19069762701159343,0.486190890187724,1.019202411913246,0.8870134559784281,,,,,0.08888888888888889,0.13055555555555554,"{""C"": 13.16889567726669, ""degree"": 4}"
student,0,1,custom_gegen,72,73,0.2690039760238513,0.0297029702970297,2.565676301052411,0.039603960396039604,55.380527158747064,0.040516190083650615,0.10886206068292031,0.1643096315530812,0.040516190083650615,0.1643096315530812,0.9997462065380607,71.99954362618067,,,,,0.2916666666666667,0.34305555555555556,"{""C"": 20.79683624184466, ""degree"": 2, ""alpha"": -0.2546856886151535}"
student,0,1,custom_alsalam,72,73,0.27897902507885275,0.6435643564356436,1113017.187338312,0.6336633663366337,65.25643351547501,0.028155448096111584,0.07787907120991681,0.12052605595979421,0.028155448096111584,0.12052605595979421,0.9977296716764446,71.99999999914958,,,,,0.1,0.21111111111111114,"{""C"": 13.16889567726669, ""degree"": 4, ""a"": -1, ""q"": 0.18053447221479085}"
student,1,0,linear,73,72,0.15629125304209335,0.09900990099009901,0.18677218276919186,0.0594059405940594,15.39985882666264,0.13693430994896183,0.32727199968200194,0.4683275873573477,0.13693430994896183,0.4683275873573477,1.0161820681716207,30.99710386018886,,,,,1.0,1.0,"{""C"": 0.0015181415285429986}"
student,1,0,poly,73,72,0.2276588248744672,0.04950495049504951,0.20344439841604983,0.039603960396039604,37.75728109005701,0.06608242547471814,0.17020932829826962,0.2541563930269815,0.06608242547471814,0.2541563930269815,0.9940922306353327,72.99080210015543,,,,,0.6356164383561642,0.6356164383561644,"{""C"": 8.032922645951144, ""degree"": 6, ""gamma"": 0.6706042353492996}"
student,1,0,rbf,73,72,0.1812979075199182,0.09900990099009901,0.0053006090324696055,0.0594059405940594,22.185802295837334,0.10533770015608977,0.26143770832752283,0.3784133119045573,0.10533770015608977,0.3784133119045573,1.0117714816327097,72.20869894566722,,,,,1.0,1.0,"{""C"": 0.5113286592736057, ""gamma"": 0.019105073481440072}"
student,1,0,custom_hermite,73,72,0.12109931156002433,0.19801980198019803,1.506565017014558e-08,0.19801980198019803,11.62255703888336,0.20296586336181138,0.4218217544194696,0.5719985249816747,0.20296586336181138,0.5719985249816747,1.069091949132829,0.09088238157017538,,,,,0.21643835616438356,0.236986301369863,"{""C"": 0.5113286592736057, ""degree"": 1}"
student,1,0,custom_gegen,73,72,0.026320998871087443,0.900990099009901,2.957655817837951e-100,0.8811881188118812,1.0000000465607253,0.9999999767196379,0.9999999999999964,0.9999999999999987,0.9999999767196379,0.9999999999999987,0.5251806585975114,2.329156978226942e-93,,,,,0.038356164383561646,0.09041095890410958,"{""C"": 0.5113286592736057, ""degree"": 1, ""alpha"": 1.4690137066987985}"
student,1,0,custom_alsalam,73,72,0.046932540794861234,0.0297029702970297,5.803880634343499e-35,0.039603960396039604,1.3145871703766967,0.8676008361536415,0.9859888716788783,0.9955004164174235,0.8676008361536415,0.9955004164174235,1.9274124590170363,2.938968149454207e-28,,,,,0.07397260273972603,0.12602739726027398,"{""C"": 0.5113286592736057, ""degree"": 1, ""a"": -1, ""q"": 0.9747404183742826}"
student,1,1,linear,72,73,0.1483574249624575,0.0891089108910891,0.20200761578274884,0.1485148514851485,13.576560425554986,0.1703078729462005,0.36327505454903763,0.5136688225010057,0.1703078729462005,0.5136688225010057,1.011275936051173,30.997212248076103,,,,,1.0,1.0,"{""C"": 0.008119991720761225}"
student,1,1,poly,72,73,0.20064665711491944,0.06930693069306931,0.06989301313402212,0.0891089108910891,26.77087935130355,0.10881915660803967,0.23786315050301826,0.34356255613630643,0.10881915660803967,0.34356255613630643,1.0115912605335755,71.96325360851725,,,,,0.8305555555555555,0.851388888888889,"{""C"": 0.003862670490133069, ""degree"": 4, ""gamma"": 0.42748948762740013}"
student,1,1,rbf,72,73,0.2913565783991966,0.42574257425742573,0.012155249224096403,0.42574257425742573,70.99956657669196,0.014230203972750596,0.042574829851984616,0.07082126168801055,0.014230203972750596,0.07082126168801055,0.9999961640719736,71.92807148267282,,,,,1.0,1.0,"{""C"": 6.503291437186229, ""gamma"": 0.8662248154232519}"
student,1,1,custom_hermite,72,73,0.170869856232576,0.25742574257425743,1.466269906287558e-07,0.31683168316831684,23.57782452722604,0.11025635318672569,0.2555790283739256,0.3529992313196717,0.11025635318672569,0.3529992313196717,0.9818484402835008,0.8314798705459693,,,,,0.09722222222222222,0.11249999999999999,"{""C"": 6.503291437186229, ""degree"": 5}"
student,1,1,custom_gegen,72,73,0.0355803829401951,0.5544554455445545,4.94638687343067e-111,0.6138613861386139,1.0135156432168082,0.9932878883615617,0.9999945137931581,0.9999973207035584,0.9932878883615617,0.9999973207035584,1.028081962310086,2.866496044444699e-104,,,,,0.06388888888888888,0.10972222222222222,"{""C"": 0.003862670490133069, ""degree"": 4, ""alpha"": 0.697522761016071}"
student,1,1,custom_alsalam,72,73,0.2801171980073375,0.13861386138613863,1034092.2183989002,0.1782178217821782,64.99709878559858,0.026851133433163258,0.0780009613325594,0.1235333262766898,0.026851133433163258,0.1235333262766898,1.0087000956774526,71.99999999907888,,,,,0.10555555555555556,0.17777777777777778,"{""C"": 6.503291437186229, ""degree"": 5, ""a"": -1, ""q"": 0.1882728949402123}"
student,2,0,linear,73,72,0.1426704442423661,0.27722772277227725,0.1811843771204214,0.22772277227722773,14.523307964246627,0.16060343872839528,0.3434871845415398,0.48472065665657493,0.16060343872839528,0.48472065665657493,1.0092269132704599,30.9973002951786,,,,,1.0,1.0,"{""C"": 0.4075590699172432}"
student,2,0,poly,73,72,0.1426704442423661,0.27722772277227725,0.005844657326465206,0.22772277227722773,14.523307964246655,0.16060343872839522,0.34348718454153954,0.4847206566565745,0.16060343872839522,0.4847206566565745,1.00922691327046,31.911146504228135,,,,,1.0,1.0,"{""C"": 23.847134521331615, ""degree"": 1, ""gamma"": 0.7685468319559321}"
student,2,0,rbf,73,72,0.2860270799215554,0.5346534653465347,0.01189864056759056,0.46534653465346537,71.12365770751394,0.02076412580063578,0.05616373001054534,0.08876654247310478,0.02076412580063578,0.08876654247310478,0.9999247614216952,72.92604803846673,,,,,1.0,1.0,"{""C"": 0.04428392537257515, ""gamma"": 0.28249650029910556}"
student,2,0,custom_hermite,73,72,0.12626415814446407,0.10891089108910891,9.06355722060872e-08,0.18811881188118812,12.762667569941183,0.1861470968225714,0.4199039045365902,0.5481702524251103,0.1861470968225714,0.5481702524251103,1.0669360218919575,0.5172479052599355,,,,,0.09315068493150686,0.12328767123287673,"{""C"": 0.04428392537257515, ""degree"": 4}"
student,2,0,custom_gegen,73,72,0.23587037886163598,0.5148514851485149,0.5402283915331817,0.2871287128712871,47.43087283431669,0.05190046534588528,0.1327773066807583,0.19741967724286028,0.05190046534588528,0.19741967724286028,0.9979695396785777,72.99744019806987,,,,,0.4027397260273972,0.4684931506849315,"{""C"": 0.025372810700511055, ""degree"": 1, ""alpha"": -0.22908609423784504}"
student,2,0,custom_alsalam,73,72,0.2788583394698727,0.2376237623762376,1.7713700815706006,0.24752475247524752,67.16604389200519,0.023812231444003296,0.06947468419334626,0.11154222182287754,0.023812231444003296,0.11154222182287754,1.0059739679957198,72.99946710393168,,,,,0.049315068493150684,0.08356164383561643,"{""C"": 0.04428392537257515, ""degree"": 4, ""a"": -1, ""q"": 0.4875519655166583}"
student,2,1,linear,72,73,0.16725563967204296,0.039603960396039604,0.2131608663894338,0.019801980198019802,14.822496296631396,0.13963841100841468,0.3497277801729486,0.48886120722369764,0.13963841100841468,0.48886120722369764,1.020346709139657,30.997127203088183,,,,,1.0,1.0,"{""C"": 1.476290836675262}"
student,2,1,poly,72,73,0.18634447207051402,0.039603960396039604,0.01862731287695425,0.019801980198019802,19.08037266769234,0.11793669721517322,0.29966702128118433,0.4225004163942908,0.11793669721517322,0.4225004163942908,1.0173484430867799,71.61727824490319,,,,,0.936111111111111,0.9472222222222224,"{""C"": 1.8694311177226783, ""degree"": 2, ""gamma"": 1.5234245239694533}"
student,2,1,rbf,72,73,0.2916300619398777,0.0297029702970297,0.012166740450882639,0.04950495049504951,70.99807394699086,0.014504908750253929,0.04278574777226009,0.07097255966362775,0.014504908750253929,0.07097255966362775,1.0000431072773108,71.9280699417272,,,,,1.0,1.0,"{""C"": 0.1881649040269539, ""gamma"": 0.9450772000073795}"
student,2,1,custom_hermite,72,73,0.12802260923859923,0.15841584158415842,7.961515004132216e-08,0.19801980198019803,12.830426592304784,0.21961418684699188,0.3854740526198131,0.4912991052266515,0.21961418684699188,0.4912991052266515,1.0053305369901193,0.44832220591855365,,,,,0.13055555555555554,0.14722222222222225,"{""C"": 1.476290836675262, ""degree"": 3}"
student,2,1,custom_gegen,72,73,0.0274939127452564,0.8811881188118812,2.248027332171716e-97,0.9405940594059405,1.0000000000000058,0.999999999999997,0.9999999999999988,0.9999999999999992,0.999999999999997,0.9999999999999992,0.5453876062418298,1.6746486080724043e-90,,,,,0.052777777777777785,0.1013888888888889,"{""C"": 1.476290836675262, ""degree"": 3, ""alpha"": 1.0595307871556292}"
student,2,1,custom_alsalam,72,73,0.03001155051410655,0.801980198019802,6.758337625282719e-21,0.7920792079207921,1.1296362215695557,0.9400387588978841,0.9881205332162716,0.9947758279419708,0.9400387588978841,0.9947758279419708,0.7448950661142913,4.9020730595285884e-14,,,,,0.058333333333333334,0.08888888888888888,"{""C"": 1.476290836675262, ""degree"": 3, ""a"": -1, ""q"": 0.7730855132726214}"
student,3,0,linear,73,72,0.19764017738707013,0.009900990099009901,0.24948273359595025,0.009900990099009901,14.49640571229511,0.16511450553109142,0.33408277972934597,0.4725710280746944,0.16511450553109142,0.4725710280746944,1.0358492065738005,30.997038614967064,,,,,1.0,1.0,"{""C"": 53.865943292432725}"
student,3,0,poly,73,72,0.21336150384428665,0.009900990099009901,0.021396140834782307,0.009900990099009901,18.61766848944092,0.14047752631827964,0.28960931484301417,0.41067236739737123,0.14047752631827964,0.41067236739737123,1.0300082284302114,72.57479047122204,,,,,0.9424657534246575,0.9410958904109591,"{""C"": 53.865943292432725, ""degree"": 2, ""gamma"": 0.2266159392081069}"
student,3,0,rbf,73,72,0.2574477030102469,0.009900990099009901,0.011201678905741952,0.009900990099009901,34.92677433351634,0.08815349242472524,0.18908627495597805,0.27158912265699964,0.08815349242472524,0.27158912265699964,1.0172139820543145,72.8090636437729,,,,,1.0,1.0,"{""C"": 0.25789966429521693, ""gamma"": 0.051270706095613634}"
student,3,0,custom_hermite,73,72,0.14443664915673174,0.06930693069306931,2.7316205652723408e-08,0.06930693069306931,15.71914120718057,0.15686981236403316,0.3400444268413347,0.4705066728967092,0.15686981236403316,0.4705066728967092,1.0432483303785303,0.15878538809764595,,,,,0.18904109589041093,0.2095890410958904,"{""C"": 53.865943292432725, ""degree"": 2}"
student,3,0,custom_gegen,73,72,0.03289374662094705,0.6534653465346535,9.534713709142157e-105,0.594059405940594,1.0000001169062214,0.9999999415468935,0.9999999999999946,0.9999999999999963,0.9999999415468935,0.9999999999999963,0.9002196397045843,6.008247609626208e-98,,,,,0.06575342465753424,0.1136986301369863,"{""C"": 0.029353488560143113, ""degree"": 3, ""alpha"": 0.9925612805031276}"
student,3,0,custom_alsalam,73,72,0.279911184053855,0.45544554455445546,1.4613443288660464,0.33663366336633666,67.89504849732864,0.022485172504586183,0.06411717681494411,0.10314232498960388,0.022485172504586183,0.10314232498960388,0.9980200490055212,72.99936394856803,,,,,0.04109589041095891,0.09726027397260274,"{""C"": 53.865943292432725, ""degree"": 2, ""a"": -1, ""q"": 0.48264435225722635}"
student,3,1,linear,72,73,0.16439772447366893,0.04950495049504951,0.2138641318911265,0.039603960396039604,14.342480055351533,0.14448580392425417,0.36044436635376226,0.49941394371264974,0.14448580392425417,0.49941394371264974,1.0156236222830957,30.997002813922066,,,,,1.0,1.0,"{""C"": 0.003819692403602139}"
student,3,1,poly,72,73,0.182219568904506,0.039603960396039604,0.018674970536129765,0.039603960396039604,18.48344224362773,0.12281530236174616,0.3082383858517258,0.4324051646068932,0.12281530236174616,0.4324051646068932,1.0126837312489045,71.60145895142884,,,,,0.936111111111111,0.9472222222222223,"{""C"": 0.003819692403602139, ""degree"": 2, ""gamma"": 0.053795095575000805}"
student,3,1,rbf,72,73,0.29226225898228014,0.039603960396039604,0.01219746210005358,0.0594059405940594,70.92957612022272,0.01616792882839655,0.046184167852404145,0.07474249144032404,0.01616792882839655,0.07474249144032404,1.0001953118313216,71.92799832978831,,,,,1.0,1.0,"{""C"": 69.03121933210446, ""gamma"": 0.700055643674525}"
student,3,1,custom_hermite,72,73,0.10912327427366342,0.37623762376237624,2.0466932257911512e-07,0.40594059405940597,9.688933498679317,0.2640448286423677,0.48012092700984715,0.5530598021906482,0.2640448286423677,0.5530598021906482,1.0091242760372299,1.0846667693951233,,,,,0.09722222222222222,0.11666666666666667,"{""C"": 69.03121933210446, ""degree"": 5}"
student,3,1,custom_gegen,72,73,0.027493912745256314,0.8514851485148515,1.0418091138602222e-92,0.7920792079207921,1.000000000000004,0.999999999999998,0.9999999999999991,0.9999999999999996,0.999999999999998,0.9999999999999996,0.5453876035446725,7.760867305459877e-86,,,,,0.052777777777777785,0.09722222222222224,"{""C"": 69.03121933210446, ""degree"": 5, ""alpha"": 0.6707819289457584}"
student,3,1,custom_alsalam,72,73,0.1830126155573091,0.39603960396039606,0.0002810962501699905,0.40594059405940597,27.742340577336538,0.11546436466663795,0.25121812899738116,0.3205489155213259,0.11546436466663795,0.3205489155213259,1.0114256458567759,64.95826155329532,,,,,0.04722222222222223,0.1,"{""C"": 69.03121933210446, ""degree"": 5, ""a"": -1, ""q"": 0.5816413519431373}"
student,4,0,linear,73,72,0.16541585343945042,0.019801980198019802,0.21468095394299924,0.009900990099009901,14.361748015494372,0.1485166422688233,0.35087803232782816,0.491098677357937,0.1485166422688233,0.491098677357937,1.0231882904175966,30.99700661501723,,,,,1.0,1.0,"{""C"": 0.0013167614065361366}"
student,4,0,poly,73,72,0.1654158534394504,0.019801980198019802,0.006925192062677393,0.009900990099009901,14.361748015494399,0.14851664226882316,0.35087803232782805,0.4910986773579367,0.14851664226882316,0.4910986773579367,1.0231882904175966,31.903589259129582,,,,,1.0,1.0,"{""C"": 0.05303104215236691, ""degree"": 1, ""gamma"": 1.056212838110864}"
student,4,0,rbf,73,72,0.1889578077475815,0.009900990099009901,0.005603078552145074,0.009900990099009901,20.849642996175014,0.11544513681652196,0.27978200391390784,0.39583310733338406,0.11544513681652196,0.39583310733338406,1.0176486790057344,72.1654708019119,,,,,1.0,1.0,"{""C"": 0.05303104215236691, ""gamma"": 0.01783940542972448}"
student,4,0,custom_hermite,73,72,0.14844180763066253,0.07920792079207921,1.0769179951325356e-08,0.0594059405940594,15.557142370871004,0.14737973190881723,0.3577352339482476,0.4818023681314201,0.14737973190881723,0.4818023681314201,1.085219888421352,0.06179782773814572,,,,,0.1917808219178082,0.19999999999999998,"{""C"": 0.05303104215236691, ""degree"": 1}"
student,4,0,custom_gegen,73,72,0.056592431441319015,0.039603960396039604,4.695586496807164e-114,0.0297029702970297,1.98750040133419,0.5396522458864487,0.9999999567573751,0.9999999741799822,0.5396522458864487,0.9999999741799822,2.4572979240456867,2.4245915456664975e-107,,,,,0.07397260273972603,0.09999999999999999,"{""C"": 0.05303104215236691, ""degree"": 1, ""alpha"": 1.022126519865396}"
student,4,0,custom_alsalam,73,72,0.06680306187604862,0.019801980198019802,2.463707960598649e-21,0.0297029702970297,2.8784579339560077,0.4972858260128879,0.8532925464012013,0.9305541735072017,0.4972858260128879,0.9305541735072017,1.5217686579860379,1.2970775575241764e-14,,,,,0.07123287671232877,0.09041095890410959,"{""C"": 0.05303104215236691, ""degree"": 1, ""a"": -1, ""q"": 0.7546653213407477}"
student,4,1,linear,72,73,0.17129136285973467,0.0297029702970297,0.21017011006999117,0.0594059405940594,15.268364264764273,0.1488352840690365,0.3342312655825554,0.4667649271332205,0.1488352840690365,0.4667649271332205,1.0173734207922152,30.997404830341253,,,,,0.9972222222222222,1.0,"{""C"": 0.3764134932501583}"
student,4,1,poly,72,73,0.22261587849419062,0.009900990099009901,0.07189183200074269,0.039603960396039604,28.53134596736527,0.09734001526433005,0.2249431034745632,0.3172581169227653,0.09734001526433005,0.3172581169227653,1.009686221258545,71.95997309648756,,,,,0.8055555555555555,0.8111111111111112,"{""C"": 0.2503904620132364, ""degree"": 4, ""gamma"": 0.07370232170748474}"
student,4,1,rbf,72,73,0.29132685869151814,0.9702970297029703,0.012154112916097784,0.9603960396039604,70.99945481631481,0.014311924588190646,0.04251854704335179,0.07069849626128556,0.014311924588190646,0.07069849626128556,0.9999953279946351,71.92807136911134,,,,,0.9916666666666667,0.9874999999999999,"{""C"": 29.18422719086891, ""gamma"": 1.2970365458932918}"
student,4,1,custom_hermite,72,73,0.11280430600040073,0.7722772277227723,2.254773357968573e-07,0.7326732673267327,11.204158015793665,0.23048987441001978,0.4349584308594829,0.5437236763967607,0.23048987441001978,0.5437236763967607,0.9747427566090355,1.2421846939150698,,,,,0.08611111111111111,0.11944444444444444,"{""C"": 29.18422719086891, ""degree"": 5}"
student,4,1,custom_gegen,72,73,0.027493912745256335,1.0,5.428124671067889e-88,1.0,1.0000000000000069,0.9999999999999966,0.9999999999999994,0.9999999999999997,0.9999999999999966,0.9999999999999997,0.54538759492107,4.0436347435623475e-81,,,,,0.030555555555555558,0.09722222222222222,"{""C"": 29.18422719086891, ""degree"": 5, ""alpha"": 0.5351147428886855}"
student,4,1,custom_alsalam,72,73,0.2671831213579487,0.5247524752475248,0.2161345057304113,0.38613861386138615,59.64232308979836,0.03613802590369207,0.09548151143602135,0.1460677131814852,0.03613802590369207,0.1460677131814852,1.0023345543835696,71.99512929642297,,,,,0.04722222222222223,0.09444444444444444,"{""C"": 29.18422719086891, ""degree"": 5, ""a"": -1, ""q"": 0.5148303758949306}"
parkinson,0,0,linear,98,97,0.2265561103828417,0.009900990099009901,0.11594403774090462,0.009900990099009901,3.6569404190108084,0.4689603939540271,0.7450976941700845,0.86610756270279,0.4689603939540271,0.86610756270279,1.1001447620933935,17.908788251409007,1.2865383149618366,1.015433518689243,0.4948453608247423,48.0,1.0,1.0,"{""C"": 0.07654332668069766}"
parkinson,0,0,poly,98,97,0.22888375999313246,0.009900990099009901,0.15180582841966528,0.009900990099009901,4.618038685603288,0.3991865503441521,0.6903174846697985,0.7881610754855352,0.3991865503441521,0.7881610754855352,1.1926205064527393,92.29752586694333,1.0868256973661334,0.7042275975847816,0.4329896907216495,42.0,0.8714285714285713,0.8510204081632654,"{""C"": 0.07654332668069766, ""degree"": 6, ""gamma"": 0.18428138790685025}"
parkinson,0,0,rbf,98,97,0.2292751495667411,0.009900990099009901,0.004791252223708925,0.009900990099009901,4.494669070539451,0.40889155305847646,0.6866465932168979,0.8092282696647858,0.40889155305847646,0.8092282696647858,1.0922565562063316,48.608309912111096,1.3772023374600775,1.0622944675108015,0.422680412371134,41.0,1.0,1.0,"{""C"": 6.989571952971612, ""gamma"": 0.025185761577627037}"
parkinson,0,0,custom_hermite,98,97,0.05233781198149811,0.0297029702970297,0.0004037112625691006,0.0297029702970297,2.347411745257728,0.6302858573742013,0.8490017418401195,0.9174815079952713,0.6302858573742013,0.9174815079952713,0.7364907512561424,29.130781014712742,1.0055214704969495,0.022866207672180026,0.5360824742268041,52.0,0.5979591836734695,0.6173469387755102,"{""C"": 6.510338439760313, ""degree"": 3}"
parkinson,0,0,custom_gegen,98,97,0.17730809622734597,0.009900990099009901,17.2842320298256,0.009900990099009901,5.281719489122679,0.35684255284586225,0.6558263059418195,0.7545774276028911,0.35684255284586225,0.7545774276028911,1.4258539357282964,97.96972351417611,1.7874718439138673,1.9038073480872995,0.36082474226804123,35.0,0.6877551020408164,0.6489795918367347,"{""C"": 6.989571952971612, ""degree"": 1, ""alpha"": -0.423668646232921}"
parkinson,0,0,custom_alsalam,98,97,0.1508626297293915,0.009900990099009901,81.46986479248267,0.009900990099009901,22.748858551057427,0.1302354407405792,0.28401426504583527,0.3824587274592367,0.1302354407405792,0.3824587274592367,1.0616432242735365,97.99991731485355,1.1844739783318472,1.024428292208082,0.5360824742268041,52.0,0.8530612244897958,0.7938775510204082,"{""C"": 0.0010121572123738662, ""degree"": 3, ""a"": -1, ""q"": 0.31470660032457415}"
parkinson,0,1,linear,97,98,0.24476804356299345,0.009900990099009901,0.1788392148856127,0.009900990099009901,2.9179753523685648,0.5520569076378902,0.7944731843262428,0.8911788201385512,0.5520569076378902,0.8911788201385512,1.132508572375267,17.918594479091972,1.3956763584054168,1.0233297731928637,0.4489795918367347,44.0,1.0,1.0,"{""C"": 0.41488976556910745}"
parkinson,0,1,poly,97,98,0.30373572696031337,0.009900990099009901,0.04307158225508459,0.009900990099009901,4.269786189313196,0.42741925680492415,0.7027690934727355,0.8155701046840044,0.42741925680492415,0.8155701046840044,1.1974242418224008,67.68378657079695,1.5120759518051585,1.2108034975958517,0.40816326530612246,40.0,0.9360824742268041,0.9340206185567013,"{""C"": 8.54167319949052, ""degree"": 3, ""gamma"": 0.9201838897177165}"
parkinson,0,1,rbf,97,98,0.17217806612923417,0.009900990099009901,0.009466589441094327,0.009900990099009901,41.60376952236904,0.07377329329717944,0.17453188779937168,0.2506186241564405,0.07377329329717944,0.2506186241564405,1.0170967185035173,96.6451416506532,1.0746944765823525,0.919073117046387,0.6836734693877551,67.0,1.0,1.0,"{""C"": 35.07208908371691, ""gamma"": 1.2230375702416478}"
parkinson,0,1,custom_hermite,97,98,0.06873020706994461,0.0297029702970297,0.00023019666715240738,0.019801980198019802,2.6497362230085866,0.5788535748058057,0.8451373337002704,0.9330217462803448,0.5788535748058057,0.9330217462803448,0.7758143091681837,21.747500380007235,1.0002813648640705,0.00013403946089771945,0.4897959183673469,48.0,0.5175257731958762,0.5567010309278351,"{""C"": 0.02331213193494903, ""degree"": 2}"
parkinson,0,1,custom_gegen,97,98,0.3339522575345303,0.009900990099009901,4.284563089181947,0.009900990099009901,4.867658007058424,0.3902772214057086,0.6643621379743813,0.768744261340528,0.3902772214057086,0.768744261340528,1.5774004147163574,96.75158454235032,1.5845206983145532,1.54580944271974,0.37755102040816324,37.0,0.7257731958762885,0.7226804123711341,"{""C"": 0.41488976556910745, ""degree"": 1, ""alpha"": 0.34708321170345224}"
parkinson,0,1,custom_alsalam,97,98,0.23186414300644567,0.009900990099009901,3607.1034384494706,0.009900990099009901,14.877130744343452,0.17241674380806485,0.37974521239623404,0.4771438287617299,0.17241674380806485,0.4771438287617299,1.1654938589015413,96.9999924800791,1.3335092723946202,1.1772533423231966,0.47959183673469385,47.0,0.7072164948453608,0.6958762886597938,"{""C"": 0.02331213193494903, ""degree"": 2, ""a"": -1, ""q"": 0.1091979567967391}"
parkinson,1,0,linear,98,97,0.2545233179754492,0.009900990099009901,0.20064163161635773,0.009900990099009901,2.7577349940522686,0.5717945237657162,0.8037040596579705,0.8900582368336536,0.5717945237657162,0.8900582368336536,1.124721620988593,17.943708246687105,1.5022824015386278,1.2180202831929137,0.4536082474226804,44.0,1.0,1.0,"{""C"": 0.3577174458449163}"
parkinson,1,0,poly,98,97,0.28225885608644113,0.009900990099009901,0.023421890243571174,0.009900990099009901,3.416535167991458,0.4989447074750923,0.7542757170051322,0.8440988326175115,0.4989447074750923,0.8440988326175115,1.1520616092801967,52.245488638801746,1.3321520669732951,1.0024044806395525,0.4536082474226804,44.0,0.963265306122449,0.9540816326530613,"{""C"": 1.7614489439866334, ""degree"": 2, ""gamma"": 0.251982248318063}"
parkinson,1,0,rbf,98,97,0.20766813357208244,0.009900990099009901,0.01397047052449366,0.009900990099009901,22.151002284644097,0.11709666633197645,0.2915906682415047,0.39140936530056664,0.11709666633197645,0.39140936530056664,1.0332559540006223,96.84280213803471,0.9058241885869298,0.25496712865824445,0.6185567010309279,60.0,1.0,1.0,"{""C"": 0.20371039514408534, ""gamma"": 0.5839051398699852}"
parkinson,1,0,custom_hermite,98,97,0.05392610626232926,0.039603960396039604,0.0008275082886001763,0.019801980198019802,2.61286223849839,0.5946338958535465,0.8032569714521263,0.8985084708445487,0.5946338958535465,0.8985084708445487,0.7127889513644216,35.2223153817761,1.0000092319447884,0.0010016042207182405,0.5360824742268041,52.0,0.5836734693877551,0.6071428571428572,"{""C"": 0.20371039514408534, ""degree"": 4}"
parkinson,1,0,custom_gegen,98,97,0.17535644078211074,0.009900990099009901,12.509247300997245,0.009900990099009901,7.48937544290794,0.2985208217487368,0.5392775688359975,0.6711174515003677,0.2985208217487368,0.6711174515003677,1.5043195662307383,91.02803172621698,1.1404405481616502,0.9754389614549869,0.5154639175257731,50.0,0.4836734693877551,0.43469387755102035,"{""C"": 0.20371039514408534, ""degree"": 4, ""alpha"": 0.5263089682236548}"
parkinson,1,0,custom_alsalam,98,97,0.1168900020559178,0.009900990099009901,0.1604098469324656,0.009900990099009901,25.282471129490293,0.10596174070698822,0.24505103480225848,0.3573405555584303,0.10596174070698822,0.3573405555584303,0.8713776612205378,97.94487511623674,1.0288570760672373,0.8451082489372083,0.6288659793814433,61.0,0.6448979591836734,0.5989795918367347,"{""C"": 0.20371039514408534, ""degree"": 4, ""a"": -1, ""q"": 0.5104938637483325}"
parkinson,1,1,linear,97,98,0.2331613464342333,0.009900990099009901,0.10167796609186551,0.009900990099009901,4.182518597883927,0.4268860441153277,0.7134812219544588,0.8518427531287,0.4268860441153277,0.8518427531287,1.1263066153751413,17.8693832534693,2.64662551061369,2.8037697982146152,0.3469387755102041,34.0,1.0,1.0,"{""C"": 8.581922842574608}"
parkinson,1,1,poly,97,98,0.23316134643423328,0.009900990099009901,0.004621725731448433,0.009900990099009901,4.18251859788396,0.42688604411532594,0.7134812219544563,0.851842753128697,0.42688604411532594,0.851842753128697,1.1263066153751415,17.20636419731946,1.2859721253967547,1.0118401314195506,0.40816326530612246,40.0,1.0,1.0,"{""C"": 8.581922842574608, ""degree"": 1, ""gamma"": 0.7854609063563116}"
parkinson,1,1,rbf,97,98,0.14151188091530856,0.009900990099009901,0.007704652926112645,0.009900990099009901,42.17600530546907,0.07023873143043165,0.17485489520557626,0.24957118798741154,0.07023873143043165,0.24957118798741154,1.013554277755965,96.6918306276047,1.051205932740093,0.9055586834922799,0.7040816326530612,69.0,1.0,1.0,"{""C"": 4.547639482688401, ""gamma"": 1.2258099912457727}"
parkinson,1,1,custom_hermite,97,98,0.0676995463279516,0.019801980198019802,0.0005900988994423663,0.019801980198019802,4.12917695593566,0.45592737943659345,0.673292462277856,0.7842502778064433,0.45592737943659345,0.7842502778064433,0.7950262789571674,48.12342974270309,1.0000188761595432,6.203818387899099e-05,0.4897959183673469,48.0,0.5979381443298969,0.5762886597938144,"{""C"": 0.006018429909593159, ""degree"": 6}"
parkinson,1,1,custom_gegen,97,98,0.02403516277913281,0.2079207920792079,2.8925610556884593e-05,0.19801980198019803,2.713155438681132,0.5894050742532446,0.7732185668728442,0.8414561792805075,0.5894050742532446,0.8414561792805075,0.7440683701110925,22.209124601273718,1.0000052378716537,3.748844986831865e-06,0.4897959183673469,48.0,0.3422680412371134,0.34845360824742266,"{""C"": 0.006018429909593159, ""degree"": 6, ""alpha"": 0.9657988392954264}"
parkinson,1,1,custom_alsalam,97,98,0.15755880558131297,0.009900990099009901,412.4524362528629,0.009900990099009901,25.564366681744733,0.11385033144971506,0.26041241990297453,0.35397954400984427,0.11385033144971506,0.35397954400984427,1.0978224483006103,96.99998554605972,1.179273214682646,1.0337745730446035,0.5408163265306123,53.0,0.8371134020618556,0.7938144329896909,"{""C"": 0.02804056159182268, ""degree"": 4, ""a"": -1, ""q"": 0.2549050325529724}"
parkinson,2,0,linear,98,97,0.21977009685220694,0.009900990099009901,0.1354163611014024,0.009900990099009901,3.194369753976534,0.519999810601243,0.7735798559195145,0.8828312797010951,0.519999810601243,0.8828312797010951,1.0978700972534794,17.92462344833386,1.8659997023633828,1.681966984171514,0.38144329896907214,37.0,1.0,1.0,"{""C"": 0.9355219203403067}"
parkinson,2,0,poly,98,97,0.21977009685220691,0.009900990099009901,0.006155289140972839,0.009900990099009901,3.194369753976548,0.5199998106012419,0.7735798559195128,0.8828312797010933,0.5199998106012419,0.8828312797010933,1.0978700972534794,17.66865074781726,1.9473081447603164,1.8001904694729436,0.36082474226804123,35.0,1.0,1.0,"{""C"": 36.43089111744049, ""degree"": 1, ""gamma"": 0.5611843753864073}"
parkinson,2,0,rbf,98,97,0.16057642470752245,0.009900990099009901,0.008554550693696846,0.009900990099009901,44.00228281789566,0.07589496976237528,0.17111400345053884,0.24439012714022484,0.07589496976237528,0.24439012714022484,1.0133043063107663,97.69240925142809,1.0735797482025793,0.9172496020756611,0.6597938144329897,64.0,1.0,1.0,"{""C"": 5.569868916441701, ""gamma"": 1.2362053258203816}"
parkinson,2,0,custom_hermite,98,97,0.04449375759171818,0.04950495049504951,0.0006282465979666461,0.0594059405940594,2.313030429699114,0.636676487811453,0.8482944477430444,0.907378557664034,0.636676487811453,0.907378557664034,0.7371170009479544,36.498985545642206,1.0837919488566874,0.23245075878596763,0.5154639175257731,50.0,0.573469387755102,0.5846938775510203,"{""C"": 30.5266208741873, ""degree"": 4}"
parkinson,2,0,custom_gegen,98,97,0.22934962448347418,0.009900990099009901,0.13910690191085243,0.009900990099009901,8.0744704133296,0.2891703117421367,0.5133983925483088,0.6251568582604912,0.2891703117421367,0.6251568582604912,1.1375455330789728,97.39247589837102,2.182277674308339,1.9225881719138052,0.29896907216494845,29.0,0.810204081632653,0.8224489795918368,"{""C"": 30.5266208741873, ""degree"": 4, ""alpha"": -0.2136277036687425}"
parkinson,2,0,custom_alsalam,98,97,0.16578211939001417,0.009900990099009901,3280.6983658515655,0.009900990099009901,25.723189757668678,0.11877612212971449,0.2563895748405238,0.3577539064757894,0.11877612212971449,0.3577539064757894,1.0656623303379726,97.9999979196261,1.2688145085519364,1.0823874379787535,0.4639175257731959,45.0,0.8306122448979593,0.8275510204081633,"{""C"": 30.5266208741873, ""degree"": 4, ""a"": -1, ""q"": 0.1461029399018253}"
parkinson,2,1,linear,97,98,0.25888302332384516,0.009900990099009901,0.15910605563985505,0.009900990099009901,3.334646231521252,0.5026548476972624,0.7647104141090807,0.878809652429846,0.5026548476972624,0.878809652429846,1.1377719506410338,17.91781984066166,1.1620879989361033,0.8041948006334059,0.4897959183673469,48.0,1.0,1.0,"{""C"": 0.11740170422439128}"
parkinson,2,1,poly,97,98,0.3458357897462653,0.009900990099009901,0.2419021297186893,0.009900990099009901,4.895407681386332,0.3944431269809592,0.6512305220178336,0.7643527641499773,0.3944431269809592,0.7643527641499773,1.3066552719811637,90.44510123869614,1.0715130743762182,0.6816208846351179,0.42857142857142855,42.0,0.8556701030927835,0.8402061855670103,"{""C"": 0.13137931524101715, ""degree"": 6, ""gamma"": 0.18472674262424782}"
parkinson,2,1,rbf,97,98,0.2884117436792197,0.009900990099009901,0.008762503621344536,0.009900990099009901,5.418128084260515,0.3549826764917057,0.6330431157588625,0.7684224108930808,0.3549826764917057,0.7684224108930808,1.1259229216244355,56.958226055322385,0.9987089440472943,0.004694001521099383,0.5,49.0,1.0,1.0,"{""C"": 0.00801438758752774, ""gamma"": 0.04010663071281717}"
parkinson,2,1,custom_hermite,97,98,0.08413985551847752,0.009900990099009901,0.00022562328436527023,0.009900990099009901,2.5834760567359334,0.5830416800688978,0.8452693911890744,0.934636147861498,0.5830416800688978,0.934636147861498,0.771711748332496,19.75357292340022,1.000005319199094,2.4966308291904813e-05,0.4897959183673469,48.0,0.5319587628865978,0.545360824742268,"{""C"": 0.00801438758752774, ""degree"": 2}"
parkinson,2,1,custom_gegen,97,98,0.22665589061535016,0.009900990099009901,19.55463212727433,0.009900990099009901,5.260542759982562,0.3896383444812297,0.6160065149335081,0.7355083523997618,0.3896383444812297,0.7355083523997618,1.6590243285848156,96.98279133144607,1.0686884503040792,0.9225123820847101,0.45918367346938777,45.0,0.647422680412371,0.6103092783505154,"{""C"": 0.00801438758752774, ""degree"": 2, ""alpha"": 0.333730411699359}"
parkinson,2,1,custom_alsalam,97,98,0.1850908452528657,0.009900990099009901,2.450074197071854,0.009900990099009901,31.21507849219895,0.09304399606336523,0.22038212170147614,0.3078266643284705,0.09304399606336523,0.3078266643284705,0.9834096341337525,96.99712394350215,1.1047564639567615,0.9462430594562401,0.6326530612244898,62.0,0.822680412371134,0.8092783505154639,"{""C"": 0.13137931524101715, ""degree"": 6, ""a"": -1, ""q"": 0.4465244188206454}"
parkinson,3,0,linear,98,97,0.24061248617248093,0.009900990099009901,0.17523687015016226,0.009900990099009901,2.8026328503625297,0.5623726717518589,0.8083751873710433,0.898157920502553,0.5623726717518589,0.898157920502553,1.1135748580399087,17.92019394293421,1.591174668921735,1.350770133189019,0.4020618556701031,39.0,1.0,1.0,"{""C"": 0.585235269492907}"
parkinson,3,0,poly,98,97,0.27737997723006264,0.009900990099009901,0.041280044218385124,0.009900990099009901,3.844463341931189,0.4569753681705009,0.7272923342717521,0.8245820711804427,0.4569753681705009,0.8245820711804427,1.160116855230433,66.9170470551157,1.475909315581923,1.1395057858821491,0.3917525773195876,38.0,0.9163265306122449,0.9316326530612243,"{""C"": 2.8711729169985483, ""degree"": 3, ""gamma"": 1.7906806457794566}"
parkinson,3,0,rbf,98,97,0.22578378258883963,0.009900990099009901,0.0167394251811997,0.009900990099009901,12.290348247257551,0.19377436554104185,0.4171232114211735,0.5305170419898468,0.19377436554104185,0.5305170419898468,1.0509280715523965,94.09774677806406,1.419014413365555,1.2126838123853971,0.41237113402061853,40.0,1.0,1.0,"{""C"": 8.57910838162357, ""gamma"": 0.3112549795229736}"
parkinson,3,0,custom_hermite,98,97,0.05743251186859232,0.009900990099009901,0.000458508061254876,0.0297029702970297,2.070376306232079,0.679322079856112,0.8653891511476588,0.9386837129208278,0.679322079856112,0.9386837129208278,0.7204271331610822,23.608374375355158,1.0001699431497963,0.0009458445725352241,0.5257731958762887,51.0,0.5224489795918367,0.5622448979591836,"{""C"": 0.585235269492907, ""degree"": 2}"
parkinson,3,0,custom_gegen,98,97,0.23290140200053644,0.009900990099009901,454.37061248941865,0.009900990099009901,8.340343366073421,0.238019489937332,0.523161667077975,0.6379671430605096,0.238019489937332,0.6379671430605096,1.3963754092216896,97.99974828209889,1.267304524616672,1.1234231291572694,0.4329896907216495,42.0,0.6591836734693877,0.610204081632653,"{""C"": 0.060743028994348115, ""degree"": 5, ""alpha"": -0.47875906933474816}"
parkinson,3,0,custom_alsalam,98,97,0.18616958912782078,0.009900990099009901,199.52124914497105,0.009900990099009901,19.854002135682528,0.1515164788661414,0.31053026951144663,0.39889932359663205,0.1515164788661414,0.39889932359663205,1.0889974886753824,97.99994072561981,1.177709492759308,1.0013654945769526,0.5670103092783505,55.0,0.8061224489795918,0.7877551020408164,"{""C"": 0.49843153812077534, ""degree"": 3, ""a"": -1, ""q"": 0.2906220320891208}"
parkinson,3,1,linear,97,98,0.23616430416086606,0.009900990099009901,0.11891144042136353,0.009900990099009901,3.8930340976025053,0.4553786431955895,0.7186943685769257,0.8484583119481046,0.4553786431955895,0.8484583119481046,1.1212209063396843,17.91559297987778,1.8963950666327007,1.7069538440380088,0.35714285714285715,35.0,1.0,1.0,"{""C"": 6.964120549334318}"
parkinson,3,1,poly,97,98,0.23616430416086606,0.009900990099009901,0.005405065473698342,0.009900990099009901,3.893034097602517,0.45537864319558874,0.7186943685769247,0.8484583119481036,0.45537864319558874,0.8484583119481036,1.1212209063396839,17.50613024344521,1.2688044532570726,0.9628319281909581,0.4489795918367347,44.0,1.0,1.0,"{""C"": 4.503184028386529, ""degree"": 1, ""gamma"": 0.3546258187922578}"
parkinson,3,1,rbf,97,98,0.1554280737323699,0.009900990099009901,0.009091882210739994,0.009900990099009901,33.94309914187467,0.08579648252811588,0.20232208882175956,0.29119766915786516,0.08579648252811588,0.29119766915786516,1.0224130245508476,96.54245664928415,1.1464050756156368,0.9941842584296178,0.5816326530612245,57.0,1.0,1.0,"{""C"": 68.76302240718215, ""gamma"": 0.8985255994345184}"
parkinson,3,1,custom_hermite,97,98,0.09016567531325125,0.009900990099009901,0.0003904924703627869,0.009900990099009901,4.998740792594825,0.38974155042120984,0.6573013909817719,0.7675704815421475,0.38974155042120984,0.7675704815421475,0.8030040382595294,40.89298189913353,0.9999871883087976,0.00023913755545651224,0.5102040816326531,50.0,0.5917525773195876,0.5804123711340206,"{""C"": 0.03114434251807808, ""degree"": 5}"
parkinson,3,1,custom_gegen,97,98,0.04552878282004347,0.07920792079207921,0.00010139960715018315,0.13861386138613863,7.065476761603658,0.28406221754357847,0.571933366900386,0.7004314057126646,0.28406221754357847,0.7004314057126646,0.7544711057943019,38.75088032485958,1.0004042022179314,0.00022019850699213643,0.4897959183673469,48.0,0.3711340206185567,0.38247422680412363,"{""C"": 0.03114434251807808, ""degree"": 5, ""alpha"": 0.8856151152379437}"
parkinson,3,1,custom_alsalam,97,98,0.19832309229937145,0.009900990099009901,79.49823254213602,0.009900990099009901,5.044942454079885,0.40033013092121406,0.616568053460506,0.7458295993658175,0.40033013092121406,0.7458295993658175,1.727199495845363,96.99313571657747,1.6275234071723919,1.6430178958086188,0.35714285714285715,35.0,0.668041237113402,0.6278350515463919,"{""C"": 0.03223841603167764, ""degree"": 1, ""a"": -1, ""q"": 0.19344399893670847}"
parkinson,4,0,linear,98,97,0.2449635702051512,0.009900990099009901,0.1465666897771813,0.009900990099009901,3.28989184748779,0.5068483669097136,0.7789720998288466,0.8752936202379556,0.5068483669097136,0.8752936202379556,1.1536488405872611,17.911868196876014,1.286862212358221,0.9956759717326559,0.4329896907216495,42.0,1.0,1.0,"{""C"": 0.1864200331883098}"
parkinson,4,0,poly,98,97,0.27323048645434134,0.009900990099009901,0.19987854002459438,0.009900990099009901,4.778276104453959,0.39841929895132827,0.667414368979772,0.7777106197136154,0.39841929895132827,0.7777106197136154,1.2704309767217543,91.6272029717721,1.5457931322814857,1.440935768522532,0.32989690721649484,32.0,0.8632653061224489,0.85,"{""C"": 4.2396003443154715, ""degree"": 6, ""gamma"": 0.16333913336697828}"
parkinson,4,0,rbf,98,97,0.16746477849942423,0.009900990099009901,0.010198086464973858,0.009900990099009901,30.99717020130804,0.09395394220074245,0.2319852513044456,0.31526416441713273,0.09395394220074245,0.31526416441713273,1.025833718057732,97.46854240624646,1.051039679520826,0.8942460494700636,0.6701030927835051,65.0,1.0,1.0,"{""C"": 3.19899320886442, ""gamma"": 0.8866214067717371}"
parkinson,4,0,custom_hermite,98,97,0.07275436188019772,0.019801980198019802,0.00045162937963001655,0.04950495049504951,4.097176357107458,0.4508602324151877,0.6847583757947446,0.7944071917958591,0.4508602324151877,0.7944071917958591,0.7965412471946886,38.91015468849377,1.0043916989717279,0.022971433151674166,0.5876288659793815,57.0,0.5918367346938775,0.6051020408163265,"{""C"": 3.19899320886442, ""degree"": 5}"
parkinson,4,0,custom_gegen,98,97,0.21232388404423055,0.009900990099009901,354.50886111117995,0.009900990099009901,9.772422783701769,0.2305426769929965,0.4687774702496853,0.5863238496523139,0.2305426769929965,0.5863238496523139,1.4334185045943124,97.99978340304118,1.1928387809872776,1.0684279227921654,0.4742268041237113,46.0,0.689795918367347,0.6479591836734694,"{""C"": 3.19899320886442, ""degree"": 5, ""alpha"": -0.4739476409025476}"
parkinson,4,0,custom_alsalam,98,97,0.17356693472465812,0.009900990099009901,26668.74122783609,0.009900990099009901,25.136678572764833,0.11918593062665854,0.26679235155115466,0.35711953620943593,0.11918593062665854,0.35711953620943593,1.0187334889977226,97.99999968741257,1.1282328145401979,0.9611548911600933,0.5773195876288659,56.0,0.8551020408163267,0.835714285714286,"{""C"": 3.19899320886442, ""degree"": 5, ""a"": -1, ""q"": 0.01790518186708711}"
parkinson,4,1,linear,97,98,0.22758823228592986,0.009900990099009901,0.1465236579811443,0.009900990099009901,3.119590900217308,0.5316508803449941,0.7603711631262113,0.8735770287073162,0.5316508803449941,0.8735770287073162,1.0835350040216778,17.92872232561959,1.8804390679900274,1.5091094811633066,0.3673469387755102,36.0,1.0,1.0,"{""C"": 5.781630624360632}"
parkinson,4,1,poly,97,98,0.30047702153923517,0.009900990099009901,0.1941170128544348,0.009900990099009901,4.788601092086467,0.39828799436557705,0.6648446340590994,0.7705431741889176,0.39828799436557705,0.7705431741889176,1.2247635881850678,91.39835270704648,1.0548139275755815,0.6706193745611206,0.4387755102040816,43.0,0.8577319587628867,0.8402061855670103,"{""C"": 0.11674197607994696, ""degree"": 6, ""gamma"": 0.05488393089178816}"
parkinson,4,1,rbf,97,98,0.2575827516685495,0.009900990099009901,0.009470715305753843,0.009900990099009901,5.646955111414976,0.34909685079929975,0.6223927868227219,0.7589128316185405,0.34909685079929975,0.7589128316185405,1.0749524994937336,65.50208574701546,1.1381771902403433,0.8194686680403291,0.4489795918367347,44.0,1.0,1.0,"{""C"": 5.781630624360632, ""gamma"": 0.05142216684003219}"
parkinson,4,1,custom_hermite,97,98,0.04140927804195696,0.07920792079207921,0.0015334078260191436,0.04950495049504951,3.1153523525930775,0.5343994960693853,0.7743324824177161,0.8607532782861009,0.5343994960693853,0.8607532782861009,0.7044962027649204,51.29570036085982,1.0000679184423724,0.0013220785472530454,0.5612244897959183,55.0,0.5917525773195876,0.5896907216494846,"{""C"": 0.11674197607994696, ""degree"": 6}"
parkinson,4,1,custom_gegen,97,98,0.26923889925387623,0.009900990099009901,2.7674958611050604,0.009900990099009901,10.017758500717793,0.23886275363193796,0.47367026615891195,0.5739432212087143,0.23886275363193796,0.5739432212087143,1.2559552409267014,96.9842131582344,0.941705902998667,0.5721159886085646,0.5612244897959183,55.0,0.7690721649484535,0.7432989690721649,"{""C"": 0.0023509744379665047, ""degree"": 6, ""alpha"": -0.3216913778922684}"
parkinson,4,1,custom_alsalam,97,98,0.193810403232693,0.009900990099009901,982.8807614385789,0.009900990099009901,26.26923460260526,0.10923038409451913,0.25855846170457975,0.3519562072967085,0.10923038409451913,0.3519562072967085,1.1084998876608891,96.99999352277013,1.1970339820539135,1.0328231072272718,0.5918367346938775,58.0,0.7814432989690722,0.7484536082474226,"{""C"": 0.11674197607994696, ""degree"": 6, ""a"": -1, ""q"": 0.2320346339407794}"
vertebral,0,0,linear,155,155,0.33649912819148387,0.009900990099009901,0.05699528369049384,0.009900990099009901,2.648960325528392,0.5578476548309007,0.8912220086612174,0.999999999999999,0.5578476548309007,0.999999999999999,1.1732426808270429,5.992292562203204,,,,,1.0,1.0,"{""C"": 22.910317793653757}"
vertebral,0,0,poly,155,155,0.35352516790467553,0.009900990099009901,0.02412249090684023,0.009900990099009901,2.798141661930645,0.5500724759678957,0.8528979977626193,0.9580658507692595,0.5500724759678957,0.9580658507692595,1.1967307015120108,19.77085214694567,,,,,0.9638709677419354,0.9664516129032259,"{""C"": 51.546055227839126, ""degree"": 2, ""gamma"": 0.9978958317247915}"
vertebral,0,0,rbf,155,155,0.34943290012604883,0.009900990099009901,0.0334152690054401,0.009900990099009901,14.892492168408067,0.18592798103817224,0.3759491403199665,0.4790124774480992,0.18592798103817224,0.4790124774480992,1.0643933047618601,133.0823791647699,,,,,1.0,1.0,"{""C"": 22.910317793653757, ""gamma"": 2.906962973187308}"
vertebral,0,0,custom_hermite,155,155,0.32605972689049023,0.009900990099009901,0.016420140435712927,0.009900990099009901,3.628903648447262,0.4713117286820114,0.7587816462667722,0.8675520686466168,0.4713117286820114,0.8675520686466168,1.1060115782622868,51.71129830179613,,,,,0.7883870967741935,0.8006451612903226,"{""C"": 22.910317793653757, ""degree"": 6}"
vertebral,0,0,custom_gegen,155,155,0.3894510179102209,0.009900990099009901,0.012122160229183327,0.009900990099009901,2.7068905328723667,0.5767399325105422,0.8185711881328421,0.9017131625505275,0.5767399325105422,0.9017131625505275,1.1595150520010171,38.302729647499355,,,,,0.5548387096774193,0.5877419354838709,"{""C"": 51.546055227839126, ""degree"": 2, ""alpha"": 1.0017440807375966}"
vertebral,0,0,custom_alsalam,155,155,0.29715223956978104,0.009900990099009901,0.005149510309734537,0.009900990099009901,3.0090506829274912,0.5384968274514168,0.7944131168322034,0.8911539906690025,0.5384968274514168,0.8911539906690025,1.0439690795957268,39.631730929596884,,,,,0.6038709677419355,0.6374193548387096,"{""C"": 51.546055227839126, ""degree"": 2, ""a"": -1, ""q"": 0.7446277382526857}"
vertebral,0,1,linear,155,155,0.4137736052526714,0.009900990099009901,0.05352604273769032,0.009900990099009901,2.5324611315100984,0.5707187381455537,0.927423450793555,0.9999999999999991,0.5707187381455537,0.9999999999999991,1.24532440202121,5.975806596560787,,,,,1.0,1.0,"{""C"": 75.02110317759654}"
vertebral,0,1,poly,155,155,0.4324677001611366,0.009900990099009901,0.02296103914706948,0.009900990099009901,2.620467310600215,0.5665889363176481,0.9008882001845513,0.9714901437231541,0.5665889363176481,0.9714901437231541,1.2726050343362016,18.804877193553192,,,,,0.9690322580645161,0.9683870967741937,"{""C"": 75.02110317759654, ""degree"": 2, ""gamma"": 1.080781884035208}"
vertebral,0,1,rbf,155,155,0.3794783549591156,0.009900990099009901,0.034746906487040305,0.009900990099009901,17.166054089803257,0.16136149176622688,0.3379211597601446,0.4527296898006887,0.16136149176622688,0.4527296898006887,1.0721311866816308,139.817144037205,,,,,1.0,1.0,"{""C"": 12.444993172907608, ""gamma"": 3.9395784325086525}"
vertebral,0,1,custom_hermite,155,155,0.40133196886715844,0.009900990099009901,0.019959013862923546,0.009900990099009901,3.1039236581765515,0.5312843267424411,0.7690118735006414,0.8861579282234565,0.5312843267424411,0.8861579282234565,1.1705141830550976,45.79317892278008,,,,,0.8219354838709676,0.8051612903225808,"{""C"": 12.444993172907608, ""degree"": 6}"
vertebral,0,1,custom_gegen,155,155,0.4622710227426111,0.009900990099009901,0.013572574162900903,0.009900990099009901,2.295842365051219,0.6407992592451076,0.8302736226774116,0.9132024471429576,0.6407992592451076,0.9132024471429576,1.2534478128650912,34.62128235887637,,,,,0.5625806451612904,0.5935483870967742,"{""C"": 75.02110317759654, ""degree"": 2, ""alpha"": 1.0303787551678374}"
vertebral,0,1,custom_alsalam,155,155,0.48140181543379673,0.009900990099009901,0.6487782400723756,0.009900990099009901,5.175466109230188,0.38142180272001264,0.6399800865890262,0.7743119468608743,0.38142180272001264,0.7743119468608743,1.21146385803216,106.40402051966873,,,,,0.8993548387096775,0.9258064516129032,"{""C"": 96.88929280927653, ""degree"": 4, ""a"": -1, ""q"": 0.25378827581705415}"
vertebral,1,0,linear,155,155,0.3467213113170312,0.009900990099009901,0.049579610935671724,0.009900990099009901,2.552851468398453,0.5623609642110872,0.9349278630005771,0.9999999999999994,0.5623609642110872,0.9999999999999994,1.1960523137854067,5.976837204404546,,,,,1.0,1.0,"{""C"": 0.21688210802892757}"
vertebral,1,0,poly,155,155,0.3884676360544073,0.009900990099009901,0.17875312573121108,0.009900990099009901,2.8058275037671896,0.5601968526531729,0.838822705969828,0.9028733141145261,0.5601968526531729,0.9028733141145261,1.3065611646002142,57.57384915182186,,,,,0.8903225806451613,0.8825806451612905,"{""C"": 0.014822067825934331, ""degree"": 6, ""gamma"": 0.32388135417900016}"
vertebral,1,0,rbf,155,155,0.3575566212250416,0.009900990099009901,0.008992478885195793,0.009900990099009901,2.8952976668630526,0.5266117647055893,0.8779623185636497,0.9506129691000631,0.5266117647055893,0.9506129691000631,1.1877973659099192,25.70309050261022,,,,,1.0,1.0,"{""C"": 0.018089354847872875, ""gamma"": 0.10159555003218249}"
vertebral,1,0,custom_hermite,155,155,0.3646514579569031,0.009900990099009901,0.008631481029187798,0.009900990099009901,2.2442471820985768,0.643262523390203,0.8665364862912666,0.9563421881476597,0.643262523390203,0.9563421881476597,1.193983401284874,24.437447645536174,,,,,0.7032258064516129,0.7245161290322579,"{""C"": 0.5173920648354712, ""degree"": 2}"
vertebral,1,0,custom_gegen,155,155,0.45752971195294245,0.009900990099009901,0.014321492957570818,0.009900990099009901,3.9670059250805583,0.45795091857309966,0.7023715688943171,0.8226408250961266,0.45795091857309966,0.8226408250961266,1.2415680435447267,45.37541231360649,,,,,0.8077419354838709,0.8238709677419355,"{""C"": 0.018089354847872875, ""degree"": 3, ""alpha"": 0.16147663861559558}"
vertebral,1,0,custom_alsalam,155,155,0.36834172674350535,0.009900990099009901,0.137946134779414,0.009900990099009901,2.795178099014564,0.5509750787913975,0.8662371940366036,0.9326545303537475,0.5509750787913975,0.9326545303537475,1.2781162451236037,36.52463765366569,,,,,0.8903225806451613,0.8832258064516131,"{""C"": 0.21688210802892757, ""degree"": 1, ""a"": -1, ""q"": 0.16043399185294377}"
vertebral,1,1,linear,155,155,0.38891325249967856,0.009900990099009901,0.060958928243522816,0.009900990099009901,2.6182408550009835,0.5645689889753397,0.8917078655416807,0.999999999999999,0.5645689889753397,0.999999999999999,1.2101122475134403,5.9923077163376774,,,,,1.0,1.0,"{""C"": 43.25503192638992}"
vertebral,1,1,poly,155,155,0.43327156365348646,0.009900990099009901,0.08513889153543151,0.009900990099009901,2.9270301531922978,0.549821022272617,0.7976910787591598,0.8998942382939696,0.549821022272617,0.8998942382939696,1.292346395389949,41.69636381118611,,,,,0.9058064516129031,0.9258064516129032,"{""C"": 15.38694405551399, ""degree"": 4, ""gamma"": 0.48333468187965384}"
vertebral,1,1,rbf,155,155,0.41327010320974883,0.009900990099009901,0.040685034713367596,0.009900990099009901,9.161500560081741,0.25192760180156243,0.49618156173276445,0.6184689728708243,0.25192760180156243,0.6184689728708243,1.1106951856205747,108.19463965953192,,,,,1.0,1.0,"{""C"": 6.604484094678417, ""gamma"": 1.6238786201621116}"
vertebral,1,1,custom_hermite,155,155,0.3631492662685228,0.009900990099009901,0.013326858081294319,0.009900990099009901,3.472274290707062,0.47508619396555823,0.7801830394159179,0.9061627635480329,0.47508619396555823,0.9061627635480329,1.1345341885893854,41.66591652453384,,,,,0.8025806451612902,0.7870967741935484,"{""C"": 43.25503192638992, ""degree"": 5}"
vertebral,1,1,custom_gegen,155,155,0.43390406628134237,0.009900990099009901,0.026509177732520223,0.009900990099009901,5.621231614105865,0.35163151408645915,0.6270817542546234,0.744875879279193,0.35163151408645915,0.744875879279193,1.1417360665427836,78.24528829858053,,,,,0.7019354838709676,0.744516129032258,"{""C"": 15.38694405551399, ""degree"": 4, ""alpha"": 0.7415847381617522}"
vertebral,1,1,custom_alsalam,155,155,0.36550865743475824,0.009900990099009901,0.028741757195051693,0.009900990099009901,5.645396587429181,0.3409598258993562,0.6352880614200661,0.759903267546809,0.3409598258993562,0.759903267546809,1.0843052433728808,81.5654239419867,,,,,0.8374193548387096,0.8270967741935485,"{""C"": 15.38694405551399, ""degree"": 4, ""a"": -1, ""q"": 0.6165090670344308}"
vertebral,2,0,linear,155,155,0.3658313388540352,0.009900990099009901,0.05935513014092902,0.009900990099009901,2.2664785578158457,0.6185085709733674,0.9431305764481894,0.9999999999999988,0.6185085709733674,0.9999999999999988,1.226259104910382,5.972414113713398,,,,,1.0,1.0,"{""C"": 9.61356758775954}"
vertebral,2,0,poly,155,155,0.41042995379003416,0.009900990099009901,0.13762020188088753,0.009900990099009901,2.4929614602810166,0.6049642025659288,0.8468720814344354,0.9168437992032196,0.6049642025659288,0.9168437992032196,1.330585636452004,49.1389793321046,,,,,0.8967741935483869,0.9083870967741936,"{""C"": 9.61356758775954, ""degree"": 5, ""gamma"": 0.017343951920304124}"
vertebral,2,0,rbf,155,155,0.3780968178204477,0.009900990099009901,0.039845637046026436,0.009900990099009901,6.9719078402210695,0.31260612810048927,0.5582350505081731,0.6919259615247014,0.31260612810048927,0.6919259615247014,1.1185936147555111,99.38536964972326,,,,,1.0,1.0,"{""C"": 5.07806367820995, ""gamma"": 1.2946977476410113}"
vertebral,2,0,custom_hermite,155,155,0.3549658580361302,0.009900990099009901,0.014404613844332653,0.009900990099009901,3.1001639559867398,0.519796866587351,0.8031312351877072,0.9201371330537514,0.519796866587351,0.9201371330537514,1.1409862756284823,40.208892800910206,,,,,0.7909677419354838,0.8083870967741936,"{""C"": 5.07806367820995, ""degree"": 5}"
vertebral,2,0,custom_gegen,155,155,0.42219470836813705,0.009900990099009901,0.034477048951019475,0.009900990099009901,3.7975346326438966,0.47603688560931423,0.7048516618577124,0.8117375689400484,0.47603688560931423,0.8117375689400484,1.2245405868676584,75.51210651787002,,,,,0.9019354838709677,0.9174193548387097,"{""C"": 5.657598244378771, ""degree"": 6, ""alpha"": -0.24403800244671064}"
vertebral,2,0,custom_alsalam,155,155,0.41536591593810396,0.009900990099009901,1.9085015862110457,0.009900990099009901,4.779782439431785,0.4045217933057895,0.6548636564418435,0.7829535517100261,0.4045217933057895,0.7829535517100261,1.1796526303110524,124.10876797093763,,,,,0.872258064516129,0.9058064516129034,"{""C"": 9.61356758775954, ""degree"": 5, ""a"": -1, ""q"": 0.02844561790532133}"
vertebral,2,1,linear,155,155,0.3713323340204451,0.009900990099009901,0.05124796498080877,0.009900990099009901,2.9691051047397257,0.5088498406881993,0.8692373128235777,0.9999999999999991,0.5088498406881993,0.9999999999999991,1.1831359489655326,5.992749924468512,,,,,1.0,1.0,"{""C"": 57.40608548524235}"
vertebral,2,1,poly,155,155,0.4041212207702636,0.009900990099009901,0.04169897728657074,0.009900990099009901,3.239543671789644,0.5015875281554192,0.8110334241133519,0.9293364521013724,0.5015875281554192,0.9293364521013724,1.2318630688148873,32.66877881125521,,,,,0.9432258064516128,0.9477419354838712,"{""C"": 5.016865493767885, ""degree"": 3, ""gamma"": 0.3469651237324414}"
vertebral,2,1,rbf,155,155,0.4379052439358001,0.009900990099009901,0.038599019053777384,0.009900990099009901,6.7746601904993815,0.30879888702566755,0.5698459007426652,0.7138231022106312,0.30879888702566755,0.7138231022106312,1.1386432824002355,85.09518707032703,,,,,1.0,1.0,"{""C"": 4.035974059381335, ""gamma"": 0.9465114948279125}"
vertebral,2,1,custom_hermite,155,155,0.37143025178743755,0.009900990099009901,0.017111405135941327,0.009900990099009901,3.636627013576487,0.47427255196231616,0.7432190490129302,0.8627787757631048,0.47427255196231616,0.8627787757631048,1.1289988487477762,49.645196649027795,,,,,0.7935483870967742,0.7987096774193548,"{""C"": 57.40608548524235, ""degree"": 6}"
vertebral,2,1,custom_gegen,155,155,0.462472430061911,0.009900990099009901,0.04273951842178755,0.009900990099009901,5.875409167676155,0.3405748348408547,0.6123703315424365,0.7492058083898165,0.3405748348408547,0.7492058083898165,1.1832139806122624,73.0024257800813,,,,,0.8077419354838709,0.8200000000000001,"{""C"": 5.016865493767885, ""degree"": 3, ""alpha"": 0.622624561369828}"
vertebral,2,1,custom_alsalam,155,155,0.41540091574932064,0.009900990099009901,0.0531257595066638,0.009900990099009901,6.070988277383417,0.3215225790901013,0.6125870861038205,0.7540684604965541,0.3215225790901013,0.7540684604965541,1.1130990427907526,80.39458609286103,,,,,0.9096774193548387,0.8961290322580647,"{""C"": 5.016865493767885, ""degree"": 3, ""a"": -1, ""q"": 0.5579256633881565}"
vertebral,3,0,linear,155,155,0.36343868125494244,0.009900990099009901,0.06119995174800514,0.009900990099009901,2.682979718499492,0.5490391658845527,0.8983685378155657,0.9999999999999994,0.5490391658845527,0.9999999999999994,1.1910573688833892,5.9925588441494995,,,,,1.0,1.0,"{""C"": 9.680333420869644}"
vertebral,3,0,poly,155,155,0.39669588236593334,0.009900990099009901,0.04993193778448584,0.009900990099009901,2.929672248366053,0.5386512546953858,0.8329936509585926,0.926675966891311,0.5386512546953858,0.926675966891311,1.2390971401682689,33.82064428137976,,,,,0.9470967741935484,0.9445161290322582,"{""C"": 3.9798498783838516, ""degree"": 3, ""gamma"": 0.21063993386494112}"
vertebral,3,0,rbf,155,155,0.380640809290996,0.009900990099009901,0.01779564103516098,0.009900990099009901,3.5231273445370745,0.4750315901445002,0.7832788233198352,0.8912728289168674,0.4750315901445002,0.8912728289168674,1.1730527501580073,39.391991132790636,,,,,1.0,1.0,"{""C"": 3.9798498783838516, ""gamma"": 0.19563323313766634}"
vertebral,3,0,custom_hermite,155,155,0.33406524392282944,0.009900990099009901,0.00911241582834849,0.009900990099009901,2.983707990608019,0.5293744155020872,0.827881532412873,0.9369714823972556,0.5293744155020872,0.9369714823972556,1.133489899888766,31.775372886577898,,,,,0.7754838709677419,0.7825806451612903,"{""C"": 3.9798498783838516, ""degree"": 3}"
vertebral,3,0,custom_gegen,155,155,0.4354786415654228,0.009900990099009901,0.46742785970284667,0.009900990099009901,7.695944509604175,0.2944915577407202,0.5209517123599152,0.6482402739559063,0.2944915577407202,0.6482402739559063,1.2753069084742237,121.63419679309695,,,,,0.7561290322580645,0.7858064516129032,"{""C"": 3.9798498783838516, ""degree"": 3, ""alpha"": 0.44352165606253435}"
vertebral,3,0,custom_alsalam,155,155,0.39627775441777285,0.009900990099009901,0.12614256050361858,0.009900990099009901,6.093467436733601,0.33439227683313305,0.5979128645070345,0.739633159435346,0.33439227683313305,0.739633159435346,1.1283401476690151,95.22114238619365,,,,,0.9006451612903226,0.9296774193548388,"{""C"": 3.9798498783838516, ""degree"": 3, ""a"": -1, ""q"": 0.46972423263381086}"
vertebral,3,1,linear,155,155,0.38774431832460265,0.009900990099009901,0.05056361127750116,0.009900990099009901,2.4958097320119497,0.5814368760253443,0.9161766211669795,0.9999999999999998,0.5814368760253443,0.9999999999999998,1.2340219537156405,5.970759936907804,,,,,1.0,1.0,"{""C"": 88.79753313573141}"
vertebral,3,1,poly,155,155,0.4225561109132291,0.009900990099009901,0.07174482963502879,0.009900990099009901,2.6768443324499915,0.5756242794525757,0.8486094507963475,0.9330566748864466,0.5756242794525757,0.9330566748864466,1.31255389727452,38.516841696064866,,,,,0.9122580645161289,0.9141935483870971,"{""C"": 88.79753313573141, ""degree"": 4, ""gamma"": 0.258921095897788}"
vertebral,3,1,rbf,155,155,0.4406232482192036,0.009900990099009901,0.03500727435064769,0.009900990099009901,4.804761689661784,0.3955573022989131,0.66365365132716,0.8031619040773993,0.3955573022989131,0.8031619040773993,1.182326366455065,65.21702346626142,,,,,1.0,1.0,"{""C"": 51.41811015199067, ""gamma"": 0.6565609299404498}"
vertebral,3,1,custom_hermite,155,155,0.4016247625772737,0.009900990099009901,0.012763375522137767,0.009900990099009901,2.6038668673544425,0.5887044547954922,0.8214943780377855,0.9333461525317748,0.5887044547954922,0.9333461525317748,1.2071587968338091,32.5633366111762,,,,,0.76,0.7716129032258064,"{""C"": 88.79753313573141, ""degree"": 4}"
vertebral,3,1,custom_gegen,155,155,0.4738798813576472,0.009900990099009901,0.013729482630265378,0.009900990099009901,2.5701940997144916,0.6032895820163154,0.7927050072060274,0.8705833817572934,0.6032895820163154,0.8705833817572934,1.2282995406124195,54.718289025236366,,,,,0.5587096774193548,0.5948387096774194,"{""C"": 51.41811015199067, ""degree"": 5, ""alpha"": 1.0966553439441868}"
vertebral,3,1,custom_alsalam,155,155,0.4468943596101037,0.009900990099009901,0.10185482976415777,0.009900990099009901,5.454443138474903,0.3650874877060263,0.6257572242945177,0.7617744004037491,0.3650874877060263,0.7617744004037491,1.1584526916101856,88.07746691846565,,,,,0.9096774193548387,0.9335483870967745,"{""C"": 88.79753313573141, ""degree"": 4, ""a"": -1, ""q"": 0.5061965914987412}"
vertebral,4,0,linear,155,155,0.39261494195434343,0.009900990099009901,0.05902050398836313,0.009900990099009901,2.46830885731031,0.583947865282003,0.9246058457583041,0.9999999999999993,0.583947865282003,0.9999999999999993,1.2328007702289716,5.974598499357803,,,,,1.0,1.0,"{""C"": 3.7644580296063053}"
vertebral,4,0,poly,155,155,0.427014311232081,0.009900990099009901,0.13363757771053653,0.009900990099009901,2.659594923561838,0.582824662857907,0.8334316574259125,0.9172633806669277,0.582824662857907,0.9172633806669277,1.3384969737330241,49.30235852640786,,,,,0.9199999999999998,0.9200000000000002,"{""C"": 43.034156875622685, ""degree"": 5, ""gamma"": 0.18420503968289464}"
vertebral,4,0,rbf,155,155,0.4078507981981539,0.009900990099009901,0.04027311845507452,0.009900990099009901,12.828924900181168,0.19763968275058968,0.40921144028760814,0.5315404195854625,0.19763968275058968,0.5315404195854625,1.089296141994584,126.79827409851903,,,,,1.0,1.0,"{""C"": 31.232592253045492, ""gamma"": 2.66493672350839}"
vertebral,4,0,custom_hermite,155,155,0.3904309686234977,0.009900990099009901,0.019636663392987877,0.009900990099009901,3.4821364392469403,0.48374927386113603,0.7632738991899713,0.8817310507294855,0.48374927386113603,0.8817310507294855,1.1543301056098558,48.86883875803018,,,,,0.816774193548387,0.8270967741935483,"{""C"": 31.232592253045492, ""degree"": 6}"
vertebral,4,0,custom_gegen,155,155,0.5039497214305754,0.009900990099009901,0.04949743464253769,0.009900990099009901,4.450501052638758,0.4270292477227928,0.6652615905842842,0.7930586624814426,0.4270292477227928,0.7930586624814426,1.2892330717431786,66.28744631259639,,,,,0.8116129032258063,0.8451612903225807,"{""C"": 1.9241618872229775, ""degree"": 3, ""alpha"": 0.24327050836274267}"
vertebral,4,0,custom_alsalam,155,155,0.4553874509108108,0.009900990099009901,0.2965040183602486,0.009900990099009901,5.417541578778732,0.36194380982701746,0.6310439448863207,0.7736549434173263,0.36194380982701746,0.7736549434173263,1.1836372254958467,94.60272847759876,,,,,0.9212903225806452,0.9361290322580647,"{""C"": 1.9241618872229775, ""degree"": 3, ""a"": -1, ""q"": 0.37110808954547125}"
vertebral,4,1,linear,155,155,0.349554830620492,0.009900990099009901,0.051763310160959815,0.009900990099009901,2.743443724930372,0.5416576834435498,0.8872418352546265,0.9999999999999996,0.5416576834435498,0.9999999999999996,1.1813105910851938,5.992261135995932,,,,,1.0,1.0,"{""C"": 1.212795435931679}"
vertebral,4,1,poly,155,155,0.3692844179660074,0.009900990099009901,0.022048603251933262,0.009900990099009901,2.902411697693035,0.5335210177658978,0.8508203112587776,0.9586273435135195,0.5335210177658978,0.9586273435135195,1.2052489523577836,19.702695407609692,,,,,0.9729032258064517,0.9632258064516129,"{""C"": 62.473407063268645, ""degree"": 2, ""gamma"": 0.020630727883921188}"
vertebral,4,1,rbf,155,155,0.34683279458090127,0.009900990099009901,0.03254171325313637,0.009900990099009901,15.485485089390032,0.18353246983016225,0.3563930048319356,0.4708408552600943,0.18353246983016225,0.4708408552600943,1.0650108440681807,135.42242950263898,,,,,1.0,1.0,"{""C"": 0.573187764432498, ""gamma"": 3.235153117307433}"
vertebral,4,1,custom_hermite,155,155,0.3342135044025441,0.009900990099009901,0.016600861612459324,0.009900990099009901,3.271545729353349,0.515211706217428,0.758368194175047,0.8683543197329678,0.515211706217428,0.8683543197329678,1.1167564155289977,48.83744813241111,,,,,0.7987096774193547,0.8051612903225808,"{""C"": 0.573187764432498, ""degree"": 6}"
vertebral,4,1,custom_gegen,155,155,0.4000902202518952,0.009900990099009901,0.09854637415449213,0.009900990099009901,3.6746858721925557,0.47360448346193457,0.7470136416831473,0.8548890796507389,0.47360448346193457,0.8548890796507389,1.2275556747925698,53.0597084017044,,,,,0.9070967741935485,0.9225806451612905,"{""C"": 62.473407063268645, ""degree"": 2, ""alpha"": -0.3902665399522405}"
vertebral,4,1,custom_alsalam,155,155,0.3841092885671008,0.009900990099009901,0.0727799335955602,0.009900990099009901,3.3823561073640067,0.49317082553929775,0.7931761164507689,0.8809546786226293,0.49317082553929775,0.8809546786226293,1.2161476320858196,35.79137962501363,,,,,0.9019354838709678,0.9051612903225807,"{""C"": 1.212795435931679, ""degree"": 1, ""a"": -1, ""q"": 0.3646678669108603}"
fertility,0,0,linear,50,50,0.0418605655122524,0.5742574257425742,0.016777703171317066,0.5742574257425742,5.750205112827683,0.27113271529247834,0.6355391745683567,0.8635349445454027,0.27113271529247834,0.8635349445454027,1.0012398719435385,8.999326858533976,2.0284063949410878,1.2433277349059386,0.34,17.0,1.0,1.0,"{""C"": 2.305480154718145}"
fertility,0,0,poly,50,50,0.08201238604490241,0.44554455445544555,0.07928864832710263,0.39603960396039606,15.207187465105227,0.13695223348611185,0.3543209035940872,0.4951962647510456,0.13695223348611185,0.4951962647510456,0.9814732314931008,49.974366719893354,1.150233969547765,0.6969508368094828,0.5,25.0,0.784,0.7119999999999999,"{""C"": 0.22185661576237073, ""degree"": 6, ""gamma"": 0.09896254471814175}"
fertility,0,0,rbf,50,50,0.1525809711583611,0.10891089108910891,0.004880003748548585,0.0297029702970297,44.79808206232886,0.038293015409424494,0.10847960568169951,0.16960804272342372,0.038293015409424494,0.16960804272342372,0.9988182286860586,49.94281718736105,0.9698447217824255,0.08256679352107427,0.94,47.0,1.0,1.0,"{""C"": 0.22185661576237073, ""gamma"": 1.7104130092615926}"
fertility,0,0,custom_hermite,50,50,0.08313482347497057,0.36633663366336633,0.0001545338880704555,0.33663366336633666,16.37221074640853,0.131037975517805,0.3253485808139118,0.47086248329649266,0.131037975517805,0.47086248329649266,1.0336522922661693,44.97444990710106,0.9990656229795709,0.005549780324100709,0.48,24.0,0.556,0.544,"{""C"": 0.22185661576237073, ""degree"": 6}"
fertility,0,0,custom_gegen,50,50,0.08082579928430425,0.48514851485148514,0.011037945478556997,0.43564356435643564,15.122763591601215,0.14363220345745173,0.3574818072510011,0.50430560250741,0.14363220345745173,0.50430560250741,0.9945326413667551,49.91476609569712,1.0034652580008436,0.1293926825526697,0.5,25.0,0.7040000000000001,0.7899999999999998,"{""C"": 0.22185661576237073, ""degree"": 6, ""alpha"": 0.1724278190914419}"
fertility,0,0,custom_alsalam,50,50,0.14132622246338042,0.1485148514851485,0.2534154702887501,0.10891089108910891,37.18132744232621,0.054232146125794155,0.15067616080147225,0.23070043014240238,0.054232146125794155,0.23070043014240238,0.9932350620305552,49.998468566118,1.007374963197969,0.6535416931797412,0.92,46.0,0.6679999999999999,0.49800000000000005,"{""C"": 0.22185661576237073, ""degree"": 6, ""a"": -1, ""q"": 0.3362207350299563}"
fertility,0,1,linear,50,50,0.06572082059596311,0.2871287128712871,0.028985708357748177,0.2079207920792079,5.612113327521454,0.2700137765736823,0.6423986188670948,0.8566803189570628,0.2700137765736823,0.8566803189570628,1.0134190678047814,8.99931150337789,1.0003083884470079,0.00040077253550300807,0.44,22.0,1.0,1.0,"{""C"": 0.0207504144671666}"
fertility,0,1,poly,50,50,0.07966455019692656,0.3465346534653465,0.029257440434016155,0.25742574257425743,10.880898238941935,0.19381471246624807,0.43979710050301696,0.5949693130496794,0.19381471246624807,0.5949693130496794,0.9773118656889698,49.59745609151862,1.000615309002677,0.014616917260191325,0.44,22.0,0.8839999999999999,0.816,"{""C"": 0.0207504144671666, ""degree"": 4, ""gamma"": 0.40858561029232204}"
fertility,0,1,rbf,50,50,0.12240772833392344,0.19801980198019803,0.004869364761962839,0.12871287128712872,26.421787062656065,0.09040595709091825,0.22171007404147686,0.3309450811672922,0.09040595709091825,0.3309450811672922,1.0113582056248236,49.613312075995545,0.9981994045785905,0.005513447024277132,0.68,34.0,1.0,1.0,"{""C"": 0.0207504144671666, ""gamma"": 0.5032413410624206}"
fertility,0,1,custom_hermite,50,50,0.16541290183611135,0.009900990099009901,0.00022638830391369087,0.019801980198019802,11.909629185931816,0.18061916740995024,0.41668272993217353,0.5715614097747704,0.18061916740995024,0.5715614097747704,1.2278759169016735,38.0675074346096,0.9998086382260339,0.00018161346032675936,0.24,12.0,0.5840000000000001,0.6,"{""C"": 0.0207504144671666, ""degree"": 4}"
fertility,0,1,custom_gegen,50,50,0.004286350637155354,0.25742574257425743,4.331103734175647e-28,0.24752475247524752,1.9807456096397136,0.5492975930833848,0.999999894815832,0.9999999310925115,0.5492975930833848,0.9999999310925115,0.5127711182609668,3.305570668176325e-20,1.0,0.0,0.24,12.0,0.196,0.292,"{""C"": 0.0207504144671666, ""degree"": 4, ""alpha"": 0.6812916873119115}"
fertility,0,1,custom_alsalam,50,50,0.16370285022455405,0.019801980198019802,0.0015570126955530418,0.019801980198019802,29.101433104997813,0.07801445944131805,0.1984405467277638,0.29309140104387826,0.07801445944131805,0.29309140104387826,1.1295285515941174,48.89515596671648,0.9992118242064536,0.0016768855674182065,0.46,23.0,0.3600000000000001,0.336,"{""C"": 0.0207504144671666, ""degree"": 4, ""a"": -1, ""q"": 0.5868170118420469}"
fertility,1,0,linear,50,50,0.041289623118605324,0.6039603960396039,0.017439266108836126,0.5148514851485149,5.8344264054231765,0.25144149720611114,0.6330063723335929,0.8559304047656887,0.25144149720611114,0.8559304047656887,1.0001248067154398,8.999330987576217,1.0417369846315907,0.059210121165719595,0.34,17.0,1.0,1.0,"{""C"": 0.2144149248113878}"
fertility,1,0,poly,50,50,0.0552962473355486,0.48514851485148514,0.00599242913076581,0.40594059405940597,7.862009114963235,0.21032683967367638,0.5371810867314777,0.7319063482395336,0.21032683967367638,0.7319063482395336,0.9879684146985473,43.10129449087267,1.0001558566005473,0.0007850236458616706,0.34,17.0,0.956,0.966,"{""C"": 0.003442088104927352, ""degree"": 2, ""gamma"": 0.1006394506156285}"
fertility,1,0,rbf,50,50,0.1565718799211871,0.0297029702970297,0.004884041516368514,0.019801980198019802,47.531698039658835,0.03222838672542372,0.08917832747733354,0.13789981085447656,0.03222838672542372,0.13789981085447656,1.0008001920856968,49.947964708262575,0.9703876320352742,0.08025917868377858,0.98,49.0,1.0,1.0,"{""C"": 0.2144149248113878, ""gamma"": 2.924543178794234}"
fertility,1,0,custom_hermite,50,50,0.13468640692401485,0.0891089108910891,0.0002743736454903936,0.009900990099009901,15.778398685042525,0.15917120995981726,0.3420208182670449,0.47504465616551805,0.15917120995981726,0.47504465616551805,1.1624004057520247,45.571998880650995,0.9994621273696686,0.0030210590380911873,0.52,26.0,0.4960000000000001,0.46399999999999997,"{""C"": 0.2144149248113878, ""degree"": 6}"
fertility,1,0,custom_gegen,50,50,0.07102360943990552,0.900990099009901,2.714712901800265,0.9405940594059405,25.95084830210313,0.08952160913669537,0.23111991250000122,0.3280742825047154,0.08952160913669537,0.3280742825047154,0.8459536396632816,49.999851246419624,1.017543953588468,0.6576877494276607,0.8,40.0,0.3440000000000001,0.34800000000000003,"{""C"": 0.2144149248113878, ""degree"": 6, ""alpha"": 0.3593935373464906}"
fertility,1,0,custom_alsalam,50,50,0.15396405955347164,0.04950495049504951,0.07059947494613251,0.019801980198019802,38.78328079662364,0.049537797791633094,0.14147246783228035,0.21608185950635117,0.049537797791633094,0.21608185950635117,1.001256851106821,49.99455967782497,1.0042782686250735,0.6517539180431943,0.9,45.0,0.8399999999999999,0.8080000000000002,"{""C"": 0.2144149248113878, ""degree"": 6, ""a"": -1, ""q"": 0.42829430482389985}"
fertility,1,1,linear,50,50,0.04500531929956405,0.45544554455445546,0.018971161372666325,0.49504950495049505,5.507661108121628,0.2776449820570161,0.6539128873205313,0.8512194464700011,0.2776449820570161,0.8512194464700011,1.0297480753062256,8.999347716629732,1.0010723334089784,0.0015198413309345106,0.38,19.0,1.0,1.0,"{""C"": 0.022848734216582033}"
fertility,1,1,poly,50,50,0.05358098822266219,0.43564356435643564,0.005974250464289785,0.45544554455445546,7.170383676396312,0.24258134482516286,0.5649329898064978,0.7453055421486919,0.24258134482516286,0.7453055421486919,1.023362286174876,43.19669137721275,1.3606692106314557,0.7326821753818212,0.36,18.0,0.956,0.946,"{""C"": 2.938595390848235, ""degree"": 2, ""gamma"": 0.2000014406142224}"
fertility,1,1,rbf,50,50,0.1325973960483849,0.26732673267326734,0.00453006438744037,0.25742574257425743,38.73306864755398,0.053177688299058445,0.14826634189843832,0.22303618878325135,0.053177688299058445,0.22303618878325135,1.0055757389352233,49.85840824946228,0.9965015683143296,0.00987285616142689,1.0,50.0,1.0,1.0,"{""C"": 0.022848734216582033, ""gamma"": 1.4133315785582232}"
fertility,1,1,custom_hermite,50,50,0.07773034395595664,0.38613861386138615,0.00011540045773239772,0.45544554455445546,13.518931839499688,0.1565270319840288,0.38085340200833245,0.5322763053429931,0.1565270319840288,0.5322763053429931,1.0864100595035555,39.199195175229164,0.9870561787550496,0.36181793939017826,0.48,24.0,0.6679999999999999,0.6459999999999999,"{""C"": 26.628805425051315, ""degree"": 5}"
fertility,1,1,custom_gegen,50,50,0.051724467025840465,0.5544554455445545,0.0003070438070783505,0.5148514851485149,7.682440328163943,0.22819753120395533,0.5417851122344427,0.7147613865568148,0.22819753120395533,0.7147613865568148,1.0223083210393564,35.20473151935392,1.148767729487475,0.38309948852265774,0.44,22.0,0.824,0.8620000000000002,"{""C"": 26.628805425051315, ""degree"": 5, ""alpha"": 0.0508271340486709}"
fertility,1,1,custom_alsalam,50,50,0.10310458848861156,0.2871287128712871,6.984951473513212e-05,0.4158415841584158,17.389331163984302,0.14760935491140417,0.3114534079371174,0.4336283302651968,0.14760935491140417,0.4336283302651968,1.1059943433737127,38.845343731709036,0.999966030043781,2.847433111505136e-05,0.24,12.0,0.41600000000000004,0.386,"{""C"": 0.0023707225975465205, ""degree"": 2, ""a"": -1, ""q"": 0.6489451713489395}"
fertility,2,0,linear,50,50,0.037975099908777725,0.6435643564356436,0.01565021549993222,0.6138613861386139,5.799428450599531,0.26925071428223674,0.6297744310980582,0.8526268841354036,0.26925071428223674,0.8526268841354036,0.9770821462285328,8.999303317760573,1.0008022255499238,0.0010969296496972608,0.4,20.0,1.0,1.0,"{""C"": 0.03363582215497147}"
fertility,2,0,poly,50,50,0.03797509990877773,0.6435643564356436,0.0017389128333258023,0.6138613861386139,5.799428450599541,0.26925071428223674,0.6297744310980574,0.8526268841354027,0.26925071428223674,0.8526268841354027,0.9770821462285331,9.992906659270215,1.000827585449673,0.0010580842847170502,0.42,21.0,1.0,1.0,"{""C"": 2.177171708216083, ""degree"": 1, ""gamma"": 1.338848972022524}"
fertility,2,0,rbf,50,50,0.17938579319981549,0.009900990099009901,0.005942482359030498,0.019801980198019802,41.41437056613923,0.04342137950574775,0.125422085870325,0.1968748414919072,0.04342137950574775,0.1968748414919072,0.9991533696218159,48.93963840982696,0.9993767875100836,0.0010468454153434786,0.52,26.0,1.0,1.0,"{""C"": 0.0032185667344636613, ""gamma"": 1.338848972022524}"
fertility,2,0,custom_hermite,50,50,0.09523423338021673,0.12871287128712872,8.166789179042837e-05,0.09900990099009901,9.603383985505838,0.2053610594823895,0.4876964660994024,0.6393307560321135,0.2053610594823895,0.6393307560321135,1.0466015231795365,32.50971646055954,0.9998306625875648,0.06756700691280067,0.42,21.0,0.62,0.648,"{""C"": 8.33704959187178, ""degree"": 2}"
fertility,2,0,custom_gegen,50,50,0.004468370955924261,0.45544554455445546,1.4259078552484733e-28,0.3465346534653465,1.902860315568134,0.6129706160778107,0.9999999304462355,0.9999999602656254,0.6129706160778107,0.9999999602656254,0.5125109706295723,1.0246364128368833e-20,1.0,0.0,0.24,12.0,0.236,0.27399999999999997,"{""C"": 8.33704959187178, ""degree"": 2, ""alpha"": 0.8882594927047314}"
fertility,2,0,custom_alsalam,50,50,0.09770689643523187,0.19801980198019803,1.0404045438633957e-05,0.1188118811881188,10.400333657525035,0.23434967145512936,0.43467347532051015,0.5694925561009156,0.23434967145512936,0.5694925561009156,1.0604692467778347,18.948490505093506,0.9969739793268527,0.013249176217236956,0.62,31.0,0.304,0.30400000000000005,"{""C"": 8.33704959187178, ""degree"": 2, ""a"": -1, ""q"": 0.6887408557038376}"
fertility,2,1,linear,50,50,0.04613818508716639,0.5742574257425742,0.01933588054592464,0.49504950495049505,5.7676841121871405,0.24183669118870646,0.6390969705883913,0.8760253062917029,0.24183669118870646,0.8760253062917029,1.0310420464563383,8.999321208769993,1.0006640401473665,0.0009599114708537033,0.46,23.0,1.0,1.0,"{""C"": 0.06153697466488611}"
fertility,2,1,poly,50,50,0.06607449698360912,0.7029702970297029,0.0693530593154099,0.6534653465346535,13.578411065311403,0.17347620120836946,0.3758504411411522,0.5191086489855437,0.17347620120836946,0.5191086489855437,0.9781238198167745,49.97086766456815,1.0393695393039315,0.25784975037888996,0.4,20.0,0.7559999999999999,0.7040000000000001,"{""C"": 0.06153697466488611, ""degree"": 6, ""gamma"": 0.14603535868429504}"
fertility,2,1,rbf,50,50,0.13934326524743335,0.40594059405940597,0.004402226093343824,0.25742574257425743,46.179557409605714,0.03990805697605724,0.09740218202060669,0.15151637319607847,0.03990805697605724,0.15151637319607847,1.0013571460062025,49.94528290243735,0.9914386714789255,0.0250598151835681,1.0,50.0,1.0,1.0,"{""C"": 0.06153697466488611, ""gamma"": 3.0701827135297988}"
fertility,2,1,custom_hermite,50,50,0.13638291933562616,0.0594059405940594,0.00027481580946885493,0.04950495049504951,15.035081519830817,0.16147268731343864,0.36214408451715513,0.4907228137444307,0.16147268731343864,0.4907228137444307,1.2024539076106475,43.849923097663165,0.9996038194585684,0.0009943598787702066,0.32,16.0,0.56,0.53,"{""C"": 0.06153697466488611, ""degree"": 6}"
fertility,2,1,custom_gegen,50,50,0.10005867767002583,0.504950495049505,0.7588484754621236,0.48514851485148514,24.73958882539015,0.10864525264394584,0.24022771779456312,0.3385611587058965,0.10864525264394584,0.3385611587058965,0.9908174124189032,49.9993070672187,1.0234211312049022,0.609769784155166,0.7,35.0,0.348,0.33199999999999996,"{""C"": 0.06153697466488611, ""degree"": 6, ""alpha"": 0.3120669199142454}"
fertility,2,1,custom_alsalam,50,50,0.11721076052344337,0.6039603960396039,0.08351115773472563,0.5247524752475248,35.00286772454438,0.06995099539254078,0.16115450458818514,0.2419502684635482,0.06995099539254078,0.2419502684635482,1.0016522608876528,49.995623894521984,0.9573463292440155,0.48825877977351917,0.92,46.0,0.7559999999999999,0.644,"{""C"": 0.06153697466488611, ""degree"": 6, ""a"": -1, ""q"": 0.40498772940500527}"
fertility,3,0,linear,50,50,0.09250030314810727,0.07920792079207921,0.037122164459542195,0.06930693069306931,5.800468943082889,0.2616490073074831,0.6409529966159588,0.8529947829833245,0.2616490073074831,0.8529947829833245,1.0333879354116697,8.999289313350872,1.026589455295816,0.03431015351585418,0.34,17.0,1.0,1.0,"{""C"": 0.17386650729013753}"
fertility,3,0,poly,50,50,0.09250030314810727,0.07920792079207921,0.004124684939949132,0.06930693069306931,5.800468943082893,0.26164900730748286,0.6409529966159587,0.8529947829833241,0.26164900730748286,0.8529947829833241,1.03338793541167,9.992539846304565,1.0638344887023552,0.08230175089812404,0.34,17.0,1.0,1.0,"{""C"": 3.7623542301012813, ""degree"": 1, ""gamma"": 0.4812727759397435}"
fertility,3,0,rbf,50,50,0.12785043302805163,0.04950495049504951,0.005514177930683156,0.04950495049504951,14.222953473911161,0.16129081998864495,0.37221335671263656,0.5113998745954546,0.16129081998864495,0.5113998745954546,1.0228175775534607,49.44061174775414,0.9963150896856654,0.13290861619570354,0.54,27.0,1.0,1.0,"{""C"": 0.8806139247857493, ""gamma"": 0.18741982700769566}"
fertility,3,0,custom_hermite,50,50,0.18013699149773035,0.009900990099009901,0.0001596491240496255,0.019801980198019802,12.139173992267565,0.16262977437638979,0.40780632032203923,0.5685416334878408,0.16262977437638979,0.5685416334878408,1.2222306605918751,34.84591234812737,0.9997131177165293,0.004729817296030218,0.54,27.0,0.64,0.616,"{""C"": 0.8806139247857493, ""degree"": 3}"
fertility,3,0,custom_gegen,50,50,0.1472942849455052,0.039603960396039604,1.8542702288442801e-34,0.0594059405940594,5.647821268806401,0.2681108256032977,0.6650882145682648,0.867659900971342,0.2681108256032977,0.867659900971342,2.1655543294463655,7.0009307134237965e-28,1.0,0.0,0.24,12.0,0.20799999999999996,0.23999999999999996,"{""C"": 0.8806139247857493, ""degree"": 3, ""alpha"": 1.3335364679833117}"
fertility,3,0,custom_alsalam,50,50,0.17561342625655843,0.009900990099009901,4.819442927564727e-10,0.019801980198019802,1.8925032741944308,0.7139467685959694,0.8895556211034745,0.9591678919483582,0.7139467685959694,0.9591678919483582,3.8095600483260386,0.0008787494928222756,0.9999994954401084,1.636378266783093e-07,0.24,12.0,0.364,0.34600000000000003,"{""C"": 0.8806139247857493, ""degree"": 3, ""a"": -1, ""q"": 0.9080229842329877}"
fertility,3,1,linear,50,50,0.03215146871154463,0.7722772277227723,0.013274196758804849,0.7227722772277227,5.937033571320413,0.2540438320063034,0.6209788860066461,0.8434011068484601,0.2540438320063034,0.8434011068484601,1.0140542933943901,8.999421800774975,3.4981657413119804,2.702872320307241,0.28,14.0,1.0,1.0,"{""C"": 14.817535301304279}"
fertility,3,1,poly,50,50,0.06496028139555307,0.7326732673267327,0.03472378331301931,0.693069306930693,14.698607604823215,0.14628857829097758,0.3516789525348391,0.5019864330066082,0.14628857829097758,0.5019864330066082,0.9912447265857327,49.93821527016824,1.0266121792557856,0.24876401503635212,0.46,23.0,0.8399999999999999,0.774,"{""C"": 0.11002459129084928, ""degree"": 5, ""gamma"": 1.8730314527590837}"
fertility,3,1,rbf,50,50,0.134680346471471,0.6039603960396039,0.004297706469932055,0.5148514851485149,45.07877036122976,0.0404642867867525,0.10611170515295244,0.16342535462656552,0.0404642867867525,0.16342535462656552,1.0006959446311467,49.931867281141216,0.9715225415256353,0.07787775712562643,0.98,49.0,1.0,1.0,"{""C"": 0.2150434923319284, ""gamma"": 1.5946519260552943}"
fertility,3,1,custom_hermite,50,50,0.07253566227298257,0.5247524752475248,0.00016944563272107356,0.46534653465346537,15.621656751225357,0.1410030213603757,0.34452312892397713,0.4902565293481248,0.1410030213603757,0.4902565293481248,1.0607621235272946,45.74172962096977,0.9992373384325384,0.00421393212665689,0.4,20.0,0.528,0.49599999999999994,"{""C"": 0.2150434923319284, ""degree"": 6}"
fertility,3,1,custom_gegen,50,50,0.006321362143242672,0.46534653465346537,4.568287243581414e-28,0.46534653465346537,2.686322459478807,0.5058581209626332,0.9873534999600676,0.999999923591907,0.5058581209626332,0.999999923591907,0.5211423234377683,2.769254673553451e-20,1.0,0.0,0.24,12.0,0.128,0.204,"{""C"": 0.2150434923319284, ""degree"": 6, ""alpha"": 1.1195800915431864}"
fertility,3,1,custom_alsalam,50,50,0.017658763755544198,0.33663366336633666,6.927444075112256e-10,0.33663366336633666,2.3466307444756755,0.6315451593517558,0.842821440690573,0.9216407416269075,0.6315451593517558,0.9216407416269075,1.0666670309185398,0.013990254709993944,0.9999999673860396,2.5804537497507842e-08,0.24,12.0,0.28,0.30399999999999994,"{""C"": 0.2150434923319284, ""degree"": 6, ""a"": -1, ""q"": 0.802657532518755}"
fertility,4,0,linear,50,50,0.04762134448167268,0.504950495049505,0.02012319341997421,0.36633663366336633,5.533477659070997,0.3019513955715048,0.6467611607098349,0.8533009269327763,0.3019513955715048,0.8533009269327763,1.0493390127265314,8.99930697592112,1.0004895322706517,0.0008637493548865751,0.46,23.0,1.0,1.0,"{""C"": 0.48792751188293904}"
fertility,4,0,poly,50,50,0.08104916076962304,0.3069306930693069,0.028982725320453637,0.2376237623762376,10.813746760551671,0.2066926200633705,0.44125394077453095,0.5909905670792442,0.2066926200633705,0.5909905670792442,1.0383552527472049,49.85213517790283,1.004239876762294,0.021505567468509613,0.4,20.0,0.8839999999999999,0.862,"{""C"": 0.031249836978717596, ""degree"": 4, ""gamma"": 0.4049785577587158}"
fertility,4,0,rbf,50,50,0.14328715056054991,0.1782178217821782,0.004447433790070957,0.1485148514851485,48.01981794261271,0.03004614653301483,0.08484811256203736,0.13153555539102096,0.03004614653301483,0.13153555539102096,1.001207494363435,49.94886507904895,1.0002148479607689,0.6499967606768517,0.96,48.0,1.0,1.0,"{""C"": 49.841133016146046, ""gamma"": 3.104459167293192}"
fertility,4,0,custom_hermite,50,50,0.10762496292182609,0.09900990099009901,0.00012209533698528857,0.10891089108910891,13.782911752016245,0.15634576734155198,0.3722630027096347,0.5258204248645565,0.15634576734155198,0.5258204248645565,1.0831356071196168,40.03010362544461,1.0005412234784132,0.0041682072329261065,0.42,21.0,0.636,0.602,"{""C"": 0.48792751188293904, ""degree"": 4}"
fertility,4,0,custom_gegen,50,50,0.002782973710395419,0.24752475247524752,2.3863680910738066e-29,0.26732673267326734,1.0000020111008798,0.9999989944509975,0.9999994199895538,0.9999997130714481,0.9999989944509975,0.9999997130714481,0.5102329974576871,1.9894404215306887e-21,1.0,0.0,0.24,12.0,0.132,0.22399999999999998,"{""C"": 49.841133016146046, ""degree"": 6, ""alpha"": 1.2830741715906562}"
fertility,4,0,custom_alsalam,50,50,0.14924322997691683,0.0891089108910891,6.430152579165469e-10,0.06930693069306931,2.6674070332074264,0.5875894655903093,0.8009747295210008,0.8962401280475597,0.5875894655903093,0.8962401280475597,1.977221625832707,0.001641929678194758,0.9999312815428867,2.100919113780534e-05,0.24,12.0,0.348,0.314,"{""C"": 49.841133016146046, ""degree"": 6, ""a"": -1, ""q"": 0.8831722051049462}"
fertility,4,1,linear,50,50,0.04326636836501416,0.5841584158415841,0.018318429687464236,0.504950495049505,5.84744906342291,0.26619269070001084,0.6294216329009721,0.8439593975425694,0.26619269070001084,0.8439593975425694,0.9674257875886658,8.999382710392888,1.0380956048620653,0.04457470668729065,0.32,16.0,1.0,1.0,"{""C"": 0.15165348047449687}"
fertility,4,1,poly,50,50,0.05613477999747547,0.8712871287128713,0.05545671952336239,0.8118811881188119,15.54964673783561,0.13622937825650278,0.3409899619554062,0.4797539718336846,0.13622937825650278,0.4797539718336846,0.910669162937524,49.925966966096325,0.998350213982564,0.017449935295979758,0.48,24.0,0.716,0.654,"{""C"": 0.003971334568905206, ""degree"": 6, ""gamma"": 1.0808462166517208}"
fertility,4,1,rbf,50,50,0.04765202955756103,0.6534653465346535,0.0009383918617968634,0.5247524752475248,7.173516055643217,0.23675231761488508,0.5636552424549802,0.7621702351495767,0.23675231761488508,0.7621702351495767,0.9712558741357369,40.47865723906968,1.1528834402035117,0.312869405163552,0.36,18.0,1.0,1.0,"{""C"": 10.832650619569975, ""gamma"": 0.03035963722302737}"
fertility,4,1,custom_hermite,50,50,0.10940994541338642,0.1188118811881188,0.0001293368538177147,0.06930693069306931,11.167687694901074,0.1864968445811224,0.4381425099014186,0.5931046499877547,0.1864968445811224,0.5931046499877547,1.1807935060253565,36.121808629967575,0.9940946225545743,0.03670106460162428,0.48,24.0,0.6040000000000001,0.606,"{""C"": 6.218844124874441, ""degree"": 3}"
fertility,4,1,custom_gegen,50,50,0.0046515063768461755,0.38613861386138615,1.5887966478839927e-28,0.31683168316831684,2.2759950201321457,0.5820585322362489,0.9999999117657248,0.9999999450307561,0.5820585322362489,0.9999999450307561,0.5155402729463587,1.1981158242831228e-20,1.0,0.0,0.24,12.0,0.2,0.254,"{""C"": 6.218844124874441, ""degree"": 3, ""alpha"": 1.1158244250374176}"
fertility,4,1,custom_alsalam,50,50,0.021585332565353617,0.31683168316831684,7.718116841398667e-10,0.26732673267326734,2.05517741728824,0.6799421307158559,0.8700709468131052,0.9303456485567955,0.6799421307158559,0.9303456485567955,1.3673671544664958,0.011905928269746352,0.9999975742028729,9.04032733478348e-07,0.24,12.0,0.344,0.342,"{""C"": 6.218844124874441, ""degree"": 3, ""a"": -1, ""q"": 0.8008080083098841}"
cervical,0,0,linear,36,36,0.317105844278034,0.009900990099009901,0.4760752263296722,0.009900990099009901,5.442190432208834,0.3236601428393039,0.6502512497880328,0.7805008929563039,0.3236601428393039,0.7805008929563039,1.132597573307006,18.993796030586896,2.032056392336019,1.9472652327563482,0.3611111111111111,13.0,1.0,1.0,"{""C"": 17.76156706365504}"
cervical,0,0,poly,36,36,0.31710584427803395,0.009900990099009901,0.025056590859456426,0.009900990099009901,5.442190432208839,0.3236601428393038,0.6502512497880324,0.7805008929563033,0.3236601428393038,0.7805008929563033,1.1325975733070057,19.83639290952326,2.0320551309262966,1.9472640814940858,0.3611111111111111,13.0,1.0,1.0,"{""C"": 17.76156706365504, ""degree"": 1, ""gamma"": 0.03753431373907984}"
cervical,0,0,rbf,36,36,0.3168852442297084,0.009900990099009901,0.018899015262457155,0.009900990099009901,7.954682661976124,0.25621610202514905,0.5275788469628202,0.6496361861661661,0.25621610202514905,0.6496361861661661,1.1050943076626327,35.412528727925675,1.3074951875909844,1.157087330714459,0.4444444444444444,16.0,1.0,1.0,"{""C"": 17.76156706365504, ""gamma"": 0.03185931774358952}"
cervical,0,0,custom_hermite,36,36,0.0306375070757315,0.5544554455445545,3.0391215638246667e-05,0.5742574257425742,2.331877730304534,0.6234570835619357,0.8961958940232705,0.9365086609130142,0.6234570835619357,0.9365086609130142,1.0340456054245577,9.236723271398489,0.9962983639221249,0.008903980188441858,0.6111111111111112,22.0,0.41666666666666663,0.4000000000000001,"{""C"": 17.76156706365504, ""degree"": 1}"
cervical,0,0,custom_gegen,36,36,0.27774378542424183,0.009900990099009901,0.0914378514438485,0.009900990099009901,9.23002310582011,0.23411554957776795,0.4861296148313904,0.6010741201540377,0.23411554957776795,0.6010741201540377,1.0559966651281427,35.91731892233018,1.1774809335659766,1.0375668430643898,0.4722222222222222,17.0,0.7611111111111113,0.8055555555555556,"{""C"": 17.76156706365504, ""degree"": 1, ""alpha"": -0.17549196342974765}"
cervical,0,0,custom_alsalam,36,36,0.05304810703910004,0.5742574257425742,68.67731454087381,0.693069306930693,5.4327103376404215,0.33705007234413903,0.6573197382660331,0.7904417911539543,0.33705007234413903,0.7904417911539543,0.8490870661901905,35.99981189532412,1.181847434439198,1.077222736942415,0.7222222222222222,26.0,0.3222222222222222,0.44999999999999996,"{""C"": 17.76156706365504, ""degree"": 1, ""a"": -1, ""q"": 0.1648833546928881}"
cervical,0,1,linear,36,36,0.37454083934230337,0.009900990099009901,0.6397434321236496,0.009900990099009901,4.398522535062125,0.3655972086513371,0.7219666672605435,0.821182806029471,0.3655972086513371,0.821182806029471,1.2076185641622132,18.990867884346734,2.635544606291005,2.86182141448574,0.3055555555555556,11.0,1.0,1.0,"{""C"": 3.645594039981765}"
cervical,0,1,poly,36,36,0.36755071270488054,0.009900990099009901,0.07921576153425683,0.009900990099009901,5.5412740455431075,0.3181778893723514,0.6427978425429899,0.7401750351556307,0.3181778893723514,0.7401750351556307,1.1755281128951987,35.528555180884645,1.521188866151502,1.4817870951461198,0.4722222222222222,17.0,0.9277777777777777,0.9638888888888888,"{""C"": 3.645594039981765, ""degree"": 2, ""gamma"": 0.01773299037304748}"
cervical,0,1,rbf,36,36,0.3498437519999993,0.009900990099009901,0.03143037623003351,0.009900990099009901,10.241821018374294,0.2039614880114588,0.47113411422080115,0.5689807067574785,0.2039614880114588,0.5689807067574785,1.120169254825509,35.801062010044625,1.1203299724971396,1.0251561174564727,0.6666666666666666,24.0,1.0,1.0,"{""C"": 3.645594039981765, ""gamma"": 0.0813806418859647}"
cervical,0,1,custom_hermite,36,36,0.09377593767444424,0.15841584158415842,1.741600054059874e-05,0.13861386138613863,5.610416301021397,0.3381220891761581,0.6486227404301665,0.785113126932228,0.3381220891761581,0.785113126932228,0.9493677232080009,8.710788920199574,0.9942062437209975,0.019501858733499782,0.7777777777777778,28.0,0.4277777777777778,0.4555555555555556,"{""C"": 3.645594039981765, ""degree"": 2}"
cervical,0,1,custom_gegen,36,36,0.1238464981231307,0.0891089108910891,20.60064467668318,0.10891089108910891,8.254289458806051,0.28494632000711145,0.488452625192344,0.6013143261864988,0.28494632000711145,0.6013143261864988,0.9637499930499928,35.99978274562086,1.1963188716217532,1.1625419586158119,0.6944444444444444,25.0,0.4111111111111111,0.49166666666666664,"{""C"": 0.5409254525674143, ""degree"": 1, ""alpha"": 0.4184879306867847}"
cervical,0,1,custom_alsalam,36,36,0.1734182247484321,0.10891089108910891,2245.2120696429015,0.1485148514851485,31.453112136694987,0.06028347390015656,0.15118200223284556,0.22864723484056682,0.06028347390015656,0.22864723484056682,0.9946247603390763,35.999999772927076,0.9999923323360882,0.9212763871776067,1.0,36.0,0.2944444444444444,0.42500000000000004,"{""C"": 0.01682097845995638, ""degree"": 6, ""a"": -1, ""q"": 0.1126601464499084}"
cervical,1,0,linear,36,36,0.4589658995189015,0.009900990099009901,0.7317592680076144,0.009900990099009901,5.234449830460032,0.33639884107889834,0.6702842325237968,0.7812943962579688,0.33639884107889834,0.7812943962579688,1.214706037193843,18.992900015566608,1.402094182592428,1.3067264861570966,0.5277777777777778,19.0,1.0,1.0,"{""C"": 0.15524839350315117}"
cervical,1,0,poly,36,36,0.4191892370289404,0.009900990099009901,0.15675953316579813,0.009900990099009901,8.043843608275425,0.2570518332923331,0.5301883235769553,0.6474214436161926,0.2570518332923331,0.6474214436161926,1.1302203029380835,35.915628351632314,1.6232066932154483,1.518796168326423,0.3888888888888889,14.0,0.8833333333333334,0.9027777777777778,"{""C"": 21.51547843105738, ""degree"": 3, ""gamma"": 0.016677513941932124}"
cervical,1,0,rbf,36,36,0.4507677336292258,0.009900990099009901,0.024228477155823096,0.009900990099009901,7.201269415357421,0.2767540602919737,0.5648826728363201,0.6719640569097854,0.2767540602919737,0.6719640569097854,1.1739924947942217,35.22025187137374,1.1773758517400017,1.0254344163956244,0.5555555555555556,20.0,1.0,1.0,"{""C"": 3.3687042521176567, ""gamma"": 0.025008977075615956}"
cervical,1,0,custom_hermite,36,36,0.04659103795067447,0.2871287128712871,6.522195623009424e-05,0.26732673267326734,2.602716946291083,0.6024755717911697,0.7731420269815569,0.862747878276283,0.6024755717911697,0.862747878276283,0.9617712144879732,14.374939727213812,0.962299845033541,0.18539885265339753,0.7222222222222222,26.0,0.34444444444444444,0.3472222222222222,"{""C"": 21.51547843105738, ""degree"": 3}"
cervical,1,0,custom_gegen,36,36,0.1503454563548299,0.039603960396039604,2.653072221028002,0.06930693069306931,10.009395252867701,0.21572463940574632,0.47275424272589284,0.6034130989165141,0.21572463940574632,0.6034130989165141,0.9347820557023855,35.99870107660345,1.3011774105994396,1.2623399175898813,0.6111111111111112,22.0,0.4722222222222221,0.538888888888889,"{""C"": 4.207230636589575, ""degree"": 1, ""alpha"": -0.34245025318367756}"
cervical,1,0,custom_alsalam,36,36,0.06290792639763174,0.46534653465346537,132.41167688929636,0.5544554455445545,5.976827231486794,0.2800873901581047,0.6500140480522203,0.7609653158043808,0.2800873901581047,0.7609653158043808,0.8424862678663954,35.99991725715001,1.5610402033664983,1.8557472596072215,0.6944444444444444,25.0,0.35,0.44166666666666665,"{""C"": 4.207230636589575, ""degree"": 1, ""a"": -1, ""q"": 0.08266268938693265}"
cervical,1,1,linear,36,36,0.2594183186476144,0.009900990099009901,0.4192309884630578,0.009900990099009901,4.4445592389696245,0.37118861627635724,0.723070162700213,0.8199799281004121,0.37118861627635724,0.8199799281004121,1.1304540109023837,18.991973770053445,2.1297315883380197,2.03580832417397,0.3333333333333333,12.0,1.0,1.0,"{""C"": 2.2054981411146404}"
cervical,1,1,poly,36,36,0.25941831864761444,0.009900990099009901,0.022064788866476726,0.009900990099009901,4.44455923896963,0.3711886162763568,0.7230701627002126,0.8199799281004119,0.3711886162763568,0.8199799281004119,1.130454010902384,19.798262716361773,2.1297756969038906,2.035822566683068,0.3333333333333333,12.0,1.0,1.0,"{""C"": 23.42653289511659, ""degree"": 1, ""gamma"": 2.096838163669969}"
cervical,1,1,rbf,36,36,0.2647643393090073,0.009900990099009901,0.01975867781774149,0.009900990099009901,7.369259366741013,0.27509757412873925,0.5566616401877948,0.6623449715477635,0.27509757412873925,0.6623449715477635,1.1020548800052836,35.572798085278905,1.1260272466971808,1.0535077569480418,0.6111111111111112,22.0,1.0,1.0,"{""C"": 2.2054981411146404, ""gamma"": 0.04484616727902187}"
cervical,1,1,custom_hermite,36,36,0.025051682908979123,0.6039603960396039,4.0675001569904653e-05,0.6435643564356436,1.7439661791267302,0.7401610336495319,0.9242910106337103,0.9538462853813116,0.7401610336495319,0.9538462853813116,1.0876225316076678,9.043742739139665,0.9985345557310209,0.003418612883080034,0.7777777777777778,28.0,0.46111111111111114,0.45833333333333326,"{""C"": 2.2054981411146404, ""degree"": 2}"
cervical,1,1,custom_gegen,36,36,0.20259443043601816,0.009900990099009901,0.25928622968009213,0.009900990099009901,14.55241249990478,0.15950854014154262,0.3678574955706924,0.48705760762808836,0.15950854014154262,0.48705760762808836,1.0234794757230428,35.992466861499,1.0640662872608144,0.9735755972822707,0.7222222222222222,26.0,0.5277777777777778,0.6027777777777777,"{""C"": 2.2054981411146404, ""degree"": 2, ""alpha"": 0.2021681408410252}"
cervical,1,1,custom_alsalam,36,36,0.15318521168037758,0.2376237623762376,16.994148436290903,0.297029702970297,25.82978504755435,0.0878979001511821,0.20636037151579292,0.3070093810377387,0.0878979001511821,0.3070093810377387,0.9915969029210411,35.99996291425848,1.0000444299388382,0.9213329285021398,1.0,36.0,0.3,0.4083333333333334,"{""C"": 2.2054981411146404, ""degree"": 2, ""a"": -1, ""q"": 0.35086672262522844}"
cervical,2,0,linear,36,36,0.4022060753007144,0.009900990099009901,0.5921881016924373,0.009900990099009901,5.554554170278198,0.2962385733753896,0.6472697259532747,0.7723778289838732,0.2962385733753896,0.7723778289838732,1.1889893784210301,18.993890766505768,2.547709886568162,2.4796344170035303,0.2777777777777778,10.0,1.0,1.0,"{""C"": 78.40605006985449}"
cervical,2,0,poly,36,36,0.27275965866936025,0.009900990099009901,0.538877828402264,0.009900990099009901,10.149478612223696,0.22054940464503828,0.46233850401716325,0.5714365015301236,0.22054940464503828,0.5714365015301236,1.049484498817263,35.98992105636678,1.1658832295073474,1.0455179011096096,0.5555555555555556,20.0,0.6555555555555557,0.7194444444444444,"{""C"": 78.40605006985449, ""degree"": 6, ""gamma"": 0.05230724482279394}"
cervical,2,0,rbf,36,36,0.3785886994910547,0.009900990099009901,0.027973958086119563,0.009900990099009901,9.896508162171086,0.20415527846095124,0.4725298888886765,0.583938187043255,0.20415527846095124,0.583938187043255,1.1270653820669554,35.71389300062459,1.417457530267674,1.275737998754973,0.4444444444444444,16.0,1.0,1.0,"{""C"": 63.59856248875777, ""gamma"": 0.05230724482279394}"
cervical,2,0,custom_hermite,36,36,0.025661365369750718,0.7425742574257426,5.538865505317362e-05,0.7623762376237624,2.2902848090693206,0.6268156045984326,0.9117210877306509,0.9471967145588591,0.6268156045984326,0.9471967145588591,0.9700314308094509,11.284390594650127,1.000008746690578,0.0004272530071583983,0.5833333333333334,21.0,0.3777777777777778,0.3861111111111112,"{""C"": 0.31981518825969446, ""degree"": 2}"
cervical,2,0,custom_gegen,36,36,0.37610587991050065,0.009900990099009901,0.009044122547657752,0.009900990099009901,10.846342432181933,0.19348820456390828,0.46043860076590704,0.5675059990528463,0.19348820456390828,0.5675059990528463,1.1086509025143485,35.418828097405104,1.3504441076752778,1.2315570387513903,0.3888888888888889,14.0,0.8000000000000002,0.8666666666666666,"{""C"": 78.40605006985449, ""degree"": 6, ""alpha"": -0.056390295431534676}"
cervical,2,0,custom_alsalam,36,36,0.15260267459074023,0.44554455445544555,458.57656622130065,0.3465346534653465,28.35836183786332,0.07342436298232034,0.1790667025354515,0.2670572646976469,0.07342436298232034,0.2670572646976469,0.9738748723087668,35.999998766548345,0.9999963641322105,0.8958023861071275,1.0,36.0,0.2555555555555556,0.42500000000000004,"{""C"": 78.40605006985449, ""degree"": 6, ""a"": -1, ""q"": 0.2235364374256764}"
cervical,2,1,linear,36,36,0.3199850105286148,0.009900990099009901,0.5443386243386245,0.009900990099009901,4.373168466149014,0.3642044197006704,0.7321095026909319,0.824487857776954,0.3642044197006704,0.824487857776954,1.155678381224386,18.989589016009774,2.213167922054945,2.3450357925575225,0.3333333333333333,12.0,1.0,1.0,"{""C"": 2.4687560248019227}"
cervical,2,1,poly,36,36,0.31998501052861467,0.009900990099009901,0.02864940128098022,0.009900990099009901,4.373168466149021,0.3642044197006704,0.7321095026909314,0.8244878577769537,0.3642044197006704,0.8244878577769537,1.155678381224386,19.780783157735396,1.3361311820976862,1.3017205422257039,0.5,18.0,1.0,1.0,"{""C"": 2.4687560248019227, ""degree"": 1, ""gamma"": 3.6263268430080973}"
cervical,2,1,rbf,36,36,0.25882154445530065,0.009900990099009901,0.022312265768909573,0.009900990099009901,18.72937298450588,0.12251595588924676,0.3102925806899138,0.4120758652273985,0.12251595588924676,0.4120758652273985,1.0470742298153863,35.92334255033961,0.9976990634696572,0.003615980955190436,0.8333333333333334,30.0,1.0,1.0,"{""C"": 0.0033752205374662225, ""gamma"": 0.1977472753166299}"
cervical,2,1,custom_hermite,36,36,0.1268067594375066,0.0594059405940594,3.219981690533472e-05,0.07920792079207921,7.263434173306907,0.24548041784089686,0.5773357672297443,0.7528940692744573,0.24548041784089686,0.7528940692744573,1.078544041077875,11.666271893194018,0.9999118326466271,5.626486516130817e-05,0.6111111111111112,22.0,0.4055555555555556,0.40555555555555556,"{""C"": 0.0033752205374662225, ""degree"": 3}"
cervical,2,1,custom_gegen,36,36,0.010989010989010969,1.0,5.647910689499883e-19,1.0,1.000000000000001,0.9999999999999994,0.9999999999999998,1.0,0.9999999999999994,1.0,0.5692307702648626,4.483311505304914e-12,0.9999999999922786,3.3556980546422374e-12,0.6111111111111112,22.0,0.14444444444444446,0.25277777777777777,"{""C"": 0.0033752205374662225, ""degree"": 3, ""alpha"": 0.5553741501046834}"
cervical,2,1,custom_alsalam,36,36,0.17042079916971167,0.0891089108910891,0.045363389353481914,0.0891089108910891,26.72324574234948,0.0693271698737034,0.1931205671006611,0.2991268681711091,0.0693271698737034,0.2991268681711091,1.0284632376831138,35.98477487601513,0.9939993562365187,0.011096985706505703,1.0,36.0,0.13888888888888892,0.2361111111111111,"{""C"": 0.0033752205374662225, ""degree"": 3, ""a"": -1, ""q"": 0.5248073704033114}"
cervical,3,0,linear,36,36,0.3971919713414879,0.009900990099009901,0.6631373944753943,0.009900990099009901,5.023115272819918,0.3302176161072534,0.6788489915071517,0.7812576391220857,0.3302176161072534,0.7812576391220857,1.1717583175981225,18.99338299476326,2.0540874339752064,2.0419237193164745,0.3055555555555556,11.0,1.0,1.0,"{""C"": 17.7919655147724}"
cervical,3,0,poly,36,36,0.3923465380405944,0.009900990099009901,0.08295179299966102,0.009900990099009901,6.280123210201698,0.28875840440414974,0.6043089341831909,0.702024545006463,0.28875840440414974,0.702024545006463,1.1444854725206883,35.69276361986972,1.873978636533521,1.8194644033373195,0.3333333333333333,12.0,0.9388888888888888,0.9249999999999999,"{""C"": 17.7919655147724, ""degree"": 2, ""gamma"": 0.024020322251113727}"
cervical,3,0,rbf,36,36,0.38178738787512184,0.009900990099009901,0.0321216732204867,0.009900990099009901,10.082311135602398,0.21086195801915258,0.4636941908573308,0.5690254988100821,0.21086195801915258,0.5690254988100821,1.1082920233251454,35.79709104678783,1.3413422666752346,1.222636609485341,0.4722222222222222,17.0,1.0,1.0,"{""C"": 17.7919655147724, ""gamma"": 0.0610458268725191}"
cervical,3,0,custom_hermite,36,36,0.02365161588744882,0.504950495049505,3.267343608830236e-05,0.45544554455445546,1.649281567381919,0.7743015898796899,0.8663708843446482,0.9231346799102457,0.7743015898796899,0.9231346799102457,0.9052425842556068,9.918942925578559,0.9762927713248044,0.09211749149599459,0.6666666666666666,24.0,0.4222222222222223,0.44166666666666665,"{""C"": 17.7919655147724, ""degree"": 2}"
cervical,3,0,custom_gegen,36,36,0.15856560003592884,0.0297029702970297,4.3731645370497185,0.0297029702970297,10.74219332548523,0.20315812172339803,0.4453780541454637,0.5511776668554825,0.20315812172339803,0.5511776668554825,0.9836277558430263,35.999192181728745,1.4050694712598444,1.3723689091137634,0.5555555555555556,20.0,0.4166666666666667,0.43333333333333335,"{""C"": 30.582820091332902, ""degree"": 1, ""alpha"": -0.35980277705202857}"
cervical,3,0,custom_alsalam,36,36,0.15128968702380885,0.40594059405940597,1626.2205292969875,0.38613861386138615,27.33372588303547,0.0780923370853269,0.1912385422171781,0.28782270883686367,0.0780923370853269,0.28782270883686367,0.9735294491496405,35.99999963179654,1.0000021705659683,0.8958088777896525,1.0,36.0,0.19444444444444448,0.3361111111111111,"{""C"": 17.7919655147724, ""degree"": 2, ""a"": -1, ""q"": 0.0859989162422428}"
cervical,3,1,linear,36,36,0.32268965711497577,0.009900990099009901,0.4761340318020213,0.009900990099009901,4.833160580199852,0.32823919813057034,0.7068440944085509,0.8043274675997991,0.32823919813057034,0.8043274675997991,1.1555286630551125,18.991370552189498,1.934337697877828,1.9884186565637947,0.3055555555555556,11.0,1.0,1.0,"{""C"": 6.456968960681857}"
cervical,3,1,poly,36,36,0.2286896875381264,0.009900990099009901,0.4357249470482993,0.009900990099009901,9.529132958882817,0.21190350692934407,0.48266141265497237,0.5982731942888232,0.21190350692934407,0.5982731942888232,1.0271750831909057,35.98843726234143,1.1155777291500475,1.0165892319358198,0.5277777777777778,19.0,0.7000000000000002,0.7666666666666667,"{""C"": 0.5142028834746957, ""degree"": 6, ""gamma"": 0.9919610471127533}"
cervical,3,1,rbf,36,36,0.23237046526087357,0.009900990099009901,0.0181281481711591,0.009900990099009901,24.934158998832714,0.10492653496875029,0.2274972961597637,0.31338622613890554,0.10492653496875029,0.31338622613890554,1.0332138878609545,35.94907585590139,1.0000269496667917,0.9213139470307261,1.0,36.0,1.0,1.0,"{""C"": 6.456968960681857, ""gamma"": 0.3159603022234616}"
cervical,3,1,custom_hermite,36,36,0.050401263617591625,0.2079207920792079,2.9413075084853578e-05,0.15841584158415842,2.3615406905830456,0.6053990785620335,0.8775463913371259,0.9268914328278779,0.6053990785620335,0.9268914328278779,1.1377650749242152,7.994202365080083,1.0000067700096638,1.5065332286714388e-05,0.6111111111111112,22.0,0.4166666666666667,0.39444444444444443,"{""C"": 0.014061732087486874, ""degree"": 1}"
cervical,3,1,custom_gegen,36,36,0.2275307075785776,0.009900990099009901,0.30611772337299004,0.009900990099009901,16.168937395909225,0.14521150405457678,0.341006642729013,0.4452599701882434,0.14521150405457678,0.4452599701882434,1.0038930546546334,35.9946829537908,1.004638928163925,0.9133565711436114,0.8055555555555556,29.0,0.6166666666666667,0.7166666666666666,"{""C"": 0.17517985747273476, ""degree"": 6, ""alpha"": -0.2261321157115015}"
cervical,3,1,custom_alsalam,36,36,0.048392284516499406,0.40594059405940597,2.7233156548510406e-08,0.31683168316831684,1.9452614450405665,0.5873947711848828,0.9997193094242917,0.9999617897906186,0.5873947711848828,0.9999617897906186,1.3248690677937163,0.06631591614179397,0.9999984676002099,5.333011258938588e-07,0.6111111111111112,22.0,0.3388888888888889,0.32499999999999996,"{""C"": 0.014061732087486874, ""degree"": 1, ""a"": -1, ""q"": 0.7567656249476166}"
cervical,4,0,linear,36,36,0.4235635129642355,0.009900990099009901,0.6771685432860844,0.009900990099009901,5.089250074514539,0.33487331246234503,0.6864357236094831,0.8161606664626817,0.33487331246234503,0.8161606664626817,1.2121155622904558,18.992232159461338,1.2656057810878345,1.1619184284267743,0.5277777777777778,19.0,1.0,1.0,"{""C"": 0.07609951696558834}"
cervical,4,0,poly,36,36,0.4083055563124781,0.009900990099009901,0.08212225302985826,0.009900990099009901,6.365101430935642,0.28775465979419523,0.6081736898268162,0.731920347410028,0.28775465979419523,0.731920347410028,1.173348422452163,35.63450853375004,1.6571414299638314,1.5866868029043386,0.3333333333333333,12.0,0.9388888888888888,0.9388888888888888,"{""C"": 72.53232611874147, ""degree"": 2, ""gamma"": 2.03742006790792}"
cervical,4,0,rbf,36,36,0.39187060629300147,0.009900990099009901,0.03326046294537721,0.009900990099009901,10.186896710294572,0.2016295602411942,0.4626178319767754,0.5821387331277305,0.2016295602411942,0.5821387331277305,1.1247032254517637,35.78647523665165,1.1683907206459865,1.036991742176303,0.5,18.0,1.0,1.0,"{""C"": 72.53232611874147, ""gamma"": 0.06608474733731061}"
cervical,4,0,custom_hermite,36,36,0.024792717038101545,0.8217821782178217,5.321204365331434e-05,0.8316831683168316,2.314125834999581,0.6234192674906585,0.9071936901204244,0.9483134435506521,0.6234192674906585,0.9483134435506521,0.9373097897945951,11.110223377555604,0.9507195287003982,0.120860175902864,0.7222222222222222,26.0,0.4166666666666667,0.41944444444444445,"{""C"": 72.53232611874147, ""degree"": 2}"
cervical,4,0,custom_gegen,36,36,0.21855657039074847,0.019801980198019802,0.7895664284208437,0.009900990099009901,10.49703793665028,0.21964243772631564,0.4551810238595361,0.5689971669387778,0.21964243772631564,0.5689971669387778,1.0177619911313518,35.99370666582559,1.176782720770425,1.0760259675201709,0.5833333333333334,21.0,0.577777777777778,0.6361111111111112,"{""C"": 0.3778562667212264, ""degree"": 1, ""alpha"": 0.28303749769861963}"
cervical,4,0,custom_alsalam,36,36,0.15771207370167753,0.07920792079207921,0.995495963758893,0.0891089108910891,15.19271327069007,0.17023458345849482,0.35405355054648807,0.4564017868033234,0.17023458345849482,0.4564017868033234,0.988451262166387,35.99834506837447,1.0424821769374157,0.9326162434343057,0.8888888888888888,32.0,0.4055555555555556,0.48888888888888893,"{""C"": 0.3778562667212264, ""degree"": 1, ""a"": -1, ""q"": 0.3906918330375112}"
cervical,4,1,linear,36,36,0.3221115451021152,0.009900990099009901,0.5242736104501242,0.009900990099009901,4.476480571058298,0.3448489863430838,0.7089371528547231,0.8004637573890648,0.3448489863430838,0.8004637573890648,1.1544142773258044,18.99261702180132,1.532013028257925,1.4303675704398982,0.4166666666666667,15.0,1.0,1.0,"{""C"": 0.26992696697805585}"
cervical,4,1,poly,36,36,0.2631001297457701,0.009900990099009901,0.5339628782835086,0.009900990099009901,9.46715003935319,0.21535860524263536,0.5041224837422056,0.5962257973862696,0.21535860524263536,0.5962257973862696,1.0443892736591576,35.9916398336983,1.2707204847257552,1.1747978034557303,0.5555555555555556,20.0,0.711111111111111,0.7749999999999999,"{""C"": 14.926040810876021, ""degree"": 6, ""gamma"": 0.2908798228062843}"
cervical,4,1,rbf,36,36,0.24513192945307,0.009900990099009901,0.0190721021229858,0.009900990099009901,25.34441034989442,0.0917661060481188,0.23403480519166647,0.31306784073360194,0.0917661060481188,0.31306784073360194,1.0346342145035778,35.95046919131469,1.0014459184772422,0.9222825231508184,0.9444444444444444,34.0,1.0,1.0,"{""C"": 85.35895419659475, ""gamma"": 0.2908798228062843}"
cervical,4,1,custom_hermite,36,36,0.14771990233358745,0.0297029702970297,4.015599331606655e-05,0.0297029702970297,6.961006148923377,0.2727093981495249,0.5710538711275448,0.7587368032516899,0.2727093981495249,0.7587368032516899,1.202460416384255,11.75543570191297,1.0000375559470076,3.106945789559584e-05,0.6111111111111112,22.0,0.4444444444444444,0.4166666666666667,"{""C"": 0.002047852838545507, ""degree"": 3}"
cervical,4,1,custom_gegen,36,36,0.23556181742558419,0.009900990099009901,0.5691935546484823,0.009900990099009901,16.87923087192399,0.14394251890275112,0.34306768308086477,0.4330796292502883,0.14394251890275112,0.4330796292502883,1.0036097882110795,35.997394703400474,1.0189754501503214,0.93511818787581,0.8055555555555556,29.0,0.5666666666666668,0.6305555555555556,"{""C"": 2.774747247277861, ""degree"": 4, ""alpha"": -0.2504432980940542}"
cervical,4,1,custom_alsalam,36,36,0.054464360671856574,0.32673267326732675,3.338304810227438e-09,0.27722772277227725,3.202220582105737,0.5022573157499574,0.7926948785407817,0.9677045477353964,0.5022573157499574,0.9677045477353964,1.2031824095107242,0.009555354907392063,1.000000073265025,1.7185473135047876e-07,0.6111111111111112,22.0,0.25,0.28611111111111115,"{""C"": 0.002047852838545507, ""degree"": 3, ""a"": -1, ""q"": 0.7379389065329824}"
mines,0,0,linear,169,169,0.11579708343189465,0.009900990099009901,0.03079767663080509,0.009900990099009901,2.6296480172635817,0.42541836105823166,0.9999999999999996,0.9999999999999997,0.42541836105823166,0.9999999999999997,1.088358130710553,2.999953302205718,,,,,1.0,1.0,"{""C"": 7.261032032030061}"
mines,0,0,poly,169,169,0.1087582117310725,0.009900990099009901,0.05662982134925394,0.009900990099009901,5.15745782488599,0.29645126901321106,0.6946508027679278,0.8470834853268291,0.29645126901321106,0.8470834853268291,1.052329719161558,34.055582679484594,,,,,0.893491124260355,0.8798816568047336,"{""C"": 7.261032032030061, ""degree"": 4, ""gamma"": 0.10652742190902889}"
mines,0,0,rbf,169,169,0.12002190998730963,0.009900990099009901,0.010412885327182899,0.009900990099009901,5.206918617073221,0.2976005879101309,0.6977095059473681,0.8381366080353051,0.2976005879101309,0.8381366080353051,1.061861758761105,46.891130648365504,,,,,1.0,1.0,"{""C"": 2.8151284407617534, ""gamma"": 0.40085095241010577}"
mines,0,0,custom_hermite,169,169,0.11583738228475056,0.009900990099009901,0.0035986904616716626,0.009900990099009901,4.642838185927283,0.2990223023935025,0.7695196318500497,0.9194025822881696,0.2990223023935025,0.9194025822881696,1.063929346916621,29.644329500365586,,,,,0.8177514792899407,0.8284023668639053,"{""C"": 2.8151284407617534, ""degree"": 4}"
mines,0,0,custom_gegen,169,169,0.12288662323098001,0.009900990099009901,0.006624851634533351,0.009900990099009901,8.314561637429625,0.21171076191903213,0.5208488650702766,0.6847978636722506,0.21171076191903213,0.6847978636722506,1.0429000283451204,68.01524167452699,,,,,0.7585798816568047,0.7680473372781066,"{""C"": 7.261032032030061, ""degree"": 4, ""alpha"": 0.19886256824976367}"
mines,0,0,custom_alsalam,169,169,0.11943267096259813,0.009900990099009901,0.03511609361882628,0.009900990099009901,8.299453072313666,0.22433155570880162,0.5265315091665956,0.6831427659981397,0.22433155570880162,0.6831427659981397,1.0446378131199907,56.414501795631054,,,,,0.9100591715976332,0.9017751479289942,"{""C"": 3.114781272100777, ""degree"": 3, ""a"": -1, ""q"": 0.34026621419392256}"
mines,0,1,linear,169,169,0.12473112714676293,0.009900990099009901,0.034036684954549194,0.009900990099009901,2.629608398412459,0.46096528088305616,0.9999999999999997,0.9999999999999998,0.46096528088305616,0.9999999999999998,1.096519586429855,2.999954464581009,,,,,1.0,0.9994082840236687,"{""C"": 33.109173048073394}"
mines,0,1,poly,169,169,0.09747396706230392,0.009900990099009901,0.12889201317215407,0.009900990099009901,6.164703243267555,0.2780702393517503,0.6265590271548361,0.7920659213877981,0.2780702393517503,0.7920659213877981,1.041586447012604,60.920060156141865,,,,,0.8579881656804734,0.8118343195266271,"{""C"": 25.185638506253607, ""degree"": 6, ""gamma"": 1.6229542020702452}"
mines,0,1,rbf,169,169,0.1250843952843993,0.009900990099009901,0.0022362707510241637,0.009900990099009901,2.8438384112349953,0.44205813312390607,0.9636221431277032,0.9850952018645345,0.44205813312390607,0.9850952018645345,1.0927607840974036,13.626569635125975,,,,,1.0,0.9994082840236687,"{""C"": 33.109173048073394, ""gamma"": 0.03622358178364437}"
mines,0,1,custom_hermite,169,169,0.1169802951237236,0.009900990099009901,0.002271975394304696,0.009900990099009901,3.9732675617679645,0.31382297190022235,0.8381508018091378,0.9832334944481663,0.31382297190022235,0.9832334944481663,1.0714064897469067,7.873337962529199,,,,,0.8130177514792898,0.7816568047337279,"{""C"": 33.109173048073394, ""degree"": 1}"
mines,0,1,custom_gegen,169,169,0.03402774843604715,0.06930693069306931,0.001171870257162345,0.0891089108910891,2.289781608029304,0.6414049582561028,0.8499292859658438,0.9189510523191616,0.6414049582561028,0.9189510523191616,1.0249101610315,40.12570832877796,,,,,0.6307692307692307,0.6005917159763313,"{""C"": 25.185638506253607, ""degree"": 6, ""alpha"": 1.1762822944484337}"
mines,0,1,custom_alsalam,169,169,0.1150705670164855,0.009900990099009901,0.007665307258771807,0.009900990099009901,4.309216057613441,0.3339633361965392,0.7820726798468858,0.9398159677925985,0.3339633361965392,0.9398159677925985,1.0677601100115248,7.995147492251533,,,,,0.8863905325443787,0.8568047337278107,"{""C"": 33.109173048073394, ""degree"": 1, ""a"": -1, ""q"": 0.5812134785943066}"
mines,1,0,linear,169,169,0.1319988842914542,0.009900990099009901,0.03692065594135233,0.009900990099009901,2.5754088507295694,0.444160200343016,0.9999999999999996,0.9999999999999998,0.444160200343016,0.9999999999999998,1.1010619687593974,2.9999536785057757,,,,,0.9976331360946745,0.9988165680473373,"{""C"": 57.479262141625554}"
mines,1,0,poly,169,169,0.12661044399505297,0.009900990099009901,0.06862677033588846,0.009900990099009901,5.186022383397124,0.29598520824508484,0.6945817947492889,0.846398516026524,0.29598520824508484,0.846398516026524,1.060845192627601,33.74072348494139,,,,,0.8958579881656803,0.8633136094674556,"{""C"": 57.479262141625554, ""degree"": 4, ""gamma"": 0.2990401736613158}"
mines,1,0,rbf,169,169,0.1198513227997381,0.009900990099009901,0.011440921803133254,0.009900990099009901,10.960534169615494,0.1760584976928861,0.44623513402495196,0.5995874572414797,0.1760584976928861,0.5995874572414797,1.0377075142334122,92.41204021225928,,,,,0.9976331360946745,0.9988165680473373,"{""C"": 10.481018013269988, ""gamma"": 1.2897908407102756}"
mines,1,0,custom_hermite,169,169,0.12009475065305329,0.009900990099009901,0.004383625452357032,0.009900990099009901,4.718019659074215,0.2757908348289343,0.775872333137102,0.9009012269844818,0.2757908348289343,0.9009012269844818,1.0693647357876357,34.53658282409658,,,,,0.8284023668639053,0.817751479289941,"{""C"": 10.481018013269988, ""degree"": 5}"
mines,1,0,custom_gegen,169,169,0.12918551710559287,0.009900990099009901,0.05669874030201277,0.009900990099009901,18.087495290018857,0.13803124451075757,0.32376404681377696,0.4438784876193106,0.13803124451075757,0.4438784876193106,1.0245742565390188,128.0711816312857,,,,,0.7455621301775148,0.6982248520710058,"{""C"": 10.481018013269988, ""degree"": 5, ""alpha"": 0.40118497453016444}"
mines,1,0,custom_alsalam,169,169,0.12633466372720514,0.009900990099009901,0.014637399141599778,0.009900990099009901,8.7177359763889,0.20117664330755286,0.5352805996198468,0.672376611524387,0.20117664330755286,0.672376611524387,1.0479419133021917,77.05059296871056,,,,,0.8994082840236687,0.8745562130177515,"{""C"": 57.479262141625554, ""degree"": 4, ""a"": -1, ""q"": 0.5316553740976299}"
mines,1,1,linear,169,169,0.11733970459575148,0.009900990099009901,0.030725822402404884,0.009900990099009901,2.668204721599581,0.45461791644036975,0.9999999999999997,0.9999999999999998,0.45461791644036975,0.9999999999999998,1.094496543707128,2.999954361280693,,,,,0.9988165680473373,1.0,"{""C"": 27.48509415319795}"
mines,1,1,poly,169,169,0.09236268855676905,0.009900990099009901,0.11780425795285697,0.009900990099009901,5.990585986115628,0.2871838878256646,0.6390528054837348,0.8061706673224173,0.2871838878256646,0.8061706673224173,1.0423735151267612,60.23925530944777,,,,,0.8650887573964496,0.8094674556213018,"{""C"": 27.48509415319795, ""degree"": 6, ""gamma"": 3.539132190533166}"
mines,1,1,rbf,169,169,0.12311897547121121,0.009900990099009901,0.009766270701075979,0.009900990099009901,20.929148743020942,0.1163091902115025,0.2833925011762796,0.40820884376029276,0.1163091902115025,0.40820884376029276,1.0229904231113947,128.11335940110817,,,,,0.9988165680473373,1.0,"{""C"": 27.48509415319795, ""gamma"": 2.9855762531534857}"
mines,1,1,custom_hermite,169,169,0.1259118027309805,0.009900990099009901,0.003508042760729791,0.009900990099009901,4.46133677909982,0.3028139255591485,0.7691284159134731,0.945869817944982,0.3028139255591485,0.945869817944982,1.0711446431724647,24.948628927560208,,,,,0.8402366863905325,0.8201183431952664,"{""C"": 77.55722839921542, ""degree"": 3}"
mines,1,1,custom_gegen,169,169,0.10762666367567802,0.009900990099009901,0.019675512268549383,0.009900990099009901,3.481468318201773,0.4001995159268898,0.859290266110811,0.9814072133744327,0.4001995159268898,0.9814072133744327,1.0747228808133658,7.996711559684968,,,,,0.9053254437869822,0.8775147928994084,"{""C"": 8.79314517910636, ""degree"": 1, ""alpha"": -0.39026875662568467}"
mines,1,1,custom_alsalam,169,169,0.10025197342572556,0.009900990099009901,0.033130994678046914,0.009900990099009901,3.8452520178997673,0.3774394180817601,0.801787444146766,0.9747038654568185,0.3774394180817601,0.9747038654568185,1.065843554325195,7.9989577703534,,,,,0.8816568047337278,0.8337278106508877,"{""C"": 8.79314517910636, ""degree"": 1, ""a"": -1, ""q"": 0.05911387864664775}"
mines,2,0,linear,169,169,0.11003092884085287,0.009900990099009901,0.029419351687566896,0.009900990099009901,2.575176689974499,0.4887920225255925,0.9999999999999998,0.9999999999999998,0.4887920225255925,0.9999999999999998,1.0847180822901479,2.9999542656456484,,,,,1.0,1.0,"{""C"": 23.988559726197337}"
mines,2,0,poly,169,169,0.11014571620086687,0.009900990099009901,0.020876179365335607,0.009900990099009901,3.327422503263898,0.42180374224512757,0.88358136640561,0.9507649830971147,0.42180374224512757,0.9507649830971147,1.0727871422200534,9.9960160983307,,,,,0.9491124260355028,0.9366863905325444,"{""C"": 28.861909819272217, ""degree"": 2, ""gamma"": 0.05292363858513438}"
mines,2,0,rbf,169,169,0.11182641434318347,0.009900990099009901,0.010267477256882122,0.009900990099009901,13.505544711918427,0.15821058428092583,0.3864653151184012,0.5289414759373958,0.15821058428092583,0.5289414759373958,1.0290135507382843,105.86320346615058,,,,,0.9988165680473373,1.0,"{""C"": 1.676102838540831, ""gamma"": 1.8013554392476763}"
mines,2,0,custom_hermite,169,169,0.10574836874985132,0.009900990099009901,0.004185674359884655,0.009900990099009901,5.576713804958577,0.26213510379885363,0.6946573748213782,0.8602934776639463,0.26213510379885363,0.8602934776639463,1.0532995174779518,40.02012313883697,,,,,0.8414201183431952,0.829585798816568,"{""C"": 1.9065098968931864, ""degree"": 6}"
mines,2,0,custom_gegen,169,169,0.11539229106643877,0.009900990099009901,0.0003506341341235268,0.009900990099009901,3.950621674656515,0.38083956473054864,0.7802691212752512,0.951246367019709,0.38083956473054864,0.951246367019709,1.0694409573504629,11.211326697772563,,,,,0.8402366863905325,0.8343195266272191,"{""C"": 28.861909819272217, ""degree"": 2, ""alpha"": -0.0521860543654829}"
mines,2,0,custom_alsalam,169,169,0.10838048196006123,0.009900990099009901,0.04188173882498401,0.009900990099009901,6.5470664632106095,0.2778104125719276,0.5975591980580127,0.7594108451622852,0.2778104125719276,0.7594108451622852,1.0490409249910626,26.70992720010912,,,,,0.8437869822485207,0.8467455621301776,"{""C"": 28.861909819272217, ""degree"": 2, ""a"": -1, ""q"": 0.22560686769941043}"
mines,2,1,linear,169,169,0.12692691136743092,0.009900990099009901,0.035060286786333904,0.009900990099009901,2.620073691142667,0.4556514511296721,0.9999999999999998,1.0,0.4556514511296721,1.0,1.0993690294735188,2.9999530277343354,,,,,1.0,1.0,"{""C"": 4.156573080481086}"
mines,2,1,poly,169,169,0.12032987887173427,0.009900990099009901,0.04056339103529794,0.009900990099009901,4.228732018953408,0.3469739884891587,0.7774517685543565,0.8986306051338373,0.3469739884891587,0.8986306051338373,1.0688273564676418,19.93640232007934,,,,,0.9136094674556213,0.9023668639053254,"{""C"": 4.156573080481086, ""degree"": 3, ""gamma"": 0.2170475320670992}"
mines,2,1,rbf,169,169,0.1297245481053168,0.009900990099009901,0.007618398390630661,0.009900990099009901,3.694622684128647,0.376162274969276,0.8471005698477666,0.933309717588864,0.376162274969276,0.933309717588864,1.083931105539511,28.194454695044662,,,,,1.0,1.0,"{""C"": 4.156573080481086, ""gamma"": 0.16495309169450073}"
mines,2,1,custom_hermite,169,169,0.12305206170116773,0.009900990099009901,0.003524656984313779,0.009900990099009901,4.3563406402129745,0.3037378720682615,0.7911997465594947,0.9452105651088587,0.3037378720682615,0.9452105651088587,1.0711969039123388,25.49784221384789,,,,,0.834319526627219,0.8082840236686392,"{""C"": 4.156573080481086, ""degree"": 3}"
mines,2,1,custom_gegen,169,169,0.10629199648556889,0.009900990099009901,0.05185522003476909,0.009900990099009901,13.550153283801047,0.16252076033447402,0.37479839587925873,0.5199152713501245,0.16252076033447402,0.5199152713501245,1.0237242283998333,60.815381498748806,,,,,0.7680473372781066,0.7644970414201183,"{""C"": 4.156573080481086, ""degree"": 3, ""alpha"": 0.4542756272636653}"
mines,2,1,custom_alsalam,169,169,0.12474385653977194,0.009900990099009901,0.0457218300376441,0.009900990099009901,8.08972255262357,0.2315985766836107,0.5384328243855204,0.6999961142423187,0.2315985766836107,0.6999961142423187,1.0480373903742077,56.786253761940145,,,,,0.8982248520710058,0.8775147928994084,"{""C"": 0.32626038370160737, ""degree"": 3, ""a"": -1, ""q"": 0.2836154591666595}"
mines,3,0,linear,169,169,0.12698456308027153,0.009900990099009901,0.03256177534844859,0.009900990099009901,2.693722628519658,0.43062372589978065,0.9999999999999998,0.9999999999999999,0.43062372589978065,0.9999999999999999,1.0908874580657892,2.999954045974704,,,,,0.9988165680473373,1.0,"{""C"": 3.696940499042005}"
mines,3,0,poly,169,169,0.11780263358889666,0.009900990099009901,0.09085207996007995,0.009900990099009901,5.9453735122326705,0.272867575126597,0.6514573829019278,0.8160652529329647,0.272867575126597,0.8160652529329647,1.0471518088066698,48.82536716606423,,,,,0.863905325443787,0.8325443786982247,"{""C"": 8.532286991190896, ""degree"": 5, ""gamma"": 0.11409796073465102}"
mines,3,0,rbf,169,169,0.1184665547657801,0.009900990099009901,0.01124206069597849,0.009900990099009901,6.2966388997353056,0.26381421321760606,0.6281321332873878,0.7823559198154224,0.26381421321760606,0.7823559198154224,1.050957453330972,58.084384958000854,,,,,1.0,1.0,"{""C"": 56.92870956382419, ""gamma"": 0.5896702534367914}"
mines,3,0,custom_hermite,169,169,0.11755700932138181,0.009900990099009901,0.003599230343449518,0.009900990099009901,4.687781466777822,0.3021393094817997,0.761056075066355,0.915152366403982,0.3021393094817997,0.915152366403982,1.063926839969769,29.261998603611964,,,,,0.8284023668639053,0.8071005917159765,"{""C"": 56.92870956382419, ""degree"": 4}"
mines,3,0,custom_gegen,169,169,0.13658792093856942,0.009900990099009901,0.009936195523855657,0.009900990099009901,9.408200971399644,0.21225667107364177,0.4901062156088764,0.6362972589595731,0.21225667107364177,0.6362972589595731,1.0418205213709686,91.35751374473446,,,,,0.8094674556213018,0.7633136094674556,"{""C"": 8.532286991190896, ""degree"": 5, ""alpha"": 0.22350079680429613}"
mines,3,0,custom_alsalam,169,169,0.1190463452434756,0.009900990099009901,0.0331675123000564,0.009900990099009901,8.5226198699156,0.21979291488973202,0.5229326232094613,0.6787319891273723,0.21979291488973202,0.6787319891273723,1.0407829339569377,93.21198749278994,,,,,0.902958579881657,0.891715976331361,"{""C"": 8.532286991190896, ""degree"": 5, ""a"": -1, ""q"": 0.3613722516925679}"
mines,3,1,linear,169,169,0.10616529345618073,0.009900990099009901,0.029931740004508794,0.009900990099009901,2.5754946967732457,0.4540061503226978,0.9999999999999997,0.9999999999999998,0.4540061503226978,0.9999999999999998,1.0795055621144283,2.999953538417458,,,,,1.0,0.9994082840236687,"{""C"": 6.08423312465976}"
mines,3,1,poly,169,169,0.08611421407936558,0.009900990099009901,0.07867997551864718,0.009900990099009901,5.320962862505874,0.31451305552007,0.6687712700655155,0.8201886896837618,0.31451305552007,0.8201886896837618,1.0375166161974367,49.065071263849084,,,,,0.8497041420118343,0.844378698224852,"{""C"": 14.980759171385024, ""degree"": 5, ""gamma"": 0.09303728561048989}"
mines,3,1,rbf,169,169,0.10185053303799949,0.009900990099009901,0.010315383004778729,0.009900990099009901,8.828397682310161,0.22554025791428442,0.5020778616249938,0.6605010040335407,0.22554025791428442,0.6605010040335407,1.0335300210749023,82.06560725789062,,,,,1.0,0.9994082840236687,"{""C"": 14.980759171385024, ""gamma"": 1.0386642341495687}"
mines,3,1,custom_hermite,169,169,0.10447899752468343,0.009900990099009901,0.0037510104151363315,0.009900990099009901,4.807918808946078,0.29845971686263817,0.7527763046510602,0.8946171589534736,0.29845971686263817,0.8946171589534736,1.0518338844997561,34.9763460615259,,,,,0.8520710059171598,0.8319526627218936,"{""C"": 14.980759171385024, ""degree"": 5}"
mines,3,1,custom_gegen,169,169,0.11407863579668893,0.009900990099009901,0.003647611016442862,0.009900990099009901,7.435222282517535,0.25147650494985946,0.5550897692822389,0.7043366953992458,0.25147650494985946,0.7043366953992458,1.0424025854175794,70.48956223291565,,,,,0.7822485207100591,0.7526627218934913,"{""C"": 14.980759171385024, ""degree"": 5, ""alpha"": 0.15027076313136956}"
mines,3,1,custom_alsalam,169,169,0.1050230643574254,0.009900990099009901,0.03526125571017803,0.009900990099009901,8.287069164170626,0.24045005158370245,0.5261835874897578,0.6745544506778103,0.24045005158370245,0.6745544506778103,1.0366644262351081,95.54055745145126,,,,,0.9017751479289942,0.888165680473373,"{""C"": 14.980759171385024, ""degree"": 5, ""a"": -1, ""q"": 0.32530922003454377}"
mines,4,0,linear,169,169,0.1382320413037152,0.009900990099009901,0.03568593645433094,0.009900990099009901,2.6390469092258857,0.4507160871395753,0.9999999999999998,1.0,0.4507160871395753,1.0,1.11116062490481,2.9999516878899968,,,,,1.0,0.9994082840236687,"{""C"": 50.250510732172124}"
mines,4,0,poly,169,169,0.13622194959879289,0.009900990099009901,0.024767099510854436,0.009900990099009901,3.4092743836836594,0.3953767405839358,0.880206727545545,0.948556525229485,0.3953767405839358,0.948556525229485,1.0937406887075458,9.995798105764123,,,,,0.9467455621301775,0.9331360946745563,"{""C"": 50.250510732172124, ""degree"": 2, ""gamma"": 1.2437487871249175}"
mines,4,0,rbf,169,169,0.13962146718542565,0.009900990099009901,0.006051760064528074,0.009900990099009901,3.302647644429057,0.4019779458615401,0.8978040617486838,0.953174278491253,0.4019779458615401,0.953174278491253,1.099435664972661,22.715879945550057,,,,,1.0,1.0,"{""C"": 29.815011804953613, ""gamma"": 0.11173335891479279}"
mines,4,0,custom_hermite,169,169,0.13095989347218256,0.009900990099009901,0.0036865156252542694,0.009900990099009901,4.375245205001901,0.30091390338342566,0.7925171856630342,0.9428711490093659,0.30091390338342566,0.9428711490093659,1.078992992596851,25.340784996593733,,,,,0.8248520710059171,0.7994082840236688,"{""C"": 29.815011804953613, ""degree"": 3}"
mines,4,0,custom_gegen,169,169,0.13745455735503903,0.009900990099009901,0.005791647130383758,0.009900990099009901,6.744089375122457,0.25250068779244206,0.581762048086439,0.7579374403445998,0.25250068779244206,0.7579374403445998,1.0606620843818766,43.128005697645754,,,,,0.7881656804733728,0.749112426035503,"{""C"": 29.815011804953613, ""degree"": 3, ""alpha"": 0.18469986043985454}"
mines,4,0,custom_alsalam,169,169,0.13581723908334076,0.009900990099009901,0.03988859909501492,0.009900990099009901,7.954831853745092,0.2356734958974372,0.5455403573147997,0.6971372566292131,0.2356734958974372,0.6971372566292131,1.0556702253315091,55.684758668213334,,,,,0.8994082840236687,0.8644970414201185,"{""C"": 29.815011804953613, ""degree"": 3, ""a"": -1, ""q"": 0.34226425287992834}"
mines,4,1,linear,169,169,0.09676738413327161,0.009900990099009901,0.027375259054871048,0.009900990099009901,2.614395355254452,0.44462567542549186,0.9999999999999996,0.9999999999999998,0.44462567542549186,0.9999999999999998,1.0687226706153938,2.9999561765306453,,,,,1.0,0.9976331360946745,"{""C"": 7.282038863502082}"
mines,4,1,poly,169,169,0.09676738413327163,0.009900990099009901,0.00912508635162368,0.009900990099009901,2.6143953552544534,0.4446256754254917,0.999999999999999,0.9999999999999998,0.4446256754254917,0.9999999999999998,1.0687226706153936,3.9998122511893826,,,,,1.0,0.9988165680473373,"{""C"": 7.282038863502082, ""degree"": 1, ""gamma"": 0.04647051640053446}"
mines,4,1,rbf,169,169,0.09389166688277262,0.009900990099009901,0.009365514009188421,0.009900990099009901,9.501738194114145,0.2160482872125289,0.4772529258530866,0.6398729224862171,0.2160482872125289,0.6398729224862171,1.0275357156592242,85.75817181195139,,,,,1.0,0.9994082840236687,"{""C"": 0.0083516087726338, ""gamma"": 1.13257358535477}"
mines,4,1,custom_hermite,169,169,0.09052184992433863,0.009900990099009901,0.0018167242503314574,0.009900990099009901,3.9484785701809235,0.30059717206610376,0.8443246215293257,0.9836112992275021,0.30059717206610376,0.9836112992275021,1.0502782963512323,7.882849652236736,,,,,0.8047337278106509,0.7822485207100592,"{""C"": 0.01077402711121705, ""degree"": 1}"
mines,4,1,custom_gegen,169,169,0.09667092609804293,0.009900990099009901,0.0010759917019553921,0.009900990099009901,2.686081022261432,0.43957719733054224,0.9870309294868277,0.9979132207993812,0.43957719733054224,0.9979132207993812,1.0675487562096984,7.057411375459935,,,,,0.9905325443786981,0.9840236686390533,"{""C"": 7.282038863502082, ""degree"": 1, ""alpha"": -0.09885070260475975}"
mines,4,1,custom_alsalam,169,169,0.08795611699513471,0.009900990099009901,0.02756463187703138,0.009900990099009901,4.001605265303641,0.3641052342198565,0.7874046798356199,0.9692814680764094,0.3641052342198565,0.9692814680764094,1.0479632762631044,7.99908519861674,,,,,0.8958579881656805,0.8355029585798818,"{""C"": 7.282038863502082, ""degree"": 1, ""a"": -1, ""q"": 0.20262628715946504}"
blood,0,0,linear,374,374,0.025986653171929858,0.009900990099009901,0.0031031345137721997,0.009900990099009901,1.663390193248721,0.7518846064375312,0.9999999999999982,0.9999999999999999,0.7518846064375312,0.9999999999999999,1.0143828636962082,2.999948553070368,1.0587033255756966,0.2915532706824361,0.47593582887700536,178.0,0.9834224598930481,0.9917112299465242,"{""C"": 0.8454032462009388}"
blood,0,0,poly,374,374,0.019546998122540685,0.009900990099009901,0.008375055551784891,0.019801980198019802,1.8526602671440018,0.7196153659441221,0.9165699824107095,0.9754183697715827,0.7196153659441221,0.9754183697715827,0.9965214646870744,24.653598725551976,0.9775461062203824,0.2021081277416702,0.4839572192513369,181.0,0.8112299465240641,0.8513368983957221,"{""C"": 0.38906694694211935, ""degree"": 4, ""gamma"": 0.04132150599203193}"
blood,0,0,rbf,374,374,0.034487679278137943,0.009900990099009901,0.0025109831267435194,0.009900990099009901,3.3958028812982115,0.4919894924173058,0.7879850725950455,0.8925104425550873,0.4919894924173058,0.8925104425550873,0.9899421088343955,42.13557179267217,0.9507158277038061,0.3448640057438337,0.4919786096256685,184.0,0.9818181818181819,0.9911764705882352,"{""C"": 0.8454032462009388, ""gamma"": 0.8164708851967988}"
blood,0,0,custom_hermite,374,374,0.023134128125353884,0.009900990099009901,0.00032277494823512563,0.009900990099009901,2.6251506754298948,0.5658280460862017,0.8911651258610065,0.9649688664979571,0.5658280460862017,0.9649688664979571,0.993795871514617,22.04358549551028,0.9979279233439043,0.0677936714625774,0.48128342245989303,180.0,0.6914438502673794,0.7652406417112301,"{""C"": 0.8454032462009388, ""degree"": 5}"
blood,0,0,custom_gegen,374,374,0.025550405320307584,0.009900990099009901,0.00994068388359178,0.009900990099009901,2.410369746278463,0.6210898305717519,0.8348632508724733,0.9223850068400656,0.6210898305717519,0.9223850068400656,0.9948477602816106,52.15385341281379,0.9523163293515745,0.40388182490871316,0.4893048128342246,183.0,0.8037433155080215,0.8564171122994653,"{""C"": 0.8454032462009388, ""degree"": 5, ""alpha"": -0.456249519009088}"
blood,0,0,custom_alsalam,374,374,0.03983604799656512,0.009900990099009901,0.038428094389633016,0.009900990099009901,3.8469216478237005,0.44719858529083395,0.7663298911828169,0.8733765878558443,0.44719858529083395,0.8733765878558443,0.9999239732155972,65.9618793860167,0.9485876724435509,0.5974913352605382,0.48128342245989303,180.0,0.7294117647058822,0.7925133689839573,"{""C"": 0.8454032462009388, ""degree"": 5, ""a"": -1, ""q"": 0.026620839884971728}"
blood,0,1,linear,374,374,0.04031687142010811,0.009900990099009901,0.004761206984034062,0.009900990099009901,1.642788415040934,0.7580685657018852,0.9999999999999976,0.9999999999999997,0.7580685657018852,0.9999999999999997,1.0986334425417197,2.9999462893054556,1.0002237342099276,0.0004234842842332363,0.48128342245989303,180.0,0.9780748663101603,0.9879679144385026,"{""C"": 0.0030812761748510516}"
blood,0,1,poly,374,374,0.03496325518858245,0.009900990099009901,0.0030113559869647376,0.009900990099009901,1.8059596363878658,0.7248207389903287,0.9525821333124194,0.9914652415564178,0.7248207389903287,0.9914652415564178,1.0845375497011795,9.920535211093352,0.987190140034163,0.2042441906974394,0.5026737967914439,188.0,0.8272727272727272,0.8692513368983957,"{""C"": 9.640135151551057, ""degree"": 2, ""gamma"": 0.10894043383222196}"
blood,0,1,rbf,374,374,0.05858980029197947,0.009900990099009901,0.005438555259031954,0.009900990099009901,6.949164400889183,0.2844322696855,0.5945326669496716,0.7195453556678173,0.2844322696855,0.7195453556678173,1.0433527042095754,92.0320079683338,0.9997983744554049,0.0008353481455796552,0.4946524064171123,185.0,0.9775401069518715,0.9879679144385026,"{""C"": 0.0030812761748510516, ""gamma"": 3.4696571714328814}"
blood,0,1,custom_hermite,374,374,0.05151287832637198,0.009900990099009901,0.0007863326639210381,0.009900990099009901,2.9510905652217274,0.5235020361071075,0.8593604938920445,0.9544282657917926,0.5235020361071075,0.9544282657917926,1.1039016383412894,24.247881679848053,0.9997815223427985,0.00022334888176509145,0.47593582887700536,178.0,0.7026737967914437,0.7427807486631016,"{""C"": 0.0030812761748510516, ""degree"": 6}"
blood,0,1,custom_gegen,374,374,0.06063725293140885,0.009900990099009901,0.0028421603715828984,0.009900990099009901,2.6486585718464832,0.5694442220654485,0.8654758862002503,0.9669905162199477,0.5694442220654485,0.9669905162199477,1.0928193786564446,20.583179256787357,0.9994555152507569,0.18907023672656156,0.5,187.0,0.7203208556149732,0.7767379679144385,"{""C"": 9.640135151551057, ""degree"": 2, ""alpha"": 0.20690084138238263}"
blood,0,1,custom_alsalam,374,374,0.015430085105421048,0.04950495049504951,0.005325462047819499,0.019801980198019802,1.589699237286387,0.7839327849964922,0.9449350301970254,0.9872267662801678,0.7839327849964922,0.9872267662801678,1.0490980914034367,11.16108982387204,0.99586164808706,0.14969234468502254,0.48663101604278075,182.0,0.7262032085561496,0.8010695187165776,"{""C"": 0.6780492463811034, ""degree"": 1, ""a"": -1, ""q"": 0.23095113725576386}"
blood,1,0,linear,374,374,0.035248740876553636,0.009900990099009901,0.004033070585300518,0.009900990099009901,1.6589333791803629,0.753417160263378,0.9999999999999974,0.9999999999999997,0.753417160263378,0.9999999999999997,1.014891124139484,2.9999474621242825,0.9999340153798659,0.0006758350504004537,0.48128342245989303,180.0,0.9823529411764705,0.991711229946524,"{""C"": 0.002180121271524241}"
blood,1,0,poly,374,374,0.03195239799376646,0.009900990099009901,0.0027334291720482458,0.009900990099009901,1.7735288067653094,0.7318335812081748,0.958550193551382,0.9910440299232703,0.7318335812081748,0.9910440299232703,1.0098237570173838,9.93590314654277,0.9859115537284567,0.2488467383717643,0.5,187.0,0.8898395721925134,0.9203208556149733,"{""C"": 67.73854940966454, ""degree"": 2, ""gamma"": 0.07770476298698198}"
blood,1,0,rbf,374,374,0.03636298510130032,0.009900990099009901,0.0005468917437133274,0.009900990099009901,1.858263874798051,0.7112831200581401,0.9460249878342861,0.9894659798095212,0.7112831200581401,0.9894659798095212,1.012334148459849,13.604170324723691,0.9844004864645999,0.23368850173519903,0.5080213903743316,190.0,0.9871657754010696,0.9933155080213903,"{""C"": 67.73854940966454, ""gamma"": 0.07507132009276563}"
blood,1,0,custom_hermite,374,374,0.026640013515381727,0.009900990099009901,0.0002797163621939326,0.019801980198019802,2.2434964606572163,0.6286701089016572,0.9235811253823603,0.981428876778674,0.6286701089016572,0.981428876778674,1.0167044497390714,16.342323786408365,0.9999295115727267,7.942312615581843e-05,0.47593582887700536,178.0,0.6572192513368984,0.7098930481283422,"{""C"": 0.002180121271524241, ""degree"": 3}"
blood,1,0,custom_gegen,374,374,0.012924296129529545,0.04950495049504951,0.00013848497148793252,0.039603960396039604,1.8900578399527714,0.7078695298560546,0.9218940084278507,0.9813415548051161,0.7078695298560546,0.9813415548051161,0.9823695462179745,14.932220723671868,0.9999447497391968,0.0002449536596332149,0.49732620320855614,186.0,0.47914438502673795,0.504812834224599,"{""C"": 0.06987828540817624, ""degree"": 2, ""alpha"": 1.0285382472367692}"
blood,1,0,custom_alsalam,374,374,0.014668342552848624,0.039603960396039604,4.5423020738999455e-05,0.039603960396039604,2.1660432800101836,0.6547467164463915,0.8898361708390327,0.9623327982734556,0.6547467164463915,0.9623327982734556,1.007800269912733,15.414960547150853,1.0003250229738285,0.0002737096244494494,0.48663101604278075,182.0,0.5406417112299465,0.5941176470588235,"{""C"": 0.06987828540817624, ""degree"": 2, ""a"": -1, ""q"": 0.7578228554231327}"
blood,1,1,linear,374,374,0.03037279192423975,0.009900990099009901,0.0037719705037148736,0.019801980198019802,1.6168123469823428,0.7649159092822276,0.9999999999999982,0.9999999999999997,0.7649159092822276,0.9999999999999997,1.0942010947346976,2.9999469520517437,1.1258206075989103,0.40049135675584124,0.4839572192513369,181.0,0.993048128342246,0.9949197860962568,"{""C"": 2.6997293516621546}"
blood,1,1,poly,374,374,0.013155715321901561,0.0297029702970297,0.0239274883705619,0.039603960396039604,1.7532552544747544,0.7444933405559517,0.9077311391286854,0.9788456077632001,0.7444933405559517,0.9788456077632001,1.0395138804216715,34.20709539805719,1.081383177508489,1.1937490794351462,0.45454545454545453,170.0,0.7588235294117646,0.8008021390374331,"{""C"": 43.87397384425345, ""degree"": 6, ""gamma"": 0.5994740167485493}"
blood,1,1,rbf,374,374,0.027218975281348947,0.009900990099009901,0.0012322443865409737,0.019801980198019802,2.545659488430112,0.5885960827115241,0.86874719408678,0.9647800813607657,0.5885960827115241,0.9647800813607657,1.0600045314257949,25.6738801233499,1.0299533708015822,0.5822797571668862,0.47058823529411764,176.0,0.990909090909091,0.9957219251336897,"{""C"": 17.992802023612715, ""gamma"": 0.32777052421152214}"
blood,1,1,custom_hermite,374,374,0.024452154121585426,0.009900990099009901,0.00028034443221928453,0.0297029702970297,2.4620297626189918,0.5907276809460346,0.9083645381125253,0.9778856706512808,0.5907276809460346,0.9778856706512808,1.0705306642796149,17.99585372288322,1.020909552099434,0.34602437822977017,0.4786096256684492,179.0,0.6491978609625669,0.7224598930481284,"{""C"": 17.992802023612715, ""degree"": 4}"
blood,1,1,custom_gegen,374,374,0.044071280866879295,0.009900990099009901,0.004218886782903774,0.009900990099009901,3.3698956242883913,0.4886276203370455,0.7902252973341476,0.8844070587407673,0.4886276203370455,0.8844070587407673,1.0493579866598841,46.56937654249584,0.9806308153776743,0.6397623863650316,0.44385026737967914,166.0,0.6593582887700534,0.7000000000000001,"{""C"": 17.992802023612715, ""degree"": 4, ""alpha"": 0.21866112886080713}"
blood,1,1,custom_alsalam,374,374,0.035397433540700386,0.009900990099009901,0.011646505992726767,0.009900990099009901,3.7522402233046823,0.4554011377694195,0.7711440145353492,0.8790828282720591,0.4554011377694195,0.8790828282720591,1.043064668966592,52.35791185422452,1.038101918716594,0.7299240278774625,0.4304812834224599,161.0,0.7374331550802138,0.8232620320855616,"{""C"": 17.992802023612715, ""degree"": 4, ""a"": -1, ""q"": 0.35898889762994524}"
blood,2,0,linear,374,374,0.03006658160601802,0.009900990099009901,0.003404630250229933,0.009900990099009901,1.7192745552998239,0.7358778060139873,0.9999999999999984,0.9999999999999998,0.7358778060139873,0.9999999999999998,0.9882463187079199,2.999949237752219,1.0370599173667774,0.31952304247441343,0.4732620320855615,177.0,0.993048128342246,0.9919786096256684,"{""C"": 6.663961937821477}"
blood,2,0,poly,374,374,0.021277593009721728,0.019801980198019802,0.01786483903838762,0.009900990099009901,1.8666180602027596,0.7190067782964815,0.8958796603236016,0.9668420458764297,0.7190067782964815,0.9668420458764297,0.9967561099250969,29.770247852820503,0.965848236555088,0.671111522192629,0.47058823529411764,176.0,0.7636363636363636,0.8235294117647058,"{""C"": 29.196045961656544, ""degree"": 5, ""gamma"": 0.01802470823685978}"
blood,2,0,rbf,374,374,0.03695701689252199,0.009900990099009901,0.0017959961495690772,0.009900990099009901,2.64056380448496,0.58106204801938,0.8406447692668491,0.9411621584017048,0.58106204801938,0.9411621584017048,0.9957876014310607,28.278217610564912,0.9318415104106695,0.4217173330373601,0.4679144385026738,175.0,0.9903743315508021,0.9935828877005348,"{""C"": 78.12011028111026, ""gamma"": 0.37019239823879085}"
blood,2,0,custom_hermite,374,374,0.028678203547987002,0.019801980198019802,0.0003345799830848785,0.009900990099009901,2.5390245468106407,0.5815647990584528,0.8984584227958224,0.9694596837268176,0.5815647990584528,0.9694596837268176,1.0228283178150335,19.22965462760874,0.9885000176782724,0.36104581376108275,0.47593582887700536,178.0,0.7042780748663101,0.7446524064171123,"{""C"": 78.12011028111026, ""degree"": 4}"
blood,2,0,custom_gegen,374,374,0.03109395197979201,0.009900990099009901,0.010054044006654723,0.009900990099009901,2.5113212921626644,0.6075344912614086,0.8158450311894136,0.9160816796845276,0.6075344912614086,0.9160816796845276,0.9967930508242536,52.984889532621175,0.9482809159006692,0.639277085022623,0.4946524064171123,185.0,0.8427807486631016,0.8762032085561499,"{""C"": 29.196045961656544, ""degree"": 5, ""alpha"": -0.4387277203462963}"
blood,2,0,custom_alsalam,374,374,0.05017025820313546,0.009900990099009901,0.03729326376976805,0.009900990099009901,3.830968882975966,0.4524287423653586,0.759055853741616,0.8708562357798555,0.4524287423653586,0.8708562357798555,1.0105318485737134,57.83824270737728,1.0266068496729832,0.7461692130695922,0.4786096256684492,179.0,0.7470588235294117,0.8157754010695187,"{""C"": 27.838218379495355, ""degree"": 4, ""a"": -1, ""q"": 0.13284694592084847}"
blood,2,1,linear,374,374,0.04278890163176072,0.009900990099009901,0.005313062814900641,0.009900990099009901,1.5820686598817597,0.7763365494796106,0.9999999999999977,0.9999999999999997,0.7763365494796106,0.9999999999999997,1.1316958924941223,2.999944692071068,1.0000085886927863,1.9987758216052498e-05,0.4919786096256685,184.0,0.9957219251336897,0.9973262032085561,"{""C"": 0.05980713485585851}"
blood,2,1,poly,374,374,0.03526462719626245,0.009900990099009901,0.0031457096253066355,0.009900990099009901,1.7641731999877408,0.7339325514106291,0.961317984129806,0.9964608393877515,0.7339325514106291,0.9964608393877515,1.1049849297612746,9.867058647523997,0.9998348943272591,0.0008323000015908869,0.5,187.0,0.7823529411764705,0.8772727272727273,"{""C"": 0.05980713485585851, ""degree"": 2, ""gamma"": 0.032411689928460635}"
blood,2,1,rbf,374,374,0.033543848296530274,0.009900990099009901,0.0014379744173155112,0.009900990099009901,2.353093654309994,0.6200147404764114,0.8828122928675413,0.9727342307952725,0.6200147404764114,0.9727342307952725,1.0821044398027775,23.80186866747846,0.969473280621743,0.33899737874905417,0.5053475935828877,189.0,0.9903743315508021,0.9941176470588234,"{""C"": 29.095248600495516, ""gamma"": 0.29008262664422024}"
blood,2,1,custom_hermite,374,374,0.026865924671903973,0.009900990099009901,0.0003035317180427925,0.019801980198019802,2.3741234679809042,0.6063156191589025,0.9101994750849564,0.9808786374321544,0.6063156191589025,0.9808786374321544,1.074041167632503,17.4990389956857,0.9787535775920524,0.25371421628189067,0.48663101604278075,182.0,0.6310160427807486,0.7053475935828876,"{""C"": 29.095248600495516, ""degree"": 4}"
blood,2,1,custom_gegen,374,374,0.04442078902385621,0.009900990099009901,0.0019484580686179136,0.009900990099009901,2.258437949954349,0.6323972976387292,0.8960004844131326,0.9852174808071459,0.6323972976387292,0.9852174808071459,1.0950245132928544,18.46759380484602,0.9997439400523682,0.0011150093842231454,0.5026737967914439,188.0,0.7572192513368984,0.8149732620320856,"{""C"": 0.05980713485585851, ""degree"": 2, ""alpha"": -0.22815130901712627}"
blood,2,1,custom_alsalam,374,374,0.04153613297265029,0.009900990099009901,0.02823126557571191,0.009900990099009901,2.9032873095798344,0.5337455346279568,0.8498905121366808,0.9432110129118153,0.5337455346279568,0.9432110129118153,1.0604042676964185,28.711946967040593,0.9663987582983264,0.37551345056620583,0.5026737967914439,188.0,0.7197860962566843,0.7858288770053475,"{""C"": 0.43061075654707315, ""degree"": 2, ""a"": -1, ""q"": 0.11027485460133626}"
blood,3,0,linear,374,374,0.031631740358044086,0.009900990099009901,0.0036694975050248213,0.009900990099009901,1.5798934634301403,0.7774129670651835,0.9999999999999971,0.9999999999999996,0.7774129670651835,0.9999999999999996,1.0934271138003717,2.999940472165207,1.0000603187684542,0.00011076424635634812,0.48128342245989303,180.0,0.9887700534759358,0.9895721925133689,"{""C"": 0.029635226559828164}"
blood,3,0,poly,374,374,0.022064948781062632,0.019801980198019802,0.004332166610610614,0.019801980198019802,1.8138917866073856,0.726370033800504,0.9335926321302785,0.9899723207301586,0.726370033800504,0.9899723207301586,1.0576190222403956,17.04142196733098,0.9994376180674381,0.001911461091892469,0.5106951871657754,191.0,0.7796791443850266,0.8395721925133691,"{""C"": 0.029635226559828164, ""degree"": 3, ""gamma"": 2.175565922331738}"
blood,3,0,rbf,374,374,0.03111623747004689,0.009900990099009901,0.0025989106201243835,0.009900990099009901,4.092102871053189,0.4283059422524852,0.7475363973554124,0.8518129590724339,0.4283059422524852,0.8518129590724339,1.024850773362865,53.13605940192771,0.9368699185294552,0.2936492202518303,0.5213903743315508,195.0,0.9850267379679145,0.9855614973262032,"{""C"": 0.9495869729844123, ""gamma"": 1.3897935612916905}"
blood,3,0,custom_hermite,374,374,0.0175709371780482,0.019801980198019802,0.00014965458040715088,0.019801980198019802,2.0371405655340142,0.6701668885885225,0.936526140679874,0.9903250673674798,0.6701668885885225,0.9903250673674798,1.0561650644153147,13.307314262911953,0.9630025453065845,0.251462878001089,0.4946524064171123,185.0,0.6631016042780747,0.6938502673796793,"{""C"": 70.70706934895522, ""degree"": 2}"
blood,3,0,custom_gegen,374,374,0.0027026852465153873,0.37623762376237624,1.8457628831596494e-05,0.40594059405940597,1.6172659919165013,0.7754555076527758,0.938042985622643,0.9851757858780387,0.7754555076527758,0.9851757858780387,0.9751857061228479,13.55326142635733,0.9865648437607407,0.4261991774068372,0.4839572192513369,181.0,0.4181818181818181,0.4695187165775402,"{""C"": 70.70706934895522, ""degree"": 2, ""alpha"": 1.1440594078732265}"
blood,3,0,custom_alsalam,374,374,0.00479177510615762,0.2079207920792079,8.55774939922125e-07,0.15841584158415842,1.342275001793075,0.8589826622391071,0.9645016893751345,0.9892909447506603,0.8589826622391071,0.9892909447506603,1.1903683242873169,6.056101589548083,0.9998621723343354,3.98289676404309e-05,0.47593582887700536,178.0,0.5508021390374331,0.616042780748663,"{""C"": 0.029635226559828164, ""degree"": 3, ""a"": -1, ""q"": 0.8823703647901184}"
blood,3,1,linear,374,374,0.03045352923038331,0.009900990099009901,0.0037033462926980352,0.019801980198019802,1.7103078594391046,0.7379008107600936,0.9999999999999973,0.9999999999999997,0.7379008107600936,0.9999999999999997,1.0171819332851373,2.9999520282595427,1.068834227748084,0.3284628147242376,0.47593582887700536,178.0,0.9893048128342246,0.993048128342246,"{""C"": 28.352033287003067}"
blood,3,1,poly,374,374,0.022259802327794898,0.0297029702970297,0.009657898690348842,0.019801980198019802,1.8969793832730177,0.7106745122218195,0.9075663136079313,0.9708938008955833,0.7106745122218195,0.9708938008955833,1.0110872680737417,24.75129144006315,1.0092524428964789,0.43113388037075995,0.4786096256684492,179.0,0.7732620320855614,0.836096256684492,"{""C"": 1.6376262072653454, ""degree"": 4, ""gamma"": 0.044603458790948}"
blood,3,1,rbf,374,374,0.048494651227989544,0.009900990099009901,0.0044269476914023395,0.009900990099009901,5.567283970498446,0.3409310479248995,0.6578223571366913,0.7783146225369959,0.3409310479248995,0.7783146225369959,1.0153164417029146,73.43577398909258,0.9921780591136383,0.035337744531268166,0.5106951871657754,191.0,0.9823529411764707,0.993048128342246,"{""C"": 0.0740819637379823, ""gamma"": 2.179707782155865}"
blood,3,1,custom_hermite,374,374,0.04108045343992029,0.009900990099009901,0.000675852800898821,0.009900990099009901,3.0439024689262424,0.5132184887768407,0.8557322164774162,0.9456048607292952,0.5132184887768407,0.9456048607292952,1.038344039223967,25.2515304107245,0.999248799427266,0.0054579944955756516,0.4893048128342246,183.0,0.6914438502673795,0.7935828877005348,"{""C"": 0.0740819637379823, ""degree"": 6}"
blood,3,1,custom_gegen,374,374,0.040006233780810974,0.009900990099009901,0.02652995771960335,0.009900990099009901,4.054763464340916,0.44193677829798167,0.714903665731198,0.8040829042519391,0.44193677829798167,0.8040829042519391,0.9967811149652328,108.09553434279093,0.9749844839765455,0.15234534060582233,0.5187165775401069,194.0,0.6336898395721925,0.6930481283422462,"{""C"": 0.0740819637379823, ""degree"": 6, ""alpha"": 0.32694919666243616}"
blood,3,1,custom_alsalam,374,374,0.05023660309437364,0.009900990099009901,0.033367138187083464,0.009900990099009901,3.7360678984818563,0.46018596253079463,0.7653037012310725,0.8703025824631708,0.46018596253079463,0.8703025824631708,1.022224162877909,56.99434498461119,0.9261198065316751,0.39178247839659475,0.5,187.0,0.7219251336898396,0.8152406417112299,"{""C"": 1.6376262072653454, ""degree"": 4, ""a"": -1, ""q"": 0.1953791763780723}"
blood,4,0,linear,374,374,0.03076218401013262,0.009900990099009901,0.0037840840195874923,0.009900990099009901,1.6821061438851026,0.7460230760567343,0.9999999999999983,0.9999999999999999,0.7460230760567343,0.9999999999999999,1.0546459859512691,2.999949742164006,1.0000293592784535,0.0005553785384319641,0.4786096256684492,179.0,0.9941176470588234,0.9938502673796793,"{""C"": 0.00258648827901523}"
blood,4,0,poly,374,374,0.017024473758368335,0.009900990099009901,0.015144426905869864,0.009900990099009901,1.8700118384522306,0.7180705231285738,0.8973120209592601,0.9701185153591774,0.7180705231285738,0.9701185153591774,1.0214475285946387,30.135260598969428,0.9516516204573082,0.4932481877284169,0.4839572192513369,181.0,0.7657754010695187,0.7954545454545454,"{""C"": 7.827067871044814, ""degree"": 5, ""gamma"": 0.6004063765675559}"
blood,4,0,rbf,374,374,0.039424456851631644,0.009900990099009901,0.003318932400023398,0.009900990099009901,4.511399894255315,0.4025084783321515,0.7124473211623612,0.824164194920163,0.4025084783321515,0.824164194920163,1.0188434106694926,58.42410943975911,0.9467570575414522,0.5527674367444463,0.47593582887700536,178.0,0.9946524064171123,0.9967914438502674,"{""C"": 7.827067871044814, ""gamma"": 1.4501477387291513}"
blood,4,0,custom_hermite,374,374,0.025493316060705522,0.009900990099009901,0.00035435480459931196,0.009900990099009901,2.6641081984053767,0.5619292543774925,0.8852940486656623,0.9646189893178505,0.5619292543774925,0.9646189893178505,1.0436073365643563,22.389879173111847,0.9918761412432661,0.2028960706605381,0.4919786096256685,184.0,0.6887700534759358,0.7379679144385026,"{""C"": 7.827067871044814, ""degree"": 5}"
blood,4,0,custom_gegen,374,374,0.0361762169592702,0.009900990099009901,0.000938489116263758,0.009900990099009901,3.6067763638529353,0.47226374274063515,0.7754283465190723,0.8736967749746184,0.47226374274063515,0.8736967749746184,1.0230628538681357,47.765353104822374,0.9002062099236265,0.4086849437838805,0.49732620320855614,186.0,0.611764705882353,0.6344919786096257,"{""C"": 7.827067871044814, ""degree"": 5, ""alpha"": 0.8194227870395427}"
blood,4,0,custom_alsalam,374,374,0.04101124956232302,0.009900990099009901,0.0006841188086808024,0.009900990099009901,4.221876476836235,0.4130187075678446,0.7453999941561342,0.8636187914910615,0.4130187075678446,0.8636187914910615,1.0450310429524192,43.935456983252365,0.9543098033577322,0.3174508665020336,0.4839572192513369,181.0,0.7026737967914437,0.7601604278074867,"{""C"": 7.827067871044814, ""degree"": 5, ""a"": -1, ""q"": 0.6548413725119356}"
blood,4,1,linear,374,374,0.02843797595721266,0.009900990099009901,0.0032678488200135344,0.009900990099009901,1.6085393270006998,0.7683728402957541,0.9999999999999979,0.9999999999999996,0.7683728402957541,0.9999999999999996,1.0494462827615356,2.999944628301563,1.000113487500689,0.001207167508346843,0.4919786096256685,184.0,0.993048128342246,0.9959893048128342,"{""C"": 0.10209819381128066}"
blood,4,1,poly,374,374,0.015133066261626589,0.039603960396039604,0.026676456723118774,0.019801980198019802,1.7261605350530684,0.751274320923461,0.9061483365091014,0.9671924700361338,0.751274320923461,0.9671924700361338,1.0218845133578878,33.22519096708125,0.9459086295504399,0.3912221007142533,0.5240641711229946,196.0,0.7288770053475935,0.7946524064171124,"{""C"": 5.741841924925834, ""degree"": 6, ""gamma"": 0.29340499484799126}"
blood,4,1,rbf,374,374,0.029615908407478006,0.009900990099009901,0.0012777710589573943,0.009900990099009901,2.2747186541424163,0.6359296348050274,0.8769936754922505,0.9607732911923541,0.6359296348050274,0.9607732911923541,1.0327723134854423,23.92635924965514,0.9520842622695115,0.36625813725076634,0.5106951871657754,191.0,0.9903743315508021,0.9941176470588236,"{""C"": 98.33124924930857, ""gamma"": 0.29340499484799126}"
blood,4,1,custom_hermite,374,374,0.025170722078456373,0.009900990099009901,0.00028064152367243884,0.009900990099009901,2.39449352404382,0.6008684759919948,0.9157537150243527,0.9775200606464974,0.6008684759919948,0.9775200606464974,1.0404104738743063,17.87866295819604,0.9770430106059846,0.32415943473269787,0.4946524064171123,185.0,0.6754010695187166,0.7481283422459893,"{""C"": 98.33124924930857, ""degree"": 4}"
blood,4,1,custom_gegen,374,374,0.049958271508881,0.009900990099009901,0.00812973905383693,0.009900990099009901,5.308033925682327,0.342340102648193,0.6834182502788321,0.8002375031163903,0.342340102648193,0.8002375031163903,1.050890436638926,80.81656187853673,0.9192178648083563,0.5318295234334163,0.5080213903743316,190.0,0.5919786096256685,0.6973262032085562,"{""C"": 5.741841924925834, ""degree"": 6, ""alpha"": 0.5624526274261883}"
blood,4,1,custom_alsalam,374,374,0.045866665769396325,0.009900990099009901,0.0039018668889916923,0.009900990099009901,4.121305185021773,0.41846556575976424,0.7596924684330895,0.8656478879503927,0.41846556575976424,0.8656478879503927,1.0327689306262944,55.48781163609202,0.9423716751719657,0.3939459891258776,0.5080213903743316,190.0,0.767379679144385,0.8414438502673798,"{""C"": 5.741841924925834, ""degree"": 6, ""a"": -1, ""q"": 0.5282932537073691}"
statlog,0,0,linear,423,422,0.12962201397440212,0.009900990099009901,0.09577045112397116,0.009900990099009901,2.57560069960888,0.5859579251584098,0.8464532120334926,0.9409234158039085,0.5859579251584098,0.9409234158039085,1.125297303666087,17.958283904891616,,,,,1.0,1.0,"{""C"": 8.505518619480174}"
statlog,0,0,poly,423,422,0.1300348186702352,0.009900990099009901,0.034041472425262134,0.009900990099009901,3.5860508555254915,0.4859457154904644,0.7273256844975311,0.837202472201244,0.4859457154904644,0.837202472201244,1.1093896854134808,192.16914525890786,,,,,0.9286052009456264,0.9257683215130026,"{""C"": 15.738694885405407, ""degree"": 4, ""gamma"": 0.017454041933553283}"
statlog,0,0,rbf,423,422,0.19396817005025813,0.009900990099009901,0.01678627663343932,0.009900990099009901,15.918179944822912,0.17900828368880758,0.3694434946755191,0.461449793572548,0.17900828368880758,0.461449793572548,1.0662290878059588,396.1484701888054,,,,,1.0,1.0,"{""C"": 8.505518619480174, ""gamma"": 0.49503287565078397}"
statlog,0,0,custom_hermite,423,422,0.11678127404701803,0.009900990099009901,0.0017911047214920206,0.009900990099009901,5.11362540189518,0.36515567151801476,0.6585912965666358,0.7742910052927872,0.36515567151801476,0.7742910052927872,1.0753196849853834,170.49852409831905,,,,,0.6695035460992906,0.6690307328605201,"{""C"": 8.505518619480174, ""degree"": 4}"
statlog,0,0,custom_gegen,423,422,0.12114398847036527,0.009900990099009901,5.8215773299418885,0.009900990099009901,10.553142150845144,0.24566406371720545,0.4593425272993773,0.5545945025988348,0.24566406371720545,0.5545945025988348,1.0669866153375065,422.8355238332517,,,,,0.8326241134751773,0.8238770685579196,"{""C"": 15.738694885405407, ""degree"": 4, ""alpha"": -0.45027338657467575}"
statlog,0,0,custom_alsalam,423,422,0.20003721407069006,0.009900990099009901,2122.441464522445,0.009900990099009901,21.58466528660232,0.1477028286338155,0.30947558107727113,0.39392535674339013,0.1477028286338155,0.39392535674339013,1.0557345905659326,422.9998904069305,,,,,0.8709219858156029,0.890307328605201,"{""C"": 15.738694885405407, ""degree"": 4, ""a"": -1, ""q"": 0.029563859877797874}"
statlog,0,1,linear,422,423,0.11530322173975785,0.009900990099009901,0.0839488979753515,0.009900990099009901,2.6857285310515664,0.5749866261802377,0.8289658022213517,0.9284964249364357,0.5749866261802377,0.9284964249364357,1.1086030233297162,17.957732853235342,,,,,1.0,1.0,"{""C"": 0.05674168929878453}"
statlog,0,1,poly,422,423,0.11566246389359258,0.009900990099009901,0.043743326975791676,0.009900990099009901,4.100171768832917,0.4498283407295292,0.6865684764771536,0.8028390411385259,0.4498283407295292,0.8028390411385259,1.0909496556775145,239.88959099583138,,,,,0.9075829383886256,0.9078199052132705,"{""C"": 23.219145141525644, ""degree"": 5, ""gamma"": 0.04888818362904002}"
statlog,0,1,rbf,422,423,0.12077022355599486,0.009900990099009901,0.0030627959305878595,0.009900990099009901,3.077265109580594,0.5332388217993689,0.7810529191896401,0.8786778322103321,0.5332388217993689,0.8786778322103321,1.1054736295639722,73.96895533219845,,,,,1.0,1.0,"{""C"": 7.6436838748289775, ""gamma"": 0.02034521554664249}"
statlog,0,1,custom_hermite,422,423,0.0946787398040079,0.009900990099009901,0.00036500939896419714,0.009900990099009901,3.9976518086557955,0.43289909019727996,0.725654532967462,0.8312238338283056,0.43289909019727996,0.8312238338283056,1.069015782386461,66.8250583107055,,,,,0.6018957345971563,0.6263033175355449,"{""C"": 7.6436838748289775, ""degree"": 1}"
statlog,0,1,custom_gegen,422,423,0.14219656806297254,0.009900990099009901,0.004123277718141033,0.009900990099009901,4.891853250431866,0.4162322885819762,0.6195966835067552,0.7196302722782127,0.4162322885819762,0.7196302722782127,1.0930726651255371,194.67024203110236,,,,,0.8298578199052132,0.8504739336492891,"{""C"": 23.219145141525644, ""degree"": 5, ""alpha"": -0.08064963319814761}"
statlog,0,1,custom_alsalam,422,423,0.1842514975886003,0.009900990099009901,137.8730680947605,0.009900990099009901,27.506802120417028,0.12313648322439388,0.26592123100261683,0.34925891735641457,0.12313648322439388,0.34925891735641457,1.0457550750334128,421.99894496438094,,,,,0.8658767772511847,0.8777251184834124,"{""C"": 23.219145141525644, ""degree"": 5, ""a"": -1, ""q"": 0.21158962787226904}"
statlog,1,0,linear,423,422,0.11988685674209461,0.009900990099009901,0.09085507601787575,0.009900990099009901,2.494930679319018,0.5994946682429627,0.8542111940363303,0.940350900011235,0.5994946682429627,0.940350900011235,1.1198582269071053,17.95559643166635,,,,,1.0,1.0,"{""C"": 90.50302057890619}"
statlog,1,0,poly,423,422,0.12062357956653975,0.009900990099009901,0.02041846997868583,0.009900990099009901,3.1454022591031725,0.5267984941412506,0.7687711539006745,0.8651211172833576,0.5267984941412506,0.8651211172833576,1.10931750351812,138.72269518344038,,,,,0.946099290780142,0.9413711583924352,"{""C"": 0.14014840932519157, ""degree"": 3, ""gamma"": 0.025764663798750784}"
statlog,1,0,rbf,423,422,0.13584462547002818,0.009900990099009901,0.007667955236872045,0.009900990099009901,3.567236589531442,0.4889840283121654,0.7305100823769617,0.8414380125898784,0.4889840283121654,0.8414380125898784,1.1111167578215329,137.90869067169942,,,,,1.0,1.0,"{""C"": 90.50302057890619, ""gamma"": 0.05602790755406841}"
statlog,1,0,custom_hermite,423,422,0.10865121905262255,0.009900990099009901,0.0008743450199132769,0.009900990099009901,3.8837256912872737,0.44531272976716146,0.7325332934393509,0.8377839017056993,0.44531272976716146,0.8377839017056993,1.079753419258245,99.07953428810477,,,,,0.604255319148936,0.6191489361702127,"{""C"": 90.50302057890619, ""degree"": 2}"
statlog,1,0,custom_gegen,423,422,0.14500731892696161,0.009900990099009901,0.28568878124746494,0.009900990099009901,8.38624947543803,0.28162970937967186,0.5191144412229682,0.6229770188887378,0.28162970937967186,0.6229770188887378,1.0793014033771606,414.8000976509021,,,,,0.8562647754137117,0.8617021276595747,"{""C"": 0.14014840932519157, ""degree"": 3, ""alpha"": -0.31051752766777563}"
statlog,1,0,custom_alsalam,423,422,0.19724061624038783,0.009900990099009901,629.1102721873134,0.009900990099009901,21.753902504975613,0.14732591256813227,0.3065393379597082,0.3929396862738696,0.14732591256813227,0.3929396862738696,1.0549125015711414,422.9995625675153,,,,,0.8671394799054374,0.8770685579196219,"{""C"": 0.14014840932519157, ""degree"": 3, ""a"": -1, ""q"": 0.0983883532088341}"
statlog,1,1,linear,422,423,0.12342101887642197,0.009900990099009901,0.08763448415931341,0.009900990099009901,2.7669801406498142,0.5629095764671465,0.8193996895439217,0.9277494754912379,0.5629095764671465,0.9277494754912379,1.1122736899325933,17.96027299239219,,,,,1.0,1.0,"{""C"": 79.46766419927161}"
statlog,1,1,poly,422,423,0.12314281492186761,0.009900990099009901,0.06689213254085126,0.009900990099009901,4.521505647739512,0.42259833959210286,0.659279273247986,0.7785122351001418,0.42259833959210286,0.7785122351001418,1.0912486800961891,285.2459260668125,,,,,0.885781990521327,0.8947867298578199,"{""C"": 15.643560720752156, ""degree"": 6, ""gamma"": 3.2052569101093864}"
statlog,1,1,rbf,422,423,0.14757964609952556,0.009900990099009901,0.011770816438666216,0.009900990099009901,5.336241070606659,0.38063042566758465,0.6189067237504361,0.7456193543368467,0.38063042566758465,0.7456193543368467,1.0930212863871138,231.31305131631038,,,,,1.0,1.0,"{""C"": 63.13569977355509, ""gamma"": 0.12116828223492729}"
statlog,1,1,custom_hermite,422,423,0.10780154114845254,0.009900990099009901,0.002409764163210935,0.009900990099009901,6.499998287509188,0.3000429483025371,0.5918193043967382,0.7093635935346139,0.3000429483025371,0.7093635935346139,1.0597293728542552,221.6152275225691,,,,,0.6848341232227488,0.6893364928909952,"{""C"": 79.46766419927161, ""degree"": 5}"
statlog,1,1,custom_gegen,422,423,0.1270305762735274,0.009900990099009901,0.26714686696226264,0.009900990099009901,22.374080131925936,0.14735118657819074,0.30527731881019426,0.38196126127561714,0.14735118657819074,0.38196126127561714,1.0344757024631606,342.8480800290681,,,,,0.5938388625592418,0.5850710900473933,"{""C"": 0.8338697311594373, ""degree"": 4, ""alpha"": 0.5178051580875327}"
statlog,1,1,custom_alsalam,422,423,0.17495438048779052,0.009900990099009901,0.244636879620597,0.009900990099009901,26.646565551493346,0.12753620386108014,0.2717586407057937,0.35427243511464096,0.12753620386108014,0.35427243511464096,1.04090916905513,421.4622868325521,,,,,0.84218009478673,0.8255924170616116,"{""C"": 0.8338697311594373, ""degree"": 4, ""a"": -1, ""q"": 0.5063060577516493}"
statlog,2,0,linear,423,422,0.1282248882030205,0.009900990099009901,0.09195593532522635,0.009900990099009901,2.608820654524147,0.5841105517038124,0.8393117125198102,0.9337285704833148,0.5841105517038124,0.9337285704833148,1.1235154375076353,17.956365526050888,,,,,1.0,1.0,"{""C"": 13.997493408317144}"
statlog,2,0,poly,423,422,0.1271531678325494,0.009900990099009901,0.0491836007059353,0.009900990099009901,3.9171130822592657,0.4637507168464174,0.6946772736149295,0.8120334211575282,0.4637507168464174,0.8120334211575282,1.1045843798442727,239.08325582074843,,,,,0.9092198581560282,0.9108747044917259,"{""C"": 11.760983267001057, ""degree"": 5, ""gamma"": 0.04132766089737322}"
statlog,2,0,rbf,423,422,0.18640840515915996,0.009900990099009901,0.016656478517231187,0.009900990099009901,14.072593490869169,0.19843216654253779,0.3947277052092734,0.4941261536860681,0.19843216654253779,0.4941261536860681,1.0687317176453959,390.2763044065278,,,,,1.0,1.0,"{""C"": 13.997493408317144, ""gamma"": 0.4510458923247816}"
statlog,2,0,custom_hermite,423,422,0.12253785746406316,0.009900990099009901,0.0029676754173117866,0.009900990099009901,6.205821002516761,0.3125552795054537,0.6129591417040107,0.7235806766358241,0.3125552795054537,0.7235806766358241,1.071856639368703,220.67581692615414,,,,,0.6652482269503546,0.672340425531915,"{""C"": 11.760983267001057, ""degree"": 5}"
statlog,2,0,custom_gegen,423,422,0.15682028153729552,0.009900990099009901,0.0165771017626948,0.009900990099009901,5.52887935483611,0.38647164316930155,0.5977176344890507,0.6950247930519383,0.38647164316930155,0.6950247930519383,1.0988417742660963,321.5627911233728,,,,,0.852482269503546,0.8690307328605202,"{""C"": 11.760983267001057, ""degree"": 5, ""alpha"": -0.14094118409913742}"
statlog,2,0,custom_alsalam,423,422,0.20205611196394727,0.009900990099009901,5.846721904105333,0.009900990099009901,28.50910059798047,0.12294460375116496,0.2615474089589398,0.34035777022039465,0.12294460375116496,0.34035777022039465,1.049105728247481,422.9767533125389,,,,,0.9106382978723405,0.9200945626477542,"{""C"": 13.997493408317144, ""degree"": 4, ""a"": -1, ""q"": 0.37972760983576637}"
statlog,2,1,linear,422,423,0.1191597696304402,0.009900990099009901,0.08942472256020347,0.009900990099009901,2.6456039464902963,0.5779941624038047,0.8367947762909844,0.9303291370927618,0.5779941624038047,0.9303291370927618,1.1129226148780982,17.959584774709157,,,,,1.0,1.0,"{""C"": 8.518255896917722}"
statlog,2,1,poly,422,423,0.12038683432267393,0.009900990099009901,0.03134679305130814,0.009900990099009901,3.6856620330293044,0.47741966200461483,0.7238133772193152,0.8303897332659348,0.47741966200461483,0.8303897332659348,1.0983303094846986,192.80531542129447,,,,,0.9203791469194312,0.9312796208530807,"{""C"": 15.609317460000273, ""degree"": 4, ""gamma"": 0.12277467032989008}"
statlog,2,1,rbf,422,423,0.13329512942442825,0.009900990099009901,0.0071654154975666455,0.009900990099009901,3.6639639669196833,0.4799891790707933,0.7276751076793812,0.8358725394985996,0.4799891790707933,0.8358725394985996,1.1048754979660562,134.1042094047549,,,,,1.0,1.0,"{""C"": 51.57801033745898, ""gamma"": 0.052459898905027225}"
statlog,2,1,custom_hermite,422,423,0.12993063397353408,0.009900990099009901,0.003896938933114452,0.009900990099009901,7.766712505582611,0.26033821026611964,0.5388235599411855,0.6595404833152982,0.26033821026611964,0.6595404833152982,1.0618604908007494,271.16704840290447,,,,,0.6900473933649289,0.7092417061611375,"{""C"": 24.875544435705184, ""degree"": 6}"
statlog,2,1,custom_gegen,422,423,0.14489315692793045,0.009900990099009901,0.010229293587415634,0.009900990099009901,4.700765246419022,0.4153558553652188,0.6502047209382805,0.7705128294862015,0.4153558553652188,0.7705128294862015,1.098949464456404,194.41758067395568,,,,,0.7848341232227487,0.8172985781990522,"{""C"": 51.57801033745898, ""degree"": 2, ""alpha"": 0.12575327480618714}"
statlog,2,1,custom_alsalam,422,423,0.18681851894935148,0.009900990099009901,7.840138428773877,0.009900990099009901,21.69757659215197,0.1387828535588715,0.3031114269242876,0.39431963430429007,0.1387828535588715,0.39431963430429007,1.051925989323793,421.9437930556393,,,,,0.8137440758293838,0.8362559241706162,"{""C"": 51.57801033745898, ""degree"": 2, ""a"": -1, ""q"": 0.3132352810603334}"
statlog,3,0,linear,423,422,0.10049699968148201,0.009900990099009901,0.07244246625076753,0.009900990099009901,2.709611866707851,0.5683613434516319,0.8291421917155065,0.9275279932293948,0.5683613434516319,0.9275279932293948,1.0894881180011953,17.955683295796632,,,,,1.0,1.0,"{""C"": 3.8981468293856714}"
statlog,3,0,poly,423,422,0.100105781302147,0.009900990099009901,0.01618672010030087,0.009900990099009901,3.36737015139887,0.5031124644446869,0.7527420636985964,0.8507156649616491,0.5031124644446869,0.8507156649616491,1.0816303130187053,141.59849127004605,,,,,0.9498817966903073,0.9458628841607566,"{""C"": 68.17355597220745, ""degree"": 3, ""gamma"": 1.1144843515140754}"
statlog,3,0,rbf,423,422,0.11055161695339735,0.009900990099009901,0.006122761399832491,0.009900990099009901,3.918234103027922,0.4590144475883869,0.7098172312608617,0.8203101637955663,0.4590144475883869,0.8203101637955663,1.0815400520969292,144.6039637984561,,,,,1.0,1.0,"{""C"": 3.8981468293856714, ""gamma"": 0.05840670110592162}"
statlog,3,0,custom_hermite,423,422,0.10554302658071728,0.009900990099009901,0.0033760840463246053,0.009900990099009901,7.778206254841792,0.2646347880106652,0.5458016796953375,0.6558888245175447,0.2646347880106652,0.6558888245175447,1.0498691784749707,274.6116080519626,,,,,0.7021276595744681,0.6907801418439716,"{""C"": 0.6043258584916497, ""degree"": 6}"
statlog,3,0,custom_gegen,423,422,0.06337775879231654,0.009900990099009901,0.35678352634040333,0.009900990099009901,4.982813330797224,0.39528333677001826,0.6481171259482708,0.7516494922999889,0.39528333677001826,0.7516494922999889,1.0556289029297752,394.1371203630836,,,,,0.7886524822695035,0.7971631205673758,"{""C"": 0.29090115710257153, ""degree"": 1, ""alpha"": 0.39544076043197074}"
statlog,3,0,custom_alsalam,423,422,0.1586923220923195,0.009900990099009901,68.87669588204233,0.009900990099009901,28.655471723474715,0.11269592043099481,0.26276171021543265,0.3409427039226645,0.11269592043099481,0.3409427039226645,1.0383480005152512,422.9982002625165,,,,,0.8822695035460992,0.8825059101654847,"{""C"": 0.008876830529299433, ""degree"": 5, ""a"": -1, ""q"": 0.2430290196985456}"
statlog,3,1,linear,422,423,0.14807014355964376,0.009900990099009901,0.1102884184339322,0.009900990099009901,2.5539582334246536,0.5922881173439104,0.8442787452076655,0.9389132079959251,0.5922881173439104,0.9389132079959251,1.150640907541434,17.95778991939008,,,,,1.0,1.0,"{""C"": 5.162264666228197}"
statlog,3,1,poly,422,423,0.15262543879299534,0.009900990099009901,0.058905651557587466,0.009900990099009901,3.9722364721575145,0.4597225013727656,0.6940816678186186,0.8124054956333755,0.4597225013727656,0.8124054956333755,1.1269454932786702,239.07910746894362,,,,,0.9042654028436018,0.913744075829384,"{""C"": 2.7388537911734008, ""degree"": 5, ""gamma"": 0.046527705049729834}"
statlog,3,1,rbf,422,423,0.23576643251457544,0.009900990099009901,0.015587489005487884,0.009900990099009901,35.47075739963958,0.10444958765009679,0.22323207522249347,0.29738934836333547,0.10444958765009679,0.29738934836333547,1.0501412837649013,415.2480376566708,,,,,1.0,1.0,"{""C"": 0.2594492353524502, ""gamma"": 0.9596261831748059}"
statlog,3,1,custom_hermite,422,423,0.14591340725119575,0.009900990099009901,0.0033584304483759196,0.009900990099009901,6.121980552076033,0.3179399087909649,0.6068445572062866,0.7258178454158632,0.3179399087909649,0.7258178454158632,1.0850330079437762,217.51056687879085,,,,,0.6819905213270141,0.690521327014218,"{""C"": 0.2594492353524502, ""degree"": 5}"
statlog,3,1,custom_gegen,422,423,0.1358525701891896,0.009900990099009901,0.17835122181470853,0.009900990099009901,5.5049906292172555,0.3688076451726378,0.621121000392348,0.7430344100025018,0.3688076451726378,0.7430344100025018,1.1068978016096334,342.7623186325161,,,,,0.8322274881516589,0.852132701421801,"{""C"": 5.162264666228197, ""degree"": 1, ""alpha"": -0.3277406524147257}"
statlog,3,1,custom_alsalam,422,423,0.06887559503531422,0.009900990099009901,2.870456442002598,0.009900990099009901,5.411580759312824,0.3864355031975216,0.5903288612971765,0.7253753615462353,0.3864355031975216,0.7253753615462353,1.077540193473653,417.82322225465055,,,,,0.7350710900473935,0.7578199052132703,"{""C"": 5.162264666228197, ""degree"": 1, ""a"": -1, ""q"": 0.08990661338370291}"
statlog,4,0,linear,423,422,0.12629717982886196,0.009900990099009901,0.09438861607022203,0.009900990099009901,2.608678830136771,0.5852440472517753,0.8311384006439354,0.9318543977585391,0.5852440472517753,0.9318543977585391,1.128352474738581,17.956779574357768,,,,,1.0,1.0,"{""C"": 31.55597059374817}"
statlog,4,0,poly,423,422,0.1262971798288619,0.009900990099009901,0.005243812003901224,0.009900990099009901,2.608678830136789,0.585244047251773,0.8311384006439333,0.9318543977585372,0.585244047251773,0.9318543977585372,1.1283524747385805,18.44436924843351,,,,,1.0,1.0,"{""C"": 2.8709929320518475, ""degree"": 1, ""gamma"": 0.01627909686037984}"
statlog,4,0,rbf,423,422,0.13586775363942125,0.009900990099009901,0.004551025587833341,0.009900990099009901,3.1269010556115338,0.528815767788681,0.7685618626568922,0.8682597081001467,0.528815767788681,0.8682597081001467,1.1238867211332615,88.78281658391936,,,,,1.0,1.0,"{""C"": 31.55597059374817, ""gamma"": 0.027613558110703394}"
statlog,4,0,custom_hermite,423,422,0.11808924218126839,0.009900990099009901,0.0004415395967136233,0.009900990099009901,3.9874976260618515,0.43482421301644214,0.726300040659961,0.837911304307215,0.43482421301644214,0.837911304307215,1.0940149571950935,66.27110593553394,,,,,0.6018912529550826,0.6245862884160757,"{""C"": 31.55597059374817, ""degree"": 1}"
statlog,4,0,custom_gegen,423,422,0.05297589984076762,0.009900990099009901,2.104669948194161,0.009900990099009901,4.175667785750179,0.45753388075040574,0.6624560535343907,0.7651085078118676,0.45753388075040574,0.7651085078118676,1.0720796927035354,416.7173662937513,,,,,0.742789598108747,0.750354609929078,"{""C"": 2.8709929320518475, ""degree"": 1, ""alpha"": -0.4752828372130605}"
statlog,4,0,custom_alsalam,423,422,0.2066402953038563,0.009900990099009901,670.4236422869794,0.009900990099009901,23.472556385820393,0.1384759024091819,0.2959809245951966,0.3780599921831487,0.1384759024091819,0.3780599921831487,1.0566459523424823,422.99968109308725,,,,,0.8676122931442081,0.8910165484633572,"{""C"": 0.0032617478084204063, ""degree"": 4, ""a"": -1, ""q"": 0.11362756081900542}"
statlog,4,1,linear,422,423,0.12515768614897152,0.009900990099009901,0.08966793354738137,0.009900990099009901,2.6435019622244917,0.577545519337647,0.8418622537249874,0.9396490025085947,0.577545519337647,0.9396490025085947,1.1135457362254284,17.957004249966502,,,,,1.0,1.0,"{""C"": 19.557138861797448}"
statlog,4,1,poly,422,423,0.1290197535283892,0.009900990099009901,0.06773396683876927,0.009900990099009901,4.580665030283898,0.4176845084051724,0.6652945378186588,0.7840383467229155,0.4176845084051724,0.7840383467229155,1.0903335670418206,282.71260888212197,,,,,0.8914691943127961,0.9004739336492892,"{""C"": 8.750593751892776, ""degree"": 6, ""gamma"": 0.641763002994459}"
statlog,4,1,rbf,422,423,0.13671840738154264,0.009900990099009901,0.007106754749478116,0.009900990099009901,3.718602424615285,0.475918028273926,0.720796704641812,0.8377386927919134,0.475918028273926,0.8377386927919134,1.1038768734219822,134.6662717312195,,,,,1.0,1.0,"{""C"": 13.653047435578383, ""gamma"": 0.0532372408289945}"
statlog,4,1,custom_hermite,422,423,0.11543558044489925,0.009900990099009901,0.004025309701611943,0.009900990099009901,7.16976278327582,0.28626983397221223,0.5634098739891338,0.6730701206521664,0.28626983397221223,0.6730701206521664,1.0555085230732026,281.50805169187663,,,,,0.6881516587677725,0.6890995260663507,"{""C"": 8.750593751892776, ""degree"": 6}"
statlog,4,1,custom_gegen,422,423,0.10385265291641396,0.009900990099009901,0.35212188117876786,0.009900990099009901,6.450704900881915,0.3198902090886314,0.6030336250032344,0.7186668750396913,0.3198902090886314,0.7186668750396913,1.0695388241121861,388.57852160204783,,,,,0.7943127962085308,0.8203791469194314,"{""C"": 3.34444232820312, ""degree"": 1, ""alpha"": -0.38597281538842926}"
statlog,4,1,custom_alsalam,422,423,0.06412748444534236,0.009900990099009901,2.486863711713649,0.009900990099009901,5.797910899964705,0.35784037679881914,0.613289393024866,0.7287217530203633,0.35784037679881914,0.7287217530203633,1.0545456090357685,418.0230553040427,,,,,0.734123222748815,0.7568720379146919,"{""C"": 3.34444232820312, ""degree"": 1, ""a"": -1, ""q"": 0.061229467798662965}"
hepatitis,0,0,linear,40,40,0.2632018387634677,0.009900990099009901,0.254022969079339,0.009900990099009901,7.820431097492287,0.25980516621165267,0.5177311337244106,0.6886990642216969,0.25980516621165267,0.6886990642216969,1.1572515908961025,18.996235911048014,0.9968470301497984,0.04829242147490931,0.5,20.0,1.0,1.0,"{""C"": 0.007841840497753518}"
hepatitis,0,0,poly,40,40,0.23170926299292566,0.009900990099009901,0.220575334483857,0.009900990099009901,15.977209630426055,0.16019794755115355,0.3292584127161594,0.460215528733895,0.16019794755115355,0.460215528733895,1.0698031480741987,39.96619217207336,1.091621741380029,0.815186120299205,0.65,26.0,0.8699999999999999,0.9024999999999999,"{""C"": 43.965201211870614, ""degree"": 5, ""gamma"": 1.6818525803558952}"
hepatitis,0,0,rbf,40,40,0.1614238960565495,0.039603960396039604,0.0068180409952872415,0.04950495049504951,38.15739098021667,0.04211827419880715,0.10306591637553435,0.15545768126850124,0.04211827419880715,0.15545768126850124,1.0017718574039647,39.95903029103692,0.9983253628620824,0.003649350557378738,1.0,40.0,0.6799999999999999,0.6375,"{""C"": 0.007841840497753518, ""gamma"": 3.0287351225279573}"
hepatitis,0,0,custom_hermite,40,40,0.22593946569364912,0.009900990099009901,1.3200177693747564e-06,0.009900990099009901,21.536898480390235,0.09556718051361987,0.25299018223600384,0.3840638701845807,0.09556718051361987,0.3840638701845807,1.1345796802233372,3.6656807786606986,0.9999997397026437,5.039105472929478e-07,0.35,14.0,0.36500000000000005,0.4025,"{""C"": 0.007841840497753518, ""degree"": 6}"
hepatitis,0,0,custom_gegen,40,40,0.0853875783383324,0.801980198019802,502214337.1616674,0.8514851485148515,21.962705644119726,0.09613098148494992,0.2518825080677676,0.3729593652261921,0.09613098148494992,0.3729593652261921,0.8971613346043031,39.99999999999936,1.0000215859343597,0.7599626185396341,1.0,40.0,0.19,0.2725,"{""C"": 0.007841840497753518, ""degree"": 6, ""alpha"": 0.45863124950585366}"
hepatitis,0,0,custom_alsalam,40,40,0.1697356354769481,0.019801980198019802,0.18656191167115913,0.04950495049504951,33.28590423238839,0.07354886570568708,0.15261000006661146,0.2164816987870267,0.07354886570568708,0.2164816987870267,1.0227902203730599,39.99790960171629,0.9583422384181948,0.09104528017200894,1.0,40.0,0.29500000000000004,0.3175,"{""C"": 0.007841840497753518, ""degree"": 6, ""a"": -1, ""q"": 0.4771651379476063}"
hepatitis,0,1,linear,40,40,0.1798888517643488,0.009900990099009901,0.20595025529115052,0.0297029702970297,8.342385598431951,0.22691137824073307,0.5111340624662453,0.6927510036410242,0.22691137824073307,0.6927510036410242,1.0726487868723158,18.99602973725996,2.861577700135011,2.1385570615126133,0.3,12.0,1.0,1.0,"{""C"": 56.68282909927099}"
hepatitis,0,1,poly,40,40,0.18690593731508423,0.009900990099009901,0.20201722272216072,0.019801980198019802,17.416825079848856,0.15319462063872638,0.3140724939332488,0.43194064388585895,0.15319462063872638,0.43194064388585895,1.0351797606282576,39.982548552203696,1.081865185197024,0.7391915759444514,0.55,22.0,0.8850000000000001,0.8649999999999999,"{""C"": 0.18322013428523165, ""degree"": 5, ""gamma"": 0.04051457074382376}"
hepatitis,0,1,rbf,40,40,0.1903156747707123,0.009900990099009901,0.008676588627165041,0.019801980198019802,13.835780719344182,0.16889377041248177,0.3747529634331477,0.5190567194931126,0.16889377041248177,0.5190567194931126,1.0546636612966762,39.3698970146075,1.2299993991819917,0.852974053584109,0.475,19.0,1.0,1.0,"{""C"": 9.451649307163606, ""gamma"": 0.04051457074382376}"
hepatitis,0,1,custom_hermite,40,40,0.16225771926384688,0.10891089108910891,1.0654731813125179e-07,0.10891089108910891,23.2372935240673,0.08624644026505711,0.23261222606634388,0.34778923686300217,0.08624644026505711,0.34778923686300217,1.0534936421252135,0.4552387255596705,0.9999995755101235,3.6804146522159194e-06,0.3,12.0,0.395,0.4425,"{""C"": 0.34967748570163615, ""degree"": 2}"
hepatitis,0,1,custom_gegen,40,40,0.18616557218322588,0.009900990099009901,0.2285862356363437,0.039603960396039604,22.09835321285382,0.12707617005479707,0.25824798821565287,0.3581411964087311,0.12707617005479707,0.3581411964087311,1.0258234765010277,39.99523188971701,1.0396677857428478,0.73422964996609,0.725,29.0,0.845,0.8174999999999999,"{""C"": 20.610680374303286, ""degree"": 5, ""alpha"": -0.22018120061055224}"
hepatitis,0,1,custom_alsalam,40,40,0.019151030296468675,0.1782178217821782,2.5174723693586306e-27,0.2079207920792079,1.4330834537266712,0.8324835770346618,0.9150132769943781,0.9471109028350161,0.8324835770346618,0.9471109028350161,1.2208615009451933,2.12647094775385e-20,1.0,0.0,0.3,12.0,0.27999999999999997,0.34750000000000003,"{""C"": 0.34967748570163615, ""degree"": 2, ""a"": -1, ""q"": 0.9416764975687861}"
hepatitis,1,0,linear,40,40,0.22933412476061274,0.009900990099009901,0.23993877860940818,0.009900990099009901,7.019716720615428,0.2980513877163899,0.53541455903377,0.7025634105378781,0.2980513877163899,0.7025634105378781,1.1290667582775145,18.995340256246685,0.984264384788716,0.1714836860220146,0.45,18.0,1.0,1.0,"{""C"": 0.018384161706270656}"
hepatitis,1,0,poly,40,40,0.24129206353177032,0.009900990099009901,0.034199321461562134,0.009900990099009901,9.02176472822273,0.2579252942441549,0.46307518939271003,0.614794177494825,0.2579252942441549,0.614794177494825,1.114826502558152,38.64610812515312,0.9947013933747524,0.023491632315309246,0.475,19.0,0.9550000000000001,0.9800000000000001,"{""C"": 0.018384161706270656, ""degree"": 2, ""gamma"": 0.5657073889932459}"
hepatitis,1,0,rbf,40,40,0.2501359388721067,0.009900990099009901,0.011053022191927225,0.009900990099009901,12.246110894864138,0.21211062854013463,0.38469566149991613,0.5164799590589195,0.21211062854013463,0.5164799590589195,1.1019370624964964,38.61256712374434,0.997321068630044,0.007390397541002292,0.5,20.0,1.0,1.0,"{""C"": 0.018384161706270656, ""gamma"": 0.046643234498157535}"
hepatitis,1,0,custom_hermite,40,40,0.2581877618177295,0.009900990099009901,1.689918632144856e-07,0.009900990099009901,19.429317033800295,0.11865643376067019,0.2767436443738341,0.3986856071718654,0.11865643376067019,0.3986856071718654,1.1704630957751465,0.4782862873501983,0.9999999782128679,1.2450702058405162e-07,0.35,14.0,0.45999999999999996,0.5125,"{""C"": 0.018384161706270656, ""degree"": 2}"
hepatitis,1,0,custom_gegen,40,40,0.182951536689505,0.009900990099009901,1.1469459020253486e-103,0.019801980198019802,20.762541816978356,0.10308500580897087,0.2402530883149248,0.3525667775449396,0.10308500580897087,0.3525667775449396,1.064782423477615,4.538754606420363e-97,1.0,0.0,0.35,14.0,0.19,0.265,"{""C"": 0.018384161706270656, ""degree"": 2, ""alpha"": 0.7980593200986166}"
hepatitis,1,0,custom_alsalam,40,40,0.1944283665077578,0.019801980198019802,8.444484878394608e-08,0.019801980198019802,24.668710393366656,0.07500723705965148,0.21471793652378895,0.3213184614134174,0.07500723705965148,0.3213184614134174,1.1351014744911274,0.3296825429594814,1.0000000009426782,7.107756793578203e-08,0.35,14.0,0.265,0.3325,"{""C"": 0.018384161706270656, ""degree"": 2, ""a"": -1, ""q"": 0.6443206701993187}"
hepatitis,1,1,linear,40,40,0.21733544919220243,0.009900990099009901,0.23063762675143795,0.009900990099009901,9.06755119152035,0.20997425037237216,0.47247667425222056,0.6532778561745106,0.20997425037237216,0.6532778561745106,1.0859055823885753,18.99626359169251,1.0221515356352646,0.06639013588727685,0.375,15.0,1.0,1.0,"{""C"": 0.012904161164453755}"
hepatitis,1,1,poly,40,40,0.19399979173565893,0.0297029702970297,0.20290465139816016,0.019801980198019802,18.42333808626049,0.12744108642777824,0.29888787745087275,0.4211054771077354,0.12744108642777824,0.4211054771077354,1.0329838685407229,39.98953075376181,1.0515866464080852,0.7330563719012702,0.55,22.0,0.8550000000000001,0.875,"{""C"": 0.22415838532195104, ""degree"": 5, ""gamma"": 0.0535550950761857}"
hepatitis,1,1,rbf,40,40,0.1579869302601624,0.4752475247524752,0.007612339307879772,0.27722772277227725,37.60957721744283,0.04332199270386954,0.11028855136113938,0.16610296289540083,0.04332199270386954,0.16610296289540083,1.0009744747249791,39.957401612202595,0.9592200832132184,0.09717503519683901,0.975,39.0,1.0,1.0,"{""C"": 0.22415838532195104, ""gamma"": 1.0818178362300728}"
hepatitis,1,1,custom_hermite,40,40,0.15934648600603582,0.1188118811881188,4.6021670499709355e-07,0.09900990099009901,25.25381977439157,0.08288325001508765,0.21473921162886195,0.3183628060714653,0.08288325001508765,0.3183628060714653,1.0334168602384763,1.8898910253468728,0.999996638292728,1.014220878543257e-05,0.3,12.0,0.33,0.36499999999999994,"{""C"": 0.22415838532195104, ""degree"": 5}"
hepatitis,1,1,custom_gegen,40,40,0.222061698588783,0.009900990099009901,0.0026929245015703458,0.009900990099009901,10.476215552646607,0.19297627504394554,0.4360439339289739,0.6042575750492107,0.19297627504394554,0.6042575750492107,1.0767641154559464,37.01069632793694,1.0031495318560166,0.015804615554531574,0.375,15.0,0.9550000000000001,0.9675,"{""C"": 0.22415838532195104, ""degree"": 5, ""alpha"": -0.04792954817047662}"
hepatitis,1,1,custom_alsalam,40,40,0.15329373350760758,0.5544554455445545,413.4261445489098,0.5346534653465347,36.62459615945067,0.04570846397786062,0.12059796619625207,0.18503101292052387,0.04570846397786062,0.18503101292052387,0.9955167418603709,39.999999185345004,1.0004788390255408,0.7143641003179282,0.975,39.0,0.15,0.25,"{""C"": 0.22415838532195104, ""degree"": 5, ""a"": -1, ""q"": 0.22770303657936325}"
hepatitis,2,0,linear,40,40,0.19791038941833813,0.009900990099009901,0.19964842781971487,0.009900990099009901,7.591160718289797,0.27223008005025273,0.5195496898407832,0.690559978052472,0.27223008005025273,0.690559978052472,1.1284746470638902,18.995053504839927,1.0175209889617285,0.3514910441960253,0.45,18.0,1.0,1.0,"{""C"": 0.027049222602590513}"
hepatitis,2,0,poly,40,40,0.20994793284853444,0.009900990099009901,0.028562193460090146,0.009900990099009901,9.878030440485,0.23039965466483694,0.45031166466313255,0.5991442793068696,0.23039965466483694,0.5991442793068696,1.1071298049160325,39.30609712368279,1.3095611400362297,0.9331435577494819,0.375,15.0,0.9550000000000001,0.9675,"{""C"": 1.0755641215023457, ""degree"": 2, ""gamma"": 3.8751842294757317}"
hepatitis,2,0,rbf,40,40,0.2212466087737056,0.009900990099009901,0.009616813482254401,0.009900990099009901,13.972518627908508,0.1793699543903678,0.36578368128356054,0.49090894974969657,0.1793699543903678,0.49090894974969657,1.0910410359417608,39.368397755471776,0.9862601222154466,0.6094763205489588,0.55,22.0,1.0,1.0,"{""C"": 1.0755641215023457, ""gamma"": 0.050362972635436515}"
hepatitis,2,0,custom_hermite,40,40,0.261933612962972,0.009900990099009901,1.4582002555483349e-06,0.009900990099009901,24.623613462902533,0.09174855935486273,0.21612725181622777,0.3104955572724923,0.09174855935486273,0.3104955572724923,1.2144275163601448,3.782728774959192,0.9985860435707956,0.003749410685408846,0.775,31.0,0.36,0.4175,"{""C"": 67.22876821378797, ""degree"": 6}"
hepatitis,2,0,custom_gegen,40,40,0.21240679764952666,0.009900990099009901,0.009863081051527821,0.009900990099009901,10.620916074538405,0.22180740085368056,0.4314965482020775,0.5767909999518772,0.22180740085368056,0.5767909999518772,1.099447198694176,39.54263122422543,1.4330196125238455,1.0620828707092556,0.4,16.0,0.905,0.9550000000000001,"{""C"": 67.22876821378797, ""degree"": 6, ""alpha"": 0.07999760560583269}"
hepatitis,2,0,custom_alsalam,40,40,0.14948395197354034,0.4158415841584158,111.94276131207597,0.4158415841584158,33.58856580870781,0.06348721336393631,0.1606236777712865,0.22099851942738008,0.06348721336393631,0.22099851942738008,0.9861800002382123,39.99999688859458,0.9999935781573278,0.7599258044533374,1.0,40.0,0.23500000000000001,0.2625,"{""C"": 67.22876821378797, ""degree"": 6, ""a"": -1, ""q"": 0.29070233843905324}"
hepatitis,2,1,linear,40,40,0.2810645615539448,0.009900990099009901,0.3098659545990152,0.009900990099009901,8.246085074232495,0.22343737076740752,0.51671006717358,0.6933880926180753,0.22343737076740752,0.6933880926180753,1.1114579720329634,18.99655007928331,1.4342817157641108,0.9333309261199118,0.375,15.0,1.0,1.0,"{""C"": 0.2922955558091749}"
hepatitis,2,1,poly,40,40,0.26659255753176403,0.009900990099009901,0.16069920519671985,0.009900990099009901,14.292082738711084,0.1684183797736354,0.3697619449677225,0.4992528612798436,0.1684183797736354,0.4992528612798436,1.0713145718585977,39.921420351892635,1.1111979604607023,0.7765911044761457,0.575,23.0,0.905,0.9025000000000001,"{""C"": 46.70270326223221, ""degree"": 4, ""gamma"": 0.060974229548689605}"
hepatitis,2,1,rbf,40,40,0.2678149875383551,0.009900990099009901,0.013993386312493283,0.009900990099009901,15.45899513260875,0.15553116690676572,0.35048429439553824,0.4768241586738083,0.15553116690676572,0.4768241586738083,1.0662605396294582,39.43630015793357,1.0106466252666817,0.6372972157825457,0.575,23.0,1.0,1.0,"{""C"": 1.80423777176009, ""gamma"": 0.060974229548689605}"
hepatitis,2,1,custom_hermite,40,40,0.16395533804239207,0.0594059405940594,4.961644373023799e-07,0.1485148514851485,23.180738600525878,0.08412594295573302,0.22514190348699104,0.34720191766891534,0.08412594295573302,0.34720191766891534,0.9866430607452097,1.8933029365248522,0.9999997735634387,6.785403599098609e-07,0.3,12.0,0.42000000000000004,0.4600000000000001,"{""C"": 0.014888118804606472, ""degree"": 5}"
hepatitis,2,1,custom_gegen,40,40,0.09215107561657519,0.46534653465346537,2430703999.3841186,0.44554455445544555,15.455281027087498,0.17229415505839585,0.3434149417405832,0.4512646694558087,0.17229415505839585,0.4512646694558087,0.988897851681709,39.999999999999744,0.9999575251431608,0.7140833987967106,1.0,40.0,0.135,0.2625,"{""C"": 0.014888118804606472, ""degree"": 5, ""alpha"": 0.49139724045654476}"
hepatitis,2,1,custom_alsalam,40,40,0.15923276184519747,0.21782178217821782,0.07946869650171311,0.2871287128712871,34.24553926120575,0.05578055968525077,0.14088294295877155,0.2129099660697629,0.05578055968525077,0.2129099660697629,1.0046566517899707,39.9935873280095,0.9689789955190331,0.07433891462717225,0.975,39.0,0.325,0.3925,"{""C"": 0.014888118804606472, ""degree"": 5, ""a"": -1, ""q"": 0.49330115359166526}"
hepatitis,3,0,linear,40,40,0.13066094038422288,0.039603960396039604,0.12882719546008325,0.04950495049504951,7.922793912033782,0.24280704989022822,0.5231482183579889,0.6823635579722387,0.24280704989022822,0.6823635579722387,1.076233641665291,18.995231936308887,2.2954099571287214,1.8191873101015201,0.325,13.0,1.0,1.0,"{""C"": 10.171559512625224}"
hepatitis,3,0,poly,40,40,0.1629600649548467,0.009900990099009901,0.2860222957879604,0.019801980198019802,17.46951760079038,0.1595493862423377,0.3075289337563176,0.41584739247679425,0.1595493862423377,0.41584739247679425,1.022903288914359,39.99288674424935,1.0628899204158606,0.7955287891950616,0.625,25.0,0.8399999999999999,0.8475000000000001,"{""C"": 10.171559512625224, ""degree"": 6, ""gamma"": 3.9862780095126364}"
hepatitis,3,0,rbf,40,40,0.173871271790815,0.009900990099009901,0.008604399322203415,0.009900990099009901,22.201090306655086,0.12953141207789073,0.24938126439229963,0.342383689373158,0.12953141207789073,0.342383689373158,1.0374619692568452,39.85562774456556,1.0056306598795133,0.7626485375598705,0.825,33.0,1.0,1.0,"{""C"": 23.863675279873853, ""gamma"": 0.13309744351087377}"
hepatitis,3,0,custom_hermite,40,40,0.20810862161177213,0.009900990099009901,1.089572254442083e-06,0.009900990099009901,25.528840632386796,0.08816222162882484,0.20241266125154628,0.3008071407710888,0.08816222162882484,0.3008071407710888,1.1453342648123697,3.65171115348132,0.9997575177597188,0.0007812507517950809,0.35,14.0,0.31500000000000006,0.4025,"{""C"": 10.171559512625224, ""degree"": 6}"
hepatitis,3,0,custom_gegen,40,40,0.09174160718847184,0.24752475247524752,4.434556618412298e-103,0.38613861386138615,8.80151249888862,0.2331018080209436,0.47154742765172203,0.6591120988096019,0.2331018080209436,0.6591120988096019,1.1064098583815216,2.2053171192359793e-96,1.0,0.0,0.35,14.0,0.22999999999999998,0.32,"{""C"": 10.171559512625224, ""degree"": 6, ""alpha"": 1.4987667794841677}"
hepatitis,3,0,custom_alsalam,40,40,0.17377991749816718,0.04950495049504951,2.4699618337013198e-23,0.019801980198019802,5.217802692226619,0.35051363573609745,0.6521953140260012,0.8259227584570578,0.35051363573609745,0.8259227584570578,2.0408600424829095,4.9669042107256115e-17,1.0,0.0,0.35,14.0,0.23500000000000001,0.3125,"{""C"": 10.171559512625224, ""degree"": 6, ""a"": -1, ""q"": 0.9893926853741127}"
hepatitis,3,1,linear,40,40,0.3310018295374863,0.009900990099009901,0.3839320100745728,0.009900990099009901,7.68304849735911,0.26367915443713513,0.5317298681633575,0.6955843902921272,0.26367915443713513,0.6955843902921272,1.15130466681466,18.996712519071533,1.0185824172961262,0.04440289935056783,0.5,20.0,1.0,1.0,"{""C"": 0.01663094818013619}"
hepatitis,3,1,poly,40,40,0.32078319570128705,0.009900990099009901,0.1019838022696652,0.009900990099009901,12.266694352430312,0.1984268418591294,0.3930054963394676,0.5389022861734,0.1984268418591294,0.5389022861734,1.1060500987916877,39.65130191993825,0.9977037714246967,0.02115998014720952,0.5,20.0,0.945,0.9574999999999999,"{""C"": 0.01663094818013619, ""degree"": 3, ""gamma"": 0.23372357164697255}"
hepatitis,3,1,rbf,40,40,0.19859411943218244,0.009900990099009901,0.010586669613948278,0.009900990099009901,28.74498148743317,0.089633063263637,0.19380330055105768,0.2670435467655942,0.089633063263637,0.2670435467655942,1.0233580337019113,39.816048984730244,0.9968553698353688,0.007524049480440839,0.85,34.0,1.0,1.0,"{""C"": 0.01663094818013619, ""gamma"": 0.2480572037957472}"
hepatitis,3,1,custom_hermite,40,40,0.204893983693325,0.009900990099009901,3.129188365927276e-07,0.019801980198019802,22.682127388949596,0.08568988360791611,0.2334567490373818,0.35122027127704697,0.08568988360791611,0.35122027127704697,1.0469755194467256,0.9949973015394865,0.9999998951023883,2.974845659588898e-07,0.3,12.0,0.4,0.40750000000000003,"{""C"": 0.01663094818013619, ""degree"": 3}"
hepatitis,3,1,custom_gegen,40,40,0.10747776248356715,0.6435643564356436,3391461.4092865386,0.5742574257425742,20.400619291615303,0.10155655032972474,0.2706784684692373,0.4048096070527395,0.10155655032972474,0.4048096070527395,0.9705089843181834,39.99999999981763,1.0006291212244403,0.7143976794908615,0.975,39.0,0.165,0.2325,"{""C"": 0.01663094818013619, ""degree"": 3, ""alpha"": 0.480840192622787}"
hepatitis,3,1,custom_alsalam,40,40,0.16623740225561087,0.07920792079207921,0.10639525408570895,0.09900990099009901,33.26348767185236,0.058573211831253615,0.15175243781538467,0.2197241269908506,0.058573211831253615,0.2197241269908506,1.0182505575164573,39.993788814345606,0.9585270744008259,0.0988719687503088,1.0,40.0,0.30999999999999994,0.335,"{""C"": 0.01663094818013619, ""degree"": 3, ""a"": -1, ""q"": 0.4881022054122267}"
hepatitis,4,0,linear,40,40,0.2291237543075718,0.009900990099009901,0.22646575825523546,0.009900990099009901,7.773975637015295,0.24250554423610768,0.540868835789561,0.7122097960780003,0.24250554423610768,0.7122097960780003,1.1273923053112285,18.995508794146946,2.764799008227025,2.250621376107553,0.25,10.0,1.0,1.0,"{""C"": 2.0942336644227417}"
hepatitis,4,0,poly,40,40,0.19917325920992712,0.019801980198019802,0.34371843317541184,0.009900990099009901,17.470711044331217,0.149809090670156,0.3181328896429153,0.4302801970621618,0.149809090670156,0.4302801970621618,1.0437366842793685,39.983617046476006,1.099655165728459,0.8290754009422393,0.65,26.0,0.825,0.8375,"{""C"": 2.0942336644227417, ""degree"": 6, ""gamma"": 1.4289509159197376}"
hepatitis,4,0,rbf,40,40,0.19038729904895946,0.019801980198019802,0.009286099619446181,0.009900990099009901,25.06812546248623,0.11063116663542209,0.22792758282714554,0.30771768866123833,0.11063116663542209,0.30771768866123833,1.03476677950377,39.79740542277936,1.0040618363239813,0.7619489558766354,0.875,35.0,1.0,1.0,"{""C"": 2.2382034268345263, ""gamma"": 0.18358571007407162}"
hepatitis,4,0,custom_hermite,40,40,0.2233294641445361,0.009900990099009901,1.3097141170286013e-06,0.0297029702970297,23.811179047184556,0.08740157103642898,0.22654298512250373,0.3316686454989122,0.08740157103642898,0.3316686454989122,1.1272964383118627,3.8756008320526885,0.9999508847520389,0.00014042081768251476,0.35,14.0,0.335,0.41500000000000004,"{""C"": 2.0942336644227417, ""degree"": 6}"
hepatitis,4,0,custom_gegen,40,40,0.15333002638457993,0.09900990099009901,3.1020843734846383e-102,0.1188118811881188,15.221175691760012,0.12404368924238965,0.3325665679527925,0.4718232326548423,0.12404368924238965,0.4718232326548423,1.0641007611345072,1.2186218443907532e-95,1.0,0.0,0.35,14.0,0.205,0.27999999999999997,"{""C"": 2.0942336644227417, ""degree"": 6, ""alpha"": 1.1305953948230194}"
hepatitis,4,0,custom_alsalam,40,40,0.1321093788521578,0.07920792079207921,3.3671764469966494e-24,0.1485148514851485,7.0585899464149175,0.24315407745044046,0.6036844672185815,0.7259618899451116,0.24315407745044046,0.7259618899451116,1.3444552271454928,1.037336907933375e-17,1.0,0.0,0.35,14.0,0.195,0.3125,"{""C"": 2.0942336644227417, ""degree"": 6, ""a"": -1, ""q"": 0.8080821542344518}"
hepatitis,4,1,linear,40,40,0.25054377010810147,0.009900990099009901,0.2782391241067717,0.009900990099009901,8.40929302141153,0.2443614781447525,0.4900719082625699,0.6620588528237882,0.2443614781447525,0.6620588528237882,1.1027647961095866,18.996740130726206,1.0051270210410934,0.043393866678434374,0.4,16.0,1.0,1.0,"{""C"": 0.0070053839160269665}"
hepatitis,4,1,poly,40,40,0.25629721905534264,0.009900990099009901,0.08031620512431652,0.009900990099009901,12.974883897211296,0.19151070335468673,0.3806199946324649,0.5132367046889537,0.19151070335468673,0.5132367046889537,1.0726082319018204,39.875355372073884,1.0501831020840586,0.6382788042568894,0.45,18.0,0.9550000000000001,0.9675,"{""C"": 0.38234557331330965, ""degree"": 3, ""gamma"": 0.029132075524203643}"
hepatitis,4,1,rbf,40,40,0.2564775068244691,0.009900990099009901,0.0082901000668555,0.009900990099009901,11.037331198640176,0.208729603245427,0.4204291241656407,0.569605301373979,0.208729603245427,0.569605301373979,1.0868786762478988,38.689341091087314,0.9717031825298392,0.3984293753097541,0.425,17.0,1.0,1.0,"{""C"": 2.06235277043505, ""gamma"": 0.02136600931459192}"
hepatitis,4,1,custom_hermite,40,40,0.20417191721058006,0.009900990099009901,1.306296312535986e-07,0.019801980198019802,21.608484690489433,0.0980814099635639,0.2604942129575312,0.37309069574860654,0.0980814099635639,0.37309069574860654,1.065626428054642,0.4307261764947945,0.9999946267054319,0.00018429392692308227,0.3,12.0,0.43000000000000005,0.44250000000000006,"{""C"": 14.973848262506017, ""degree"": 2}"
hepatitis,4,1,custom_gegen,40,40,0.21689840821570966,0.009900990099009901,0.8047548357252841,0.039603960396039604,26.03160789686786,0.11209043069770692,0.21509139688516207,0.29718080534722824,0.11209043069770692,0.29718080534722824,1.0182182604566394,39.99880011688822,1.015253794404514,0.7211549174732709,0.775,31.0,0.7300000000000001,0.72,"{""C"": 0.38234557331330965, ""degree"": 3, ""alpha"": -0.26643536521505323}"
hepatitis,4,1,custom_alsalam,40,40,0.13832606085764643,0.2871287128712871,6.849512110922444e-09,0.24752475247524752,22.616194814734378,0.1150384681207445,0.25217078598409426,0.34966940869905033,0.1150384681207445,0.34966940869905033,1.0437209011889788,0.03192258360135653,0.999995588474931,9.418218011931252e-06,0.3,12.0,0.185,0.2725,"{""C"": 14.973848262506017, ""degree"": 2, ""a"": -1, ""q"": 0.6596151390671873}"
wine,0,0,linear,89,89,0.6852722032385387,0.009900990099009901,0.3623015903753009,0.009900990099009901,3.9546985896352895,0.44675789709844993,0.7141075743386002,0.8321643527805479,0.44675789709844993,0.8321643527805479,1.5903613882846472,12.997539662357406,,,,,1.0,1.0,"{""C"": 25.807186020495053}"
wine,0,0,poly,89,89,0.6960167904815145,0.009900990099009901,0.09676115792924855,0.009900990099009901,4.987883205854996,0.389431081025868,0.6442816052255922,0.7548188896561238,0.389431081025868,0.7548188896561238,1.508944511706638,77.2865597785971,,,,,0.9438202247191011,0.9617977528089887,"{""C"": 0.1868833845853856, ""degree"": 3, ""gamma"": 0.5991398471966195}"
wine,0,0,rbf,89,89,0.7291663732571874,0.009900990099009901,0.06284794618776891,0.009900990099009901,6.725228399509258,0.3234421212055137,0.5605537213497521,0.656062668300772,0.3234421212055137,0.656062668300772,1.4224588003913112,84.69713633690402,,,,,1.0,1.0,"{""C"": 25.807186020495053, ""gamma"": 0.1611075546188931}"
wine,0,0,custom_hermite,89,89,0.6496624779521666,0.009900990099009901,0.05134534438605271,0.009900990099009901,7.783722600821258,0.30750573391047337,0.5165271505180162,0.6255015696188557,0.30750573391047337,0.6255015696188557,1.3144954181336799,87.06605407753108,,,,,0.6741573033707865,0.6752808988764044,"{""C"": 2.5797145240497876, ""degree"": 6}"
wine,0,0,custom_gegen,89,89,0.705990991218364,0.009900990099009901,0.1644575267191824,0.009900990099009901,17.64110752893661,0.17627951125094485,0.329266281891946,0.40592460804777925,0.17627951125094485,0.40592460804777925,1.2122915519277309,88.83242069377337,,,,,0.755056179775281,0.7910112359550563,"{""C"": 2.672668106021561, ""degree"": 6, ""alpha"": 0.21163006641510806}"
wine,0,0,custom_alsalam,89,89,0.6674270447175515,0.009900990099009901,6.204434628228376,0.009900990099009901,25.88311452733122,0.12306702689038443,0.267135869942045,0.33640571667553476,0.12306702689038443,0.33640571667553476,1.1485281025445464,88.99758254582011,,,,,0.9078651685393259,0.9292134831460676,"{""C"": 2.672668106021561, ""degree"": 6, ""a"": -1, ""q"": 0.3555263643652291}"
wine,0,1,linear,89,89,0.6785501708358728,0.009900990099009901,0.3065931180472367,0.009900990099009901,4.937421455731364,0.37283303446852245,0.6709884530353925,0.8058127286124617,0.37283303446852245,0.8058127286124617,1.4970637488574343,12.997589001297701,,,,,1.0,1.0,"{""C"": 3.3131043997818854}"
wine,0,1,poly,89,89,0.686293258854742,0.009900990099009901,0.08335758389441487,0.009900990099009901,6.22644976495485,0.3233597989471074,0.6021599254264776,0.7274071590806331,0.3233597989471074,0.7274071590806331,1.4307615826468687,77.5744973928752,,,,,0.9685393258426966,0.9505617977528089,"{""C"": 3.786742124674782, ""degree"": 3, ""gamma"": 0.35814238768656476}"
wine,0,1,rbf,89,89,0.6415720654975341,0.009900990099009901,0.05024207309403482,0.009900990099009901,29.41699078797379,0.11866896920907292,0.23844834030836826,0.30900666216034256,0.11866896920907292,0.30900666216034256,1.1263919998521053,88.74805395327346,,,,,1.0,1.0,"{""C"": 1.0484342153396224, ""gamma"": 0.82657931690211}"
wine,0,1,custom_hermite,89,89,0.667597829657013,0.009900990099009901,0.04053347371378884,0.009900990099009901,6.0173680507901475,0.3735443997599487,0.5447322033244791,0.6560463612110995,0.3735443997599487,0.6560463612110995,1.3931991798909016,85.29583970599813,,,,,0.6808988764044943,0.697752808988764,"{""C"": 1.0484342153396224, ""degree"": 5}"
wine,0,1,custom_gegen,89,89,0.6911672504968299,0.009900990099009901,0.7066271174119075,0.009900990099009901,14.856013879558992,0.18961854585319857,0.37523885521291866,0.46577342498584196,0.18961854585319857,0.46577342498584196,1.2387376069846423,88.93189020797229,,,,,0.8741573033707865,0.8741573033707867,"{""C"": 0.011511660263521364, ""degree"": 6, ""alpha"": -0.35119109310015617}"
wine,0,1,custom_alsalam,89,89,0.6709477416932316,0.009900990099009901,51.54609063900029,0.009900990099009901,25.33023782953743,0.13158681690095156,0.2635067489222377,0.338478746032305,0.13158681690095156,0.338478746032305,1.1522898006378328,88.99964556239246,,,,,0.9011235955056178,0.8910112359550562,"{""C"": 0.03803401526723607, ""degree"": 5, ""a"": -1, ""q"": 0.1901139745180093}"
wine,1,0,linear,89,89,0.6914971833525755,0.009900990099009901,0.34735895224894714,0.009900990099009901,4.19768550770253,0.4272197925203209,0.7040510296327366,0.8292978942311098,0.4272197925203209,0.8292978942311098,1.5767719671279983,12.99752703345901,,,,,1.0,1.0,"{""C"": 3.2301147143980096}"
wine,1,0,poly,89,89,0.6914971833525757,0.009900990099009901,0.02671991940376517,0.009900990099009901,4.197685507702531,0.42721979252032105,0.7040510296327362,0.829297894231109,0.42721979252032105,0.829297894231109,1.576771967127998,13.963752415079547,,,,,1.0,1.0,"{""C"": 3.6503669847618796, ""degree"": 1, ""gamma"": 0.06981225846337004}"
wine,1,0,rbf,89,89,0.7117088890921602,0.009900990099009901,0.02725473221329315,0.009900990099009901,4.988302537278325,0.38543987327390883,0.6506011502021328,0.7679720863454835,0.38543987327390883,0.7679720863454835,1.523183337670147,63.564581190984626,,,,,1.0,1.0,"{""C"": 3.2301147143980096, ""gamma"": 0.047361227633729484}"
wine,1,0,custom_hermite,89,89,0.6121606930072817,0.009900990099009901,0.01763563974366519,0.009900990099009901,3.99456455624689,0.4678387240854135,0.6855101115248723,0.7743473942543484,0.4678387240854135,0.7743473942543484,1.4728783722994347,70.3908908844576,,,,,0.6404494382022472,0.6741573033707865,"{""C"": 3.2301147143980096, ""degree"": 2}"
wine,1,0,custom_gegen,89,89,0.733601800343925,0.009900990099009901,0.08813895148443582,0.009900990099009901,10.89868504985974,0.24420385802930675,0.4318766835611207,0.5158426157976393,0.24420385802930675,0.5158426157976393,1.3115833456549635,87.91942179825362,,,,,0.8202247191011236,0.8280898876404493,"{""C"": 0.4913041710894106, ""degree"": 4, ""alpha"": 0.17425234989062255}"
wine,1,0,custom_alsalam,89,89,0.7252083662249532,0.009900990099009901,20.134800627717624,0.009900990099009901,16.587159988360167,0.17126487105915067,0.3473063446282797,0.43019662228144234,0.17126487105915067,0.43019662228144234,1.224090884187566,88.99791354951137,,,,,0.804494382022472,0.8179775280898878,"{""C"": 3.2301147143980096, ""degree"": 2, ""a"": -1, ""q"": 0.22436321219030742}"
wine,1,1,linear,89,89,0.6839294135105483,0.009900990099009901,0.3283674796671205,0.009900990099009901,4.5336513158926754,0.3943592670063636,0.6901049362550452,0.8252822170261497,0.3943592670063636,0.8252822170261497,1.5354546825531419,12.997296820290952,,,,,1.0,1.0,"{""C"": 0.05042893150535155}"
wine,1,1,poly,89,89,0.6859149367492506,0.009900990099009901,0.1774586998804054,0.009900990099009901,7.175405326123623,0.29196219929096073,0.5599132670386925,0.6790284443467286,0.29196219929096073,0.6790284443467286,1.3939986870001768,86.05644414081513,,,,,0.8966292134831461,0.8842696629213485,"{""C"": 3.0983058488985016, ""degree"": 5, ""gamma"": 0.07004508919925903}"
wine,1,1,rbf,89,89,0.6670786176302744,0.009900990099009901,0.05742169634501019,0.009900990099009901,22.61274043946437,0.14428550931333922,0.2864123320000471,0.36171600780557006,0.14428550931333922,0.36171600780557006,1.159932433239859,88.64893173744692,,,,,1.0,1.0,"{""C"": 3.0983058488985016, ""gamma"": 0.685368334591538}"
wine,1,1,custom_hermite,89,89,0.6792315580336212,0.009900990099009901,0.037735970868602725,0.009900990099009901,6.4273663751947145,0.3531931558622989,0.5468154634337882,0.660782015366884,0.3531931558622989,0.660782015366884,1.3900516188637877,84.64835050569114,,,,,0.6741573033707864,0.7101123595505617,"{""C"": 3.0983058488985016, ""degree"": 5}"
wine,1,1,custom_gegen,89,89,0.7253195256832246,0.009900990099009901,0.005026600457107551,0.009900990099009901,8.103470863886878,0.28793575898553,0.5100153760445654,0.6099814087731751,0.28793575898553,0.6099814087731751,1.3633486579408185,59.16273436712091,,,,,0.7932584269662921,0.8292134831460676,"{""C"": 3.0983058488985016, ""degree"": 5, ""alpha"": 0.04840139493280893}"
wine,1,1,custom_alsalam,89,89,0.6556364083049939,0.009900990099009901,17.780244126922533,0.009900990099009901,25.600138437593607,0.12927651388567682,0.2644534140687941,0.33677066371555503,0.12927651388567682,0.33677066371555503,1.146109835396514,88.99903197930324,,,,,0.8674157303370785,0.8696629213483147,"{""C"": 3.0983058488985016, ""degree"": 5, ""a"": -1, ""q"": 0.2751423954945491}"
wine,2,0,linear,89,89,0.6878106827593161,0.009900990099009901,0.3529151480711395,0.009900990099009901,4.528177044621759,0.39990903935049255,0.6947265372213511,0.8254003853138913,0.39990903935049255,0.8254003853138913,1.5398378670171284,12.997618111569844,,,,,1.0,1.0,"{""C"": 2.6627789827460573}"
wine,2,0,poly,89,89,0.6925805588927836,0.009900990099009901,0.05824495610116888,0.009900990099009901,5.1344638736516055,0.3715521183325759,0.6560034948938491,0.7806089115565845,0.3715521183325759,0.7806089115565845,1.4991156091335809,63.528822570376676,,,,,0.9707865168539327,0.9797752808988764,"{""C"": 0.7293089490923816, ""degree"": 2, ""gamma"": 0.04145344638575273}"
wine,2,0,rbf,89,89,0.7000760330974964,0.009900990099009901,0.0190650328132204,0.009900990099009901,5.0680361952428274,0.37598538596833586,0.6556223838299696,0.7811716837528017,0.37598538596833586,0.7811716837528017,1.505949249517278,54.80601732006332,,,,,1.0,1.0,"{""C"": 22.93318676618339, ""gamma"": 0.030709620650328194}"
wine,2,0,custom_hermite,89,89,0.6452506816614888,0.009900990099009901,0.008736846032365195,0.009900990099009901,4.5596547773443055,0.42790749098877984,0.652623137796496,0.7674844864533785,0.42790749098877984,0.7674844864533785,1.4454476426316412,57.93796343448392,,,,,0.6494382022471911,0.6797752808988764,"{""C"": 22.93318676618339, ""degree"": 1}"
wine,2,0,custom_gegen,89,89,0.7228470927379459,0.009900990099009901,0.20679243782002793,0.009900990099009901,11.125360162041611,0.23679282334009433,0.4379480003864057,0.5279924347998636,0.23679282334009433,0.5279924347998636,1.3017341711269603,88.65583364646997,,,,,0.8808988764044945,0.8943820224719103,"{""C"": 2.6627789827460573, ""degree"": 6, ""alpha"": -0.24750991779367817}"
wine,2,0,custom_alsalam,89,89,0.6952911545705683,0.009900990099009901,2.5237145193488257,0.009900990099009901,20.07205680635242,0.155906336255983,0.3059207672234286,0.3837836983220958,0.155906336255983,0.3837836983220958,1.184613909611869,88.98789573811,,,,,0.797752808988764,0.8303370786516855,"{""C"": 0.013737286274701317, ""degree"": 2, ""a"": -1, ""q"": 0.3776978552353577}"
wine,2,1,linear,89,89,0.6766698832458078,0.009900990099009901,0.316785089628276,0.009900990099009901,4.207513598670631,0.42623084749294515,0.7016820308173384,0.8189961583547818,0.42623084749294515,0.8189961583547818,1.5538397929101355,12.997433200308272,,,,,1.0,1.0,"{""C"": 0.3097030928449488}"
wine,2,1,poly,89,89,0.6900973960269577,0.009900990099009901,0.08623607027494784,0.009900990099009901,5.228231890951479,0.3740753311870001,0.6362432734645318,0.7460016683118883,0.3740753311870001,0.7460016683118883,1.48412171927766,76.41151537757726,,,,,0.9550561797752809,0.9528089887640451,"{""C"": 0.21186938273716008, ""degree"": 3, ""gamma"": 0.06937703333518672}"
wine,2,1,rbf,89,89,0.6977194225044311,0.009900990099009901,0.031178582494281647,0.009900990099009901,5.154661014321258,0.37833633414789913,0.6387400670299194,0.747377000083905,0.37833633414789913,0.747377000083905,1.4912185378027067,68.5040601519124,,,,,1.0,1.0,"{""C"": 0.3097030928449488, ""gamma"": 0.06179322292625188}"
wine,2,1,custom_hermite,89,89,0.6538998610459766,0.009900990099009901,0.05858391647945948,0.009900990099009901,6.532001069064676,0.3539964654360459,0.5360297488445241,0.6438304662119219,0.3539964654360459,0.6438304662119219,1.3780455747573421,86.92536533900689,,,,,0.651685393258427,0.6955056179775281,"{""C"": 0.8928671480940047, ""degree"": 6}"
wine,2,1,custom_gegen,89,89,0.7130997297348775,0.009900990099009901,0.05403912767842034,0.009900990099009901,5.994944586267873,0.3478744213344601,0.5917892149464679,0.6936965707235612,0.3478744213344601,0.6936965707235612,1.453556711142907,79.60212143083666,,,,,0.8674157303370786,0.8853932584269664,"{""C"": 0.4012059214765041, ""degree"": 2, ""alpha"": -0.1679988875272727}"
wine,2,1,custom_alsalam,89,89,0.7274911822145703,0.009900990099009901,15.118805495043597,0.009900990099009901,15.851418846697523,0.18102593289433436,0.3582061483788769,0.4393417381176881,0.18102593289433436,0.4393417381176881,1.2269799736621527,88.99703047093477,,,,,0.7955056179775281,0.8382022471910113,"{""C"": 0.3097030928449488, ""degree"": 2, ""a"": -1, ""q"": 0.24670694252662953}"
wine,3,0,linear,89,89,0.7129497794893801,0.009900990099009901,0.3353089223899481,0.009900990099009901,4.574921046079623,0.3988134500150006,0.6763019373334711,0.8117255103737893,0.3988134500150006,0.8117255103737893,1.5662518843601811,12.997466519321494,,,,,1.0,1.0,"{""C"": 0.09095772739014367}"
wine,3,0,poly,89,89,0.7213262212425287,0.009900990099009901,0.08999826050640977,0.009900990099009901,5.650827902229352,0.3528231088394512,0.6115169679523866,0.7392309482899876,0.3528231088394512,0.7392309482899876,1.494398633130352,77.3179028361581,,,,,0.9662921348314607,0.9595505617977529,"{""C"": 53.270793613195124, ""degree"": 3, ""gamma"": 0.44927923912480766}"
wine,3,0,rbf,89,89,0.7527669062463236,0.009900990099009901,0.070917790161575,0.009900990099009901,9.744391796505116,0.25177203023239375,0.4639724358881634,0.5679443721055243,0.25177203023239375,0.5679443721055243,1.3391406865077218,87.32326198361201,,,,,1.0,1.0,"{""C"": 1.0679543501749897, ""gamma"": 0.2667410452753519}"
wine,3,0,custom_hermite,89,89,0.6814791773566194,0.009900990099009901,0.03111517891459604,0.009900990099009901,5.276411705280177,0.4006634301840211,0.5902566379330965,0.6949485310193377,0.4006634301840211,0.6949485310193377,1.4396336907589264,82.1764002422203,,,,,0.701123595505618,0.7168539325842697,"{""C"": 1.0679543501749897, ""degree"": 4}"
wine,3,0,custom_gegen,89,89,0.7501982092298229,0.009900990099009901,0.039583677196177176,0.009900990099009901,6.628833168108781,0.3264787987562013,0.5566830181128228,0.6687829244142466,0.3264787987562013,0.6687829244142466,1.462406708122677,77.38902449362487,,,,,0.8224719101123595,0.8584269662921348,"{""C"": 0.3617802381366024, ""degree"": 2, ""alpha"": 0.1399167740590197}"
wine,3,0,custom_alsalam,89,89,0.7353608143231943,0.009900990099009901,5.91761133312212,0.009900990099009901,17.274482340902136,0.17255811883067984,0.3350204642086352,0.4168489599716117,0.17255811883067984,0.4168489599716117,1.2230563831508732,88.99380690235934,,,,,0.8179775280898877,0.8460674157303371,"{""C"": 0.3617802381366024, ""degree"": 2, ""a"": -1, ""q"": 0.3202102706421303}"
wine,3,1,linear,89,89,0.6603566335510928,0.009900990099009901,0.3371363226753639,0.009900990099009901,4.152389119354111,0.42680719423064395,0.7134602487101279,0.8434290749502666,0.42680719423064395,0.8434290749502666,1.5356924626264243,12.997463904335545,,,,,1.0,1.0,"{""C"": 0.21874341475561504}"
wine,3,1,poly,89,89,0.6721772877378345,0.009900990099009901,0.09127402980549822,0.009900990099009901,5.36141743551294,0.3653410603473576,0.635777167614984,0.7579150184221853,0.3653410603473576,0.7579150184221853,1.4579025910975705,77.24173300840214,,,,,0.952808988764045,0.9438202247191011,"{""C"": 0.3804393242876208, ""degree"": 3, ""gamma"": 0.030407799410821494}"
wine,3,1,rbf,89,89,0.7133974932225374,0.009900990099009901,0.06428380843254738,0.009900990099009901,8.270984463990635,0.2826941807124482,0.5100819743975109,0.6067654325738381,0.2826941807124482,0.6067654325738381,1.3509452822644443,86.38237648811229,,,,,1.0,1.0,"{""C"": 0.3804393242876208, ""gamma"": 0.20933652792620805}"
wine,3,1,custom_hermite,89,89,0.6278033105473143,0.009900990099009901,0.02124241565596437,0.009900990099009901,5.0818995974500005,0.40046046960691406,0.6265677193573719,0.7370410600765757,0.40046046960691406,0.7370410600765757,1.4176038951821888,77.05528822929709,,,,,0.6539325842696628,0.6797752808988764,"{""C"": 12.03117938763114, ""degree"": 3}"
wine,3,1,custom_gegen,89,89,0.7006231700337855,0.009900990099009901,0.19602550028596458,0.009900990099009901,8.775795671353267,0.27386682854545985,0.4923396825936734,0.5909058030479368,0.27386682854545985,0.5909058030479368,1.337274864140845,88.18641898592375,,,,,0.8966292134831458,0.8876404494382022,"{""C"": 0.3804393242876208, ""degree"": 3, ""alpha"": -0.2510544256206916}"
wine,3,1,custom_alsalam,89,89,0.6755363707856077,0.009900990099009901,94.29223186675944,0.009900990099009901,21.459970224685506,0.14652206737664175,0.2976897436662251,0.37427256048382174,0.14652206737664175,0.37427256048382174,1.1669089237975996,88.99976059297323,,,,,0.9011235955056178,0.9067415730337081,"{""C"": 0.3804393242876208, ""degree"": 3, ""a"": -1, ""q"": 0.1276716898953378}"
wine,4,0,linear,89,89,0.6885280908336643,0.009900990099009901,0.3346693912017341,0.009900990099009901,4.588673628307927,0.3912637319904346,0.683620780577757,0.8234935682073653,0.3912637319904346,0.8234935682073653,1.5286162245638373,12.997479557244072,,,,,1.0,1.0,"{""C"": 1.405366368528884}"
wine,4,0,poly,89,89,0.6885280908336642,0.009900990099009901,0.025743799323210314,0.009900990099009901,4.588673628307934,0.39126373199043457,0.6836207805777564,0.8234935682073643,0.39126373199043457,0.8234935682073643,1.5286162245638368,13.961699304287524,,,,,1.0,1.0,"{""C"": 1.405366368528884, ""degree"": 1, ""gamma"": 0.14516429090628363}"
wine,4,0,rbf,89,89,0.6864629341697955,0.009900990099009901,0.06168508368866821,0.009900990099009901,18.9341807848624,0.15743352987417114,0.32250615821856365,0.40746108735480235,0.15743352987417114,0.40746108735480235,1.188682941117969,88.51779966488023,,,,,1.0,1.0,"{""C"": 0.7213741414594214, ""gamma"": 0.5447126574549463}"
wine,4,0,custom_hermite,89,89,0.6379143219766508,0.009900990099009901,0.02804724888682061,0.009900990099009901,5.593983830128671,0.3824127560649944,0.5922177957207242,0.6972592184948535,0.3824127560649944,0.6972592184948535,1.3836544271976525,81.74716190187928,,,,,0.6898876404494382,0.6786516853932584,"{""C"": 0.7213741414594214, ""degree"": 4}"
wine,4,0,custom_gegen,89,89,0.4936120855188753,0.009900990099009901,0.6551301921846467,0.009900990099009901,24.756756088890732,0.12325175505886558,0.28627841893149575,0.3589199827630853,0.12325175505886558,0.3589199827630853,1.1159575375952293,88.97728463612773,,,,,0.6561797752808989,0.6584269662921348,"{""C"": 0.7213741414594214, ""degree"": 4, ""alpha"": 0.3327875416520657}"
wine,4,0,custom_alsalam,89,89,0.6429787633413379,0.009900990099009901,2.329781381881866,0.009900990099009901,27.42862184956274,0.12128119571424413,0.25252565342917377,0.32858540088550836,0.12128119571424413,0.32858540088550836,1.1337390225345236,88.99382423100656,,,,,0.9325842696629213,0.9393258426966291,"{""C"": 0.7213741414594214, ""degree"": 4, ""a"": -1, ""q"": 0.4151918546829268}"
wine,4,1,linear,89,89,0.6756083974615482,0.009900990099009901,0.3355906456177183,0.009900990099009901,4.164664345726453,0.43353533153710494,0.7007783123550207,0.8212238926325964,0.43353533153710494,0.8212238926325964,1.559443997201292,12.997612902219863,,,,,1.0,1.0,"{""C"": 41.955593758244746}"
wine,4,1,poly,89,89,0.6904646011120071,0.009900990099009901,0.13380925070738495,0.009900990099009901,5.761854552140819,0.3595746757689887,0.5989917781284653,0.708957108381297,0.3595746757689887,0.708957108381297,1.4579753673940792,83.61464213153964,,,,,0.9438202247191011,0.9269662921348315,"{""C"": 41.955593758244746, ""degree"": 4, ""gamma"": 0.024788465042797796}"
wine,4,1,rbf,89,89,0.704423457750061,0.009900990099009901,0.06239866164925843,0.009900990099009901,20.366103018814712,0.15337235007163116,0.307608062401617,0.38163944805387773,0.15337235007163116,0.38163944805387773,1.1818117404658566,88.62783510609358,,,,,1.0,1.0,"{""C"": 5.169321348744488, ""gamma"": 0.6352063260044837}"
wine,4,1,custom_hermite,89,89,0.6544363112913606,0.009900990099009901,0.030664007525273474,0.009900990099009901,4.985030958322603,0.4132072852982748,0.6122033559779887,0.7183944536449425,0.4132072852982748,0.7183944536449425,1.4494392196168688,81.54275688040717,,,,,0.651685393258427,0.702247191011236,"{""C"": 41.955593758244746, ""degree"": 4}"
wine,4,1,custom_gegen,89,89,0.42028872095274555,0.009900990099009901,1.5075714307473853,0.009900990099009901,26.829439883896843,0.12305751884991906,0.25302036905355485,0.3505645874393086,0.12305751884991906,0.3505645874393086,1.1135322124096192,88.9931188235975,,,,,0.6,0.5865168539325842,"{""C"": 0.010880916641768544, ""degree"": 4, ""alpha"": 0.3869046300987473}"
wine,4,1,custom_alsalam,89,89,0.7095398786504019,0.009900990099009901,170.63538082226785,0.009900990099009901,20.394656564914083,0.15475837131764617,0.3066013454443361,0.3795163965192459,0.15475837131764617,0.3795163965192459,1.1847358577891485,88.99986105296638,,,,,0.9146067415730338,0.9348314606741575,"{""C"": 41.955593758244746, ""degree"": 4, ""a"": -1, ""q"": 0.09156206181519028}"
haberman,0,0,linear,153,153,0.015069356924301046,0.18811881188118812,0.0024537795989785613,0.21782178217821782,2.09106523372681,0.6193482334143935,0.9999999999999996,0.9999999999999997,0.6193482334143935,0.9999999999999997,1.0373555685973053,2.9999372651242204,0.9939112620043787,0.0174636604702439,0.5424836601307189,83.0,0.9986928104575165,0.9967320261437909,"{""C"": 0.02871368855759335}"
haberman,0,0,poly,153,153,0.02165916420684755,0.13861386138613863,0.010512793125655942,0.1485148514851485,2.8780694386364214,0.5228426312832043,0.8439681197637342,0.9515231016169834,0.5228426312832043,0.9515231016169834,1.018188495312418,27.79538894688406,1.1847048173488235,0.9883838052516617,0.5294117647058824,81.0,0.8653594771241828,0.8941176470588236,"{""C"": 36.28490170056305, ""degree"": 4, ""gamma"": 2.076819178108666}"
haberman,0,0,rbf,153,153,0.031876615778397746,0.1188118811881188,0.0031601618629592183,0.10891089108910891,9.23342473122245,0.22574553577858542,0.49634443933649863,0.6502879666073238,0.22574553577858542,0.6502879666073238,1.0199960605081695,79.462005679259,0.9369492587976571,0.5577778010578611,0.5947712418300654,91.0,0.9973856209150327,0.9967320261437909,"{""C"": 1.2084327423155854, ""gamma"": 2.454725189303408}"
haberman,0,0,custom_hermite,153,153,0.035441832091272406,0.0297029702970297,0.000913047181219195,0.04950495049504951,4.445214282396659,0.35500121262901346,0.7679128473691264,0.9171818962824696,0.35500121262901346,0.9171818962824696,1.0813661463636381,26.640213703163596,0.9150805523594716,0.19560133917600522,0.5620915032679739,86.0,0.8405228758169933,0.8843137254901962,"{""C"": 0.7899529019489095, ""degree"": 6}"
haberman,0,0,custom_gegen,153,153,0.08588873674021576,0.009900990099009901,0.001306129976448318,0.009900990099009901,1.9759479020395074,0.6988004355484314,0.8618895486254687,0.9370251538875511,0.6988004355484314,0.9370251538875511,1.421449718160011,25.404524313656133,0.9393077171209453,0.5569546914616031,0.5294117647058824,81.0,0.42614379084967324,0.42287581699346405,"{""C"": 36.28490170056305, ""degree"": 4, ""alpha"": 1.264775933207747}"
haberman,0,0,custom_alsalam,153,153,0.04956650690276725,0.009900990099009901,0.00010894896976101567,0.019801980198019802,2.2714385828024906,0.6382690466279418,0.8728849741196042,0.9540854620846917,0.6382690466279418,0.9540854620846917,1.2912651422840744,16.564808700879837,0.9826245097531079,0.4739590616885032,0.5490196078431373,84.0,0.592156862745098,0.6045751633986928,"{""C"": 36.28490170056305, ""degree"": 4, ""a"": -1, ""q"": 0.8741610123334633}"
haberman,0,1,linear,153,153,0.041336459281131735,0.0297029702970297,0.0061350188771827525,0.009900990099009901,2.357108155391071,0.5739694011606874,0.9999999999999997,0.9999999999999998,0.5739694011606874,0.9999999999999998,1.0453499588663993,2.9999273073498003,0.9996308108796292,0.0009019657942262758,0.5686274509803921,87.0,0.9973856209150327,0.9967320261437909,"{""C"": 55.9621276732667}"
haberman,0,1,poly,153,153,0.03947240515050828,0.0297029702970297,0.009320356009447531,0.009900990099009901,3.096266805391059,0.4986443146469056,0.8583986689144325,0.9460579077465187,0.4986443146469056,0.9460579077465187,1.0227591907093654,19.56443785791071,0.9997917747284345,0.0003626273479376028,0.5751633986928104,88.0,0.8993464052287581,0.9150326797385621,"{""C"": 0.003183439180469919, ""degree"": 3, ""gamma"": 3.0243618237728342}"
haberman,0,1,rbf,153,153,0.0394478052772212,0.0297029702970297,0.0014208945604971873,0.009900990099009901,2.9749239490720756,0.5069342134062887,0.8868579627512712,0.9588649267124549,0.5069342134062887,0.9588649267124549,1.0399610388012757,20.674445048911373,0.9999091759911872,0.0002308843164299972,0.5294117647058824,81.0,0.9986928104575165,0.9967320261437909,"{""C"": 0.003183439180469919, ""gamma"": 0.1592468453975206}"
haberman,0,1,custom_hermite,153,153,0.06782113583123735,0.009900990099009901,0.0015108411098256442,0.009900990099009901,3.818469479878454,0.39019017730117683,0.8062029606226031,0.9524849194414946,0.39019017730117683,0.9524849194414946,1.1213656479791028,22.065522383387698,0.9572065129319074,0.12228132526620507,0.5490196078431373,84.0,0.7947712418300652,0.8176470588235294,"{""C"": 2.777376146657948, ""degree"": 4}"
haberman,0,1,custom_gegen,153,153,0.11052020307645084,0.009900990099009901,0.003041060852347758,0.009900990099009901,1.5797527963589635,0.7886478145616823,0.9247149053683028,0.9738285247921217,0.7886478145616823,0.9738285247921217,1.5139831919932674,20.186079136033605,0.9998844305104767,0.0010317930942791579,0.5228758169934641,80.0,0.47189542483660135,0.43725490196078437,"{""C"": 0.003183439180469919, ""degree"": 3, ""alpha"": 1.3996618987468479}"
haberman,0,1,custom_alsalam,153,153,0.055258652429552045,0.009900990099009901,0.0002901201227241232,0.009900990099009901,1.534104246274511,0.8007445376414863,0.931992240485018,0.9763144814079725,0.8007445376414863,0.9763144814079725,1.4113179956821085,14.358244687470574,1.0000252568683885,5.910549688352984e-05,0.5228758169934641,80.0,0.5124183006535948,0.5424836601307189,"{""C"": 0.003183439180469919, ""degree"": 3, ""a"": -1, ""q"": 0.9405872667195533}"
haberman,1,0,linear,153,153,0.011850996321243444,0.3069306930693069,0.001782156491222032,0.32673267326732675,2.1830143575459666,0.6136132994526873,0.9999999999999998,1.0,0.6136132994526873,1.0,1.0206743628459491,2.9999274607113,0.9467877099311118,0.6370173055149242,0.5228758169934641,80.0,0.9973856209150327,0.9980392156862744,"{""C"": 27.628298112048522}"
haberman,1,0,poly,153,153,0.01930687728260505,0.21782178217821782,0.008249845846826266,0.16831683168316833,3.0216776271735286,0.5214823042173728,0.8188460339730386,0.933846960723066,0.5214823042173728,0.933846960723066,0.9961579050900127,28.35356381440938,0.8804726673154702,0.42342308956288505,0.5555555555555556,85.0,0.8679738562091502,0.8954248366013072,"{""C"": 0.2966699358490568, ""degree"": 4, ""gamma"": 3.054517343737357}"
haberman,1,0,rbf,153,153,0.01252936358858536,0.31683168316831684,0.000261064782512974,0.3069306930693069,2.4319930299979484,0.5805583275454915,0.9429318230857918,0.9796642967734303,0.5805583275454915,0.9796642967734303,1.0191305019558943,14.82045427052147,0.913265601633754,0.5516488083075467,0.5359477124183006,82.0,0.9973856209150327,0.9980392156862744,"{""C"": 25.795791310115913, ""gamma"": 0.07938032301664716}"
haberman,1,0,custom_hermite,153,153,0.027030237909570914,0.10891089108910891,0.0007055465162278105,0.10891089108910891,4.513561950594536,0.34142276886324446,0.7609081448377801,0.9156312697932715,0.34142276886324446,0.9156312697932715,1.0558360592478626,27.0200527052138,0.9202495186444539,0.5216917408748164,0.5424836601307189,83.0,0.8143790849673203,0.8601307189542485,"{""C"": 3.876779487188052, ""degree"": 6}"
haberman,1,0,custom_gegen,153,153,0.04726293766702859,0.009900990099009901,0.003353738687947634,0.009900990099009901,3.30536724381278,0.5183490885347889,0.7430035077845946,0.8429136037024729,0.5183490885347889,0.8429136037024729,1.1265215414919127,50.1289665370341,0.9570401076732047,0.6494305070444963,0.5163398692810458,79.0,0.5333333333333333,0.5169934640522875,"{""C"": 3.876779487188052, ""degree"": 6, ""alpha"": 0.6982808661195676}"
haberman,1,0,custom_alsalam,153,153,0.028114295884508252,0.13861386138613863,0.0016685987951772752,0.12871287128712872,5.848190277319453,0.31711060350446,0.6445213150294749,0.7958065106820873,0.31711060350446,0.7958065106820873,1.0414604897292552,55.222857481580576,0.9610545399021563,0.66811799649094,0.5490196078431373,84.0,0.8522875816993463,0.877124183006536,"{""C"": 3.876779487188052, ""degree"": 6, ""a"": -1, ""q"": 0.5951835421091338}"
haberman,1,1,linear,153,153,0.030058414212529833,0.019801980198019802,0.0048026350802341765,0.07920792079207921,2.283638076709238,0.5756445571655869,0.9999999999999997,0.9999999999999998,0.5756445571655869,0.9999999999999998,1.0572159309259632,2.9999365294326017,0.9996687229805875,0.0005377484969550071,0.5294117647058824,81.0,0.9960784313725489,0.9967320261437909,"{""C"": 0.0018258709655428515}"
haberman,1,1,poly,153,153,0.030882764693405125,0.0297029702970297,0.008191417625563671,0.06930693069306931,2.9323955036084866,0.5013076302506334,0.8760362450520252,0.9599895347938067,0.5013076302506334,0.9599895347938067,1.0395461072008358,19.419386184927756,0.9997884256322678,0.000494869774736522,0.5620915032679739,86.0,0.8888888888888888,0.9176470588235296,"{""C"": 0.0018258709655428515, ""degree"": 3, ""gamma"": 1.8549093274357142}"
haberman,1,1,rbf,153,153,0.033388273308604256,0.019801980198019802,0.00168151184664868,0.06930693069306931,3.0748119611843037,0.4883720758646222,0.8640826735760235,0.9521695083482976,0.4883720758646222,0.9521695083482976,1.0523879044962228,24.1075223583245,1.0000693418034663,0.00020513624202161458,0.5228758169934641,80.0,0.9960784313725489,0.996078431372549,"{""C"": 0.0018258709655428515, ""gamma"": 0.22601183049256543}"
haberman,1,1,custom_hermite,153,153,0.06058737865882394,0.009900990099009901,0.0012039028202229512,0.009900990099009901,3.5807922844973987,0.3996792247505971,0.8595607606116612,0.9666561486778117,0.3996792247505971,0.9666561486778117,1.1438867130410253,18.88510132371218,0.9999658680712264,7.968987179363328e-05,0.5228758169934641,80.0,0.8235294117647058,0.8450980392156864,"{""C"": 0.0018258709655428515, ""degree"": 3}"
haberman,1,1,custom_gegen,153,153,0.13385472186074407,0.009900990099009901,0.003825335128181876,0.009900990099009901,1.6604177311320392,0.7683284291154379,0.9113116868475875,0.9627721476221706,0.7683284291154379,0.9627721476221706,1.6445818706473594,22.560333253850246,1.0001008601104695,0.00019032583256712535,0.5228758169934641,80.0,0.477124183006536,0.4620915032679739,"{""C"": 0.0018258709655428515, ""degree"": 3, ""alpha"": 1.2242229806827145}"
haberman,1,1,custom_alsalam,153,153,0.07907941944872876,0.009900990099009901,0.0008921049584428038,0.009900990099009901,1.6520500108594953,0.77006341591137,0.912083030240356,0.969173041341216,0.77006341591137,0.969173041341216,1.53188262079111,19.276396055715,1.0000008639143467,0.00013032511553893978,0.5228758169934641,80.0,0.592156862745098,0.6418300653594773,"{""C"": 0.0018258709655428515, ""degree"": 3, ""a"": -1, ""q"": 0.8541902115924926}"
haberman,2,0,linear,153,153,0.03542584021925854,0.019801980198019802,0.005420834216549129,0.0594059405940594,2.17712973695205,0.6085737736105015,0.9999999999999994,0.9999999999999998,0.6085737736105015,0.9999999999999998,1.0545093086843853,2.9999317422513503,0.9998532236995034,0.00040846721065531164,0.5424836601307189,83.0,0.9986928104575165,0.9986928104575165,"{""C"": 0.0015366553616847284}"
haberman,2,0,poly,153,153,0.03542584021925855,0.019801980198019802,0.0018069447388497095,0.0594059405940594,2.1771297369520584,0.6085737736105002,0.9999999999999976,0.9999999999999997,0.6085737736105002,0.9999999999999997,1.054509308684385,3.999449864521619,0.9996196484099636,0.0012108561539848149,0.5620915032679739,86.0,0.9986928104575165,0.996078431372549,"{""C"": 1.1095478151324647, ""degree"": 1, ""gamma"": 0.201538197233672}"
haberman,2,0,rbf,153,153,0.042013303809967664,0.019801980198019802,0.0030903943982604288,0.0594059405940594,3.567053270394658,0.4578487156008201,0.779669212479424,0.9055433371644498,0.4578487156008201,0.9055433371644498,1.0411067120350317,32.7158185499311,0.999889417871472,0.00035976809888151816,0.5424836601307189,83.0,0.9973856209150327,0.9986928104575165,"{""C"": 0.0015366553616847284, ""gamma"": 0.45762368756952104}"
haberman,2,0,custom_hermite,153,153,0.06410060369691856,0.009900990099009901,0.0012731336845858748,0.009900990099009901,3.7103604126509695,0.4047153139287889,0.8356727319258601,0.955218361416552,0.4047153139287889,0.955218361416552,1.1164496407590796,20.60738725356809,0.9998366154716717,0.000355359522178324,0.5359477124183006,82.0,0.792156862745098,0.837908496732026,"{""C"": 0.0015366553616847284, ""degree"": 4}"
haberman,2,0,custom_gegen,153,153,0.07996723763837253,0.009900990099009901,0.001906465389769396,0.009900990099009901,5.817300871650899,0.2993234105214142,0.6471763859637946,0.8134983632381307,0.2993234105214142,0.8134983632381307,1.0556533828936931,36.69624146888391,0.9760881581759288,0.05339769918107364,0.5816993464052288,89.0,0.7647058823529411,0.7287581699346405,"{""C"": 1.094070665639947, ""degree"": 4, ""alpha"": 0.15523189726356068}"
haberman,2,0,custom_alsalam,153,153,0.007226508824126998,0.504950495049505,9.158124571350635e-06,0.5148514851485149,2.0822648378443103,0.6484066174682259,0.9235102916784558,0.9673014762859204,0.6484066174682259,0.9673014762859204,1.0356863793636217,12.65880591162126,0.9754213040449646,0.3827700416048625,0.5490196078431373,84.0,0.5372549019607843,0.561437908496732,"{""C"": 12.834931819314079, ""degree"": 6, ""a"": -1, ""q"": 0.9763671609309521}"
haberman,2,1,linear,153,153,0.03201231766826259,0.07920792079207921,0.005029786398425996,0.039603960396039604,2.279618270595166,0.5862701962813764,0.9999999999999996,0.9999999999999998,0.5862701962813764,0.9999999999999998,1.0549138589143214,2.9999328352266463,0.9246033762943336,0.27741976674420704,0.5359477124183006,82.0,0.9947712418300653,0.9947712418300653,"{""C"": 35.934885152212104}"
haberman,2,1,poly,153,153,0.031094645269796186,0.07920792079207921,0.03875470635767654,0.04950495049504951,3.8555934263219878,0.42874623340061474,0.7656055393987021,0.9097392493973019,0.42874623340061474,0.9097392493973019,1.0338229058499138,43.60375179109572,0.995195478565744,0.017321460273554287,0.5686274509803921,87.0,0.8235294117647058,0.8444444444444446,"{""C"": 0.004800639760492571, ""degree"": 6, ""gamma"": 0.017968816955545367}"
haberman,2,1,rbf,153,153,0.03226007462130004,0.07920792079207921,0.0003178562808530389,0.039603960396039604,2.39647653901482,0.5709794502941417,0.976051027896182,0.9929819171630834,0.5709794502941417,0.9929819171630834,1.054025466602144,10.502714770669835,0.9995821816048119,0.0008221978237406702,0.5294117647058824,81.0,1.0,0.9967320261437909,"{""C"": 0.023665596295252205, ""gamma"": 0.03326338012040496}"
haberman,2,1,custom_hermite,153,153,0.04774913749193735,0.009900990099009901,0.0009882843239675952,0.009900990099009901,4.0665872038419195,0.3400769442262856,0.7984578977617174,0.9461474471432532,0.3400769442262856,0.9461474471432532,1.114228227359277,21.5872441967651,0.951384710490993,0.6091451766088427,0.5163398692810458,79.0,0.8013071895424835,0.8424836601307192,"{""C"": 35.934885152212104, ""degree"": 4}"
haberman,2,1,custom_gegen,153,153,0.03402653617886595,0.07920792079207921,0.0077691263873162116,0.0297029702970297,3.7193324888076558,0.4487457835662097,0.7690014093222209,0.8804813179236061,0.4487457835662097,0.8804813179236061,1.0366714517514108,62.0401873015028,0.9986603751652271,0.0039417221266138495,0.5686274509803921,87.0,0.9254901960784313,0.9300653594771242,"{""C"": 0.004800639760492571, ""degree"": 6, ""alpha"": -0.43984223980591713}"
haberman,2,1,custom_alsalam,153,153,0.046192693539342834,0.009900990099009901,0.011011647751330114,0.009900990099009901,4.57807159236766,0.3817005105783203,0.7120724407305092,0.8797159275352264,0.3817005105783203,0.8797159275352264,1.0543886382524985,23.516193299361753,0.9066681943547543,0.5110790211100382,0.5424836601307189,83.0,0.8705882352941176,0.881045751633987,"{""C"": 0.5990972259998275, ""degree"": 2, ""a"": -1, ""q"": 0.34043984784169645}"
haberman,3,0,linear,153,153,0.02046545196807256,0.15841584158415842,0.003181791799283732,0.0891089108910891,2.1423526688541323,0.6091678210712663,0.9999999999999998,0.9999999999999998,0.6091678210712663,0.9999999999999998,1.0960361703481578,2.9999355561868244,0.9997984123061595,0.0006246377167121131,0.5751633986928104,88.0,0.9986928104575165,0.9967320261437909,"{""C"": 0.2553221819995532}"
haberman,3,0,poly,153,153,0.02021977509285967,0.15841584158415842,0.005232707313365496,0.10891089108910891,2.768504979518171,0.5338141222485902,0.8666332394646158,0.9583677935316208,0.5338141222485902,0.9583677935316208,1.0825755894609757,18.958198315372872,0.9996355023267353,0.0012472166661026938,0.5751633986928104,88.0,0.8888888888888887,0.9313725490196079,"{""C"": 0.005507741395432363, ""degree"": 3, ""gamma"": 0.07352569578822116}"
haberman,3,0,rbf,153,153,0.020837344803158044,0.1485148514851485,0.00021516047832134615,0.0891089108910891,2.2575063749457995,0.5928856308164661,0.9734113847161823,0.9925542679012844,0.5928856308164661,0.9925542679012844,1.0933171795097456,10.4082221441194,0.9998765436431687,0.0007530864775879574,0.5947712418300654,91.0,1.0,0.9993464052287582,"{""C"": 0.2553221819995532, ""gamma"": 0.03538638535945104}"
haberman,3,0,custom_hermite,153,153,0.022845867138121884,0.1188118811881188,0.0002642629973764323,0.12871287128712872,3.2557449062938386,0.4245013945675596,0.9124691750455558,0.9939102118577682,0.4245013945675596,0.9939102118577682,1.1310198489399417,7.271517413466662,0.998827693554777,0.00483068231281266,0.5555555555555556,85.0,0.7516339869281045,0.7947712418300654,"{""C"": 0.2553221819995532, ""degree"": 1}"
haberman,3,0,custom_gegen,153,153,0.04852872018255559,0.0297029702970297,0.00020700835743587767,0.019801980198019802,5.868809150981431,0.2999792350253725,0.641559175759827,0.8064719968985568,0.2999792350253725,0.8064719968985568,1.0897651323993258,23.895499768446037,0.9993070991288783,0.003214702096732236,0.5620915032679739,86.0,0.7359477124183006,0.7366013071895425,"{""C"": 0.17151961268976793, ""degree"": 5, ""alpha"": 0.07128975066210308}"
haberman,3,0,custom_alsalam,153,153,0.03456023916174253,0.0594059405940594,0.015946251649245638,0.0297029702970297,4.6567498334506645,0.385294229403608,0.7022606888791704,0.8466063469916552,0.385294229403608,0.8466063469916552,1.0727776332741061,38.75430208312176,1.1895904029676545,1.0110849536022826,0.5294117647058824,81.0,0.8457516339869281,0.8647058823529412,"{""C"": 16.6060872925563, ""degree"": 3, ""a"": -1, ""q"": 0.1544689308996059}"
haberman,3,1,linear,153,153,0.022047798737894888,0.15841584158415842,0.0034298374919594656,0.09900990099009901,2.304618682728816,0.5840169876270022,0.9999999999999997,0.9999999999999999,0.5840169876270022,0.9999999999999999,0.9959162767918757,2.999929450724891,0.9746058778437207,0.1232193520139949,0.5294117647058824,81.0,0.9934640522875817,0.9980392156862744,"{""C"": 0.23508326323570303}"
haberman,3,1,poly,153,153,0.022047798737894878,0.15841584158415842,0.0011432791639864879,0.09900990099009901,2.304618682728825,0.5840169876270008,0.999999999999998,0.9999999999999997,0.5840169876270008,0.9999999999999997,0.9959162767918757,3.9995467261851037,0.9914564055187363,0.041145446402958114,0.5294117647058824,81.0,0.9986928104575165,0.9954248366013071,"{""C"": 0.23508326323570303, ""degree"": 1, ""gamma"": 0.2407689996209055}"
haberman,3,1,rbf,153,153,0.02250961538529809,0.13861386138613863,0.0001105792252482456,0.09900990099009901,2.360880831719606,0.5767015335256456,0.9881708536105993,0.9959362246454998,0.5767015335256456,0.9959362246454998,0.9963557211652411,8.70879341994544,0.9989800895974155,0.004001324959977645,0.5294117647058824,81.0,0.9934640522875817,0.9980392156862744,"{""C"": 0.23508326323570303, ""gamma"": 0.01624801143926286}"
haberman,3,1,custom_hermite,153,153,0.08165424560849355,0.009900990099009901,0.0011159019576830412,0.009900990099009901,3.330153157060298,0.4142496826566639,0.8799792047595009,0.9878640129034308,0.4142496826566639,0.9878640129034308,1.0970667332882271,7.650965691215896,0.9971642278056083,0.013058609651935319,0.5359477124183006,82.0,0.7385620915032679,0.8026143790849674,"{""C"": 0.23508326323570303, ""degree"": 1}"
haberman,3,1,custom_gegen,153,153,0.020731394198351717,0.13861386138613863,0.0053197749841844225,0.12871287128712872,2.602390006722507,0.5526458488230512,0.8937849139286254,0.9922426872709744,0.5526458488230512,0.9922426872709744,0.9578589815569376,7.9949893680169275,0.9776414745422649,0.16323648407457597,0.5359477124183006,82.0,0.841830065359477,0.8941176470588236,"{""C"": 0.23508326323570303, ""degree"": 1, ""alpha"": 0.49149823654998614}"
haberman,3,1,custom_alsalam,153,153,0.020142036114455666,0.16831683168316833,0.0017695759834597182,0.12871287128712872,2.8971817212355155,0.5186225874447732,0.8597470459128927,0.9658236533439858,0.5186225874447732,0.9658236533439858,0.9995689967572778,7.989830258942383,0.9887013914630604,0.0527261182208546,0.5555555555555556,85.0,0.8470588235294118,0.9045751633986928,"{""C"": 0.23508326323570303, ""degree"": 1, ""a"": -1, ""q"": 0.4933508903612997}"
haberman,4,0,linear,153,153,0.010712640962741538,0.32673267326732675,0.001642812244405703,0.297029702970297,2.194309228844649,0.6072941580083052,0.9999999999999998,0.9999999999999998,0.6072941580083052,0.9999999999999998,1.0291976372365446,2.999931000893527,0.9655817113670108,0.6695472121935176,0.5163398692810458,79.0,0.9960784313725489,0.9973856209150328,"{""C"": 69.6442438227742}"
haberman,4,0,poly,153,153,0.012277849655072351,0.32673267326732675,0.0030690731226161285,0.297029702970297,2.856777043997992,0.5283116280278308,0.868512928663119,0.9562586059401998,0.5283116280278308,0.9562586059401998,1.0197437577427082,19.355981022201224,0.8936133491269582,0.4380799824398234,0.5490196078431373,84.0,0.9098039215686273,0.9084967320261438,"{""C"": 0.4857163692533425, ""degree"": 3, ""gamma"": 3.3603613148274847}"
haberman,4,0,rbf,153,153,0.010854741837052576,0.3465346534653465,0.000205932467107175,0.297029702970297,2.4395662491152486,0.5734427045113313,0.9490511090222206,0.9840734819979239,0.5734427045113313,0.9840734819979239,1.0266562661616978,13.82330877675435,0.9638554181237319,0.6144597409498636,0.5163398692810458,79.0,0.9973856209150327,0.9973856209150327,"{""C"": 69.6442438227742, ""gamma"": 0.07012419485666854}"
haberman,4,0,custom_hermite,153,153,0.018789332437125886,0.297029702970297,0.00044319445496331594,0.25742574257425743,3.976318803591401,0.36981569203841685,0.8200336405567192,0.9390377000304763,0.36981569203841685,0.9390377000304763,1.060442214524714,23.98138246529406,0.9730706617915812,0.6150835148149888,0.5228758169934641,80.0,0.8470588235294118,0.8529411764705882,"{""C"": 9.54472428882735, ""degree"": 5}"
haberman,4,0,custom_gegen,153,153,0.06930659339154521,0.009900990099009901,0.001289003318900766,0.009900990099009901,1.591668914438395,0.7858604309183037,0.9170389910484905,0.9716006091742851,0.7858604309183037,0.9716006091742851,1.391802439893246,18.827017319082394,0.9063964717424542,0.234622289929206,0.5424836601307189,83.0,0.407843137254902,0.3941176470588236,"{""C"": 0.4857163692533425, ""degree"": 3, ""alpha"": 1.4374683204664043}"
haberman,4,0,custom_alsalam,153,153,0.0015631562405865,0.8910891089108911,2.498932483715165e-06,0.9504950495049505,1.7949402323816932,0.7246507632507747,0.9388178841604217,0.9796007452186866,0.7246507632507747,0.9796007452186866,0.9767844656627749,10.576815881279497,0.9834914178269776,0.07351789195461436,0.5424836601307189,83.0,0.5424836601307189,0.550326797385621,"{""C"": 0.4857163692533425, ""degree"": 3, ""a"": -1, ""q"": 0.9592055045512945}"
haberman,4,1,linear,153,153,0.028277027447316815,0.07920792079207921,0.0044832987413902245,0.039603960396039604,2.2441850759291597,0.5916079774174551,0.9999999999999996,0.9999999999999998,0.5916079774174551,0.9999999999999998,1.0507209787626504,2.999933741108019,0.9999131687339284,0.000498046773649376,0.5490196078431373,84.0,0.9973856209150327,0.9980392156862744,"{""C"": 0.21391968065829547}"
haberman,4,1,poly,153,153,0.028277027447316815,0.07920792079207921,0.0014944329137967418,0.039603960396039604,2.244185075929163,0.5916079774174545,0.9999999999999989,0.9999999999999997,0.5916079774174545,0.9999999999999997,1.0507209787626501,3.999499399389959,0.999878015998918,0.0005069204772648521,0.5490196078431373,84.0,0.9921568627450981,0.9941176470588234,"{""C"": 0.21391968065829547, ""degree"": 1, ""gamma"": 0.5074537553642743}"
haberman,4,1,rbf,153,153,0.02940630912229834,0.07920792079207921,0.0003400974323736149,0.039603960396039604,2.37107456826878,0.5745391623808956,0.9737671322814606,0.9919667639072163,0.5745391623808956,0.9919667639072163,1.0505203804765701,11.015524418525864,0.9999177988730308,0.00034305805404625736,0.6078431372549019,93.0,0.9973856209150327,0.9954248366013071,"{""C"": 0.21391968065829547, ""gamma"": 0.03900459084209044}"
haberman,4,1,custom_hermite,153,153,0.07184500407915825,0.009900990099009901,0.0009303253798460093,0.009900990099009901,3.3487113250639977,0.4178294650164806,0.8885672488273422,0.9915461797163657,0.4178294650164806,0.9915461797163657,1.1405082488357752,7.444706111032191,1.0000618478054115,0.00024112475350612192,0.6078431372549019,93.0,0.7411764705882353,0.7908496732026143,"{""C"": 0.21391968065829547, ""degree"": 1}"
haberman,4,1,custom_gegen,153,153,0.0697823257203617,0.009900990099009901,0.003834517530999791,0.009900990099009901,1.8194546003902192,0.7233497921209474,0.9289231950860104,0.9933815090987158,0.7233497921209474,0.9933815090987158,1.2518078245460262,7.633957051507744,0.9999539890603595,0.0004759479675807809,0.5686274509803921,87.0,0.5633986928104576,0.5183006535947712,"{""C"": 0.21391968065829547, ""degree"": 1, ""alpha"": 0.7590603795594657}"
haberman,4,1,custom_alsalam,153,153,0.049421578346024606,0.009900990099009901,0.001597616708350016,0.009900990099009901,3.643270333410567,0.4261837309866422,0.822478882326374,0.9730995313919714,0.4261837309866422,0.9730995313919714,1.1156032202293988,7.954492224857596,0.9999279066559623,0.00044604812711347485,0.6078431372549019,93.0,0.8013071895424836,0.8575163398692811,"{""C"": 0.21391968065829547, ""degree"": 1, ""a"": -1, ""q"": 0.6251151617931037}"
ionosphere,0,0,linear,176,175,0.21879014419372328,0.009900990099009901,0.32595350074159396,0.009900990099009901,8.00640295403204,0.29059068557435297,0.5053985308232064,0.625882155088796,0.29059068557435297,0.625882155088796,1.327875890568629,32.996941236888574,0.9672997774217631,1.0219581042428596,0.52,91.0,1.0,1.0,"{""C"": 0.0591534281364838}"
ionosphere,0,0,poly,176,175,0.2134120324418313,0.009900990099009901,0.11454952834621385,0.009900990099009901,15.601448945204766,0.19862759338501965,0.3401394287330092,0.4345159450142901,0.19862759338501965,0.4345159450142901,1.3235424144238759,152.22370539970763,2.5094659878827654,2.793614439765687,0.2857142857142857,50.0,0.8579545454545454,0.8715909090909091,"{""C"": 41.869439334881704, ""degree"": 5, ""gamma"": 2.5589229026616005}"
ionosphere,0,0,rbf,176,175,0.15490646639591604,0.009900990099009901,0.007955651343341192,0.009900990099009901,77.85313731311055,0.07105405213988236,0.12415551281373159,0.16201379047668513,0.07105405213988236,0.16201379047668513,1.022218729392144,174.07143522623187,1.0317402360643395,0.988076995896968,0.8628571428571429,151.0,0.9136363636363637,0.9073863636363636,"{""C"": 17.003059007626664, ""gamma"": 1.9721080900102803}"
ionosphere,0,0,custom_hermite,176,175,0.06117669192051628,0.009900990099009901,0.034315289018761394,0.009900990099009901,1.8729282921266066,0.7242030014855042,0.8446269595490965,0.8956756543950458,0.7242030014855042,0.8956756543950458,1.4643939806744037,82.38073659080834,1.0091718342761506,0.7003274178491776,0.7142857142857143,125.0,0.38181818181818183,0.37159090909090914,"{""C"": 17.003059007626664, ""degree"": 6}"
ionosphere,0,0,custom_gegen,176,175,0.02705046373356066,0.009900990099009901,205793.3505501072,0.009900990099009901,6.731541508110368,0.18653257646219698,0.5595936898357972,0.8218789198301502,0.18653257646219698,0.8218789198301502,1.7635641431388809,174.99993352252906,1.485775826126675,1.54571017184817,0.5371428571428571,94.0,0.5443181818181818,0.5414772727272728,"{""C"": 17.003059007626664, ""degree"": 6, ""alpha"": -0.47221778250924373}"
ionosphere,0,0,custom_alsalam,176,175,0.21519830899987624,0.009900990099009901,68187171.17507371,0.009900990099009901,52.933077501625455,0.08097222703459964,0.17603173557281876,0.22675266290182025,0.08097222703459964,0.22675266290182025,1.0818732679250525,174.99999999960792,1.088975653011071,1.0410057724005521,0.7142857142857143,125.0,0.5727272727272726,0.5505681818181819,"{""C"": 17.003059007626664, ""degree"": 6, ""a"": -1, ""q"": 0.01875707193012116}"
ionosphere,0,1,linear,175,176,0.11407023861742771,0.009900990099009901,0.19876652579455287,0.009900990099009901,7.083483782255222,0.32416010508677057,0.5182837574931211,0.647019498030093,0.32416010508677057,0.647019498030093,1.2113814990657246,32.99664933289097,1.3772975788438673,1.5689960367568656,0.36363636363636365,64.0,1.0,1.0,"{""C"": 0.23026886510761335}"
ionosphere,0,1,poly,175,176,0.12053419726227764,0.009900990099009901,0.02750802008115172,0.009900990099009901,10.365537591864058,0.26511350809141393,0.4201223664796539,0.5256397771535526,0.26511350809141393,0.5256397771535526,1.224148461284329,136.37095294065654,0.9072534350876011,0.8682550852217408,0.5738636363636364,101.0,0.9234285714285714,0.9382857142857145,"{""C"": 0.20681164199276172, ""degree"": 3, ""gamma"": 0.05217731037795024}"
ionosphere,0,1,rbf,175,176,0.22210724468844714,0.009900990099009901,0.019794344199099256,0.009900990099009901,19.797529740378003,0.18033821039352627,0.31479312212968075,0.3954544931209986,0.18033821039352627,0.3954544931209986,1.1096307953761757,166.78232722450065,1.1604429914117715,1.0976392374606956,0.4715909090909091,83.0,1.0,1.0,"{""C"": 29.377832524526042, ""gamma"": 0.20375678021044985}"
ionosphere,0,1,custom_hermite,175,176,0.019019993494930637,0.07920792079207921,0.0009254371468374289,0.10891089108910891,1.8209839283166878,0.7348562738792355,0.8519205158491875,0.903512106573664,0.7348562738792355,0.903512106573664,1.1965999404306351,47.91275832318385,1.1662082142199928,1.2081431020042512,0.6477272727272727,114.0,0.35657142857142854,0.36171428571428577,"{""C"": 13.765742387168517, ""degree"": 3}"
ionosphere,0,1,custom_gegen,175,176,0.056565343820608335,0.009900990099009901,17.97916553319007,0.009900990099009901,16.855939495211206,0.1032358347648824,0.3068246315855351,0.45886462900334235,0.1032358347648824,0.45886462900334235,1.503225631842951,174.9502939656054,1.2256516188289053,1.1547034640148197,0.4431818181818182,78.0,0.6594285714285713,0.6782857142857143,"{""C"": 0.03992438062650157, ""degree"": 2, ""alpha"": -0.3058615153050587}"
ionosphere,0,1,custom_alsalam,175,176,0.08425493014599686,0.009900990099009901,356239.2336285236,0.009900990099009901,33.037141855370834,0.061484587672338706,0.18392398975248153,0.28457923355315423,0.061484587672338706,0.28457923355315423,1.3112534360143548,174.99999991358837,1.0727953362096583,1.0206855514271713,0.6420454545454546,113.0,0.5874285714285714,0.5862857142857143,"{""C"": 0.20681164199276172, ""degree"": 3, ""a"": -1, ""q"": 0.22309688260827043}"
ionosphere,1,0,linear,176,175,0.16697542077225871,0.009900990099009901,0.2673739349729739,0.009900990099009901,7.570386123841076,0.30844409161365627,0.50938031173222,0.6333036676400424,0.30844409161365627,0.6333036676400424,1.2730751584776179,32.9971988435737,2.5000507970019945,3.408427149064492,0.22857142857142856,40.0,1.0,1.0,"{""C"": 6.631121110757612}"
ionosphere,1,0,poly,176,175,0.16307292903757342,0.009900990099009901,0.09124478939312577,0.009900990099009901,15.21513637086798,0.20714492952903607,0.33830140477865567,0.4217499116977811,0.20714492952903607,0.4217499116977811,1.281275104052304,156.25711746514244,1.0111881686934063,0.9973296602088164,0.4685714285714286,82.0,0.8681818181818183,0.8835227272727274,"{""C"": 0.32953293230915565, ""degree"": 5, ""gamma"": 1.0826291480233938}"
ionosphere,1,0,rbf,176,175,0.2512047191366618,0.009900990099009901,0.017735168158057552,0.009900990099009901,11.732192998748486,0.2422052871345977,0.416811088618708,0.5258146363341394,0.2422052871345977,0.5258146363341394,1.2247551505746752,140.58711809435337,1.3307644575303925,1.3752659660327473,0.29714285714285715,52.0,1.0,1.0,"{""C"": 6.631121110757612, ""gamma"": 0.04790350373921161}"
ionosphere,1,0,custom_hermite,176,175,0.03684724639724419,0.019801980198019802,0.0013634844837380796,0.019801980198019802,1.4484539758906654,0.8289536061797826,0.8937298176186506,0.9272522387821337,0.8289536061797826,0.9272522387821337,1.3356027930393235,43.21130133035153,1.0036130875005194,0.5156060011885576,0.6685714285714286,117.0,0.35340909090909095,0.3778409090909091,"{""C"": 6.631121110757612, ""degree"": 2}"
ionosphere,1,0,custom_gegen,176,175,0.18691121951154493,0.009900990099009901,0.2777768607489679,0.009900990099009901,27.392379529412135,0.12404846020908282,0.23027094247274493,0.31569871015351936,0.12404846020908282,0.31569871015351936,1.2729864025401645,174.5436304087887,0.995117327682331,0.9515350529393122,0.52,91.0,0.7363636363636363,0.769318181818182,"{""C"": 0.1510533599347693, ""degree"": 3, ""alpha"": -0.1903209771080206}"
ionosphere,1,0,custom_alsalam,176,175,0.08343125573161124,0.009900990099009901,0.666759238420997,0.009900990099009901,14.722555245087278,0.21689597814282943,0.355027557716617,0.418898687999033,0.21689597814282943,0.418898687999033,1.102138223659103,175.8470567205343,1.137581334396146,1.104359523989925,0.6685714285714286,117.0,0.3375,0.27045454545454545,"{""C"": 1.1550672634163803, ""degree"": 6, ""a"": -1, ""q"": 0.5352102642968588}"
ionosphere,1,1,linear,175,176,0.14721554757992086,0.009900990099009901,0.23833226436504315,0.009900990099009901,7.545682042167205,0.3071304113934548,0.508798279597549,0.6393727023162755,0.3071304113934548,0.6393727023162755,1.2519535128666486,32.99664636394465,2.631364188617275,3.440988895776037,0.2556818181818182,45.0,1.0,1.0,"{""C"": 4.18685489897035}"
ionosphere,1,1,poly,175,176,0.1543622491470751,0.009900990099009901,0.03311088363779051,0.009900990099009901,10.950833879043776,0.2525800744104089,0.41423115647605574,0.5187453358403318,0.2525800744104089,0.5187453358403318,1.2609555585028869,130.30434012563308,1.0889939316718853,1.1032285499461674,0.4943181818181818,87.0,0.9108571428571427,0.9228571428571432,"{""C"": 0.8265941411720678, ""degree"": 3, ""gamma"": 0.0700256500542793}"
ionosphere,1,1,rbf,175,176,0.219850731613145,0.009900990099009901,0.01640870582972018,0.009900990099009901,10.964614718561112,0.25714122554278707,0.41235318640351104,0.5373249392273867,0.25714122554278707,0.5373249392273867,1.2077322317726302,136.59635291905047,1.337747180540486,1.3855115604017898,0.2784090909090909,49.0,1.0,1.0,"{""C"": 11.333656660774023, ""gamma"": 0.04948336094724078}"
ionosphere,1,1,custom_hermite,175,176,0.035861525903546985,0.009900990099009901,0.00530982086450526,0.009900990099009901,2.11290074669037,0.6767112878503834,0.8337331480438662,0.8882550643670231,0.6767112878503834,0.8882550643670231,1.2596641395445107,65.49654429575008,1.009973347154365,0.5984649778803541,0.6988636363636364,123.0,0.3737142857142857,0.3691428571428572,"{""C"": 4.570464405880073, ""degree"": 5}"
ionosphere,1,1,custom_gegen,175,176,0.03338305876462538,0.009900990099009901,30643.667432012317,0.009900990099009901,10.30381115006601,0.1277514217106588,0.38325329666941166,0.6352387392974737,0.1277514217106588,0.6352387392974737,1.7437800747469925,173.9997856723778,1.2254192605001117,1.1617692740597558,0.5454545454545454,96.0,0.5405714285714286,0.5422857142857144,"{""C"": 4.570464405880073, ""degree"": 5, ""alpha"": -0.4365401161414586}"
ionosphere,1,1,custom_alsalam,175,176,0.18868547402021404,0.009900990099009901,37532073.31588116,0.009900990099009901,61.526768937901934,0.07339106355350487,0.1496315266290971,0.19239934731066893,0.07339106355350487,0.19239934731066893,1.0996450807513847,173.9999999995639,1.0675021413559507,1.0159195079788677,0.6761363636363636,119.0,0.5519999999999999,0.5457142857142857,"{""C"": 4.570464405880073, ""degree"": 5, ""a"": -1, ""q"": 0.03632697798058821}"
ionosphere,2,0,linear,176,175,0.13196337552517728,0.009900990099009901,0.1969767497044137,0.009900990099009901,6.893610061155378,0.3230024639888345,0.5432341108687752,0.6706836730773726,0.3230024639888345,0.6706836730773726,1.2060432861363966,32.996032120027984,1.253198095637804,1.3850514845787862,0.38285714285714284,67.0,1.0,1.0,"{""C"": 0.17582517824351604}"
ionosphere,2,0,poly,176,175,0.1327403454526302,0.009900990099009901,0.07005157484956182,0.009900990099009901,12.796689259042745,0.22586139396075774,0.3757942039651378,0.47510086534896456,0.22586139396075774,0.47510086534896456,1.2172637430804547,153.65442213291107,1.0211794869050046,1.004284512218383,0.49714285714285716,87.0,0.8806818181818182,0.8920454545454546,"{""C"": 0.1822656471051966, ""degree"": 5, ""gamma"": 0.03486572538136273}"
ionosphere,2,0,rbf,176,175,0.20000315577509847,0.009900990099009901,0.014041398151526753,0.009900990099009901,10.428973490630066,0.25800289051363584,0.43830283258341696,0.560434302057174,0.25800289051363584,0.560434302057174,1.1805100125040489,136.50941568238215,0.80471029874459,0.7305542621860885,0.6914285714285714,121.0,1.0,1.0,"{""C"": 0.17582517824351604, ""gamma"": 0.04778495726369565}"
ionosphere,2,0,custom_hermite,176,175,0.09723667401425565,0.009900990099009901,0.0060281134348048986,0.009900990099009901,1.4158787597009275,0.838442566598136,0.9100072908072959,0.9369422188685418,0.838442566598136,0.9369422188685418,1.6283019936762606,49.47353575764416,0.9980334621037178,0.017339718606909093,0.7428571428571429,130.0,0.35681818181818187,0.3778409090909091,"{""C"": 0.17582517824351604, ""degree"": 2}"
ionosphere,2,0,custom_gegen,176,175,0.16254553155602114,0.009900990099009901,0.3571316453770033,0.009900990099009901,26.779606108607748,0.11901603690556058,0.23031627945929353,0.31104689169804567,0.11901603690556058,0.31104689169804567,1.2109518253395752,174.55340569573065,1.0202497031552107,0.9727231298975518,0.5771428571428572,101.0,0.7420454545454546,0.7505681818181817,"{""C"": 0.1822656471051966, ""degree"": 5, ""alpha"": -0.20195911477670714}"
ionosphere,2,0,custom_alsalam,176,175,0.13502957028278975,0.009900990099009901,2611489.357623815,0.009900990099009901,45.71367347002313,0.06813501700797306,0.15815165340088444,0.22329985976205033,0.06813501700797306,0.22329985976205033,1.1490594753302468,174.99997710445513,1.0723989048099105,1.0230906061448561,0.7371428571428571,129.0,0.5784090909090909,0.5693181818181818,"{""C"": 0.1822656471051966, ""degree"": 5, ""a"": -1, ""q"": 0.15184928016021457}"
ionosphere,2,1,linear,175,176,0.18368121736523088,0.009900990099009901,0.3172700717463698,0.009900990099009901,8.158807415617574,0.293963129525986,0.49091933839025803,0.6147822151668567,0.293963129525986,0.6147822151668567,1.3171795198463947,32.997491639224165,2.3224946347524336,3.3444371019813763,0.26704545454545453,47.0,1.0,1.0,"{""C"": 3.644195796956397}"
ionosphere,2,1,poly,175,176,0.17313228671062383,0.009900990099009901,0.17671063122210418,0.009900990099009901,20.57037077820914,0.16154210313101253,0.2799983166622425,0.3681744169368551,0.16154210313101253,0.3681744169368551,1.3586935882141598,160.8221845797645,1.4474013176469829,1.494823637288259,0.3068181818181818,54.0,0.8137142857142856,0.834857142857143,"{""C"": 2.438722073338385, ""degree"": 6, ""gamma"": 0.37572520814568056}"
ionosphere,2,1,rbf,175,176,0.14929896899644426,0.009900990099009901,0.007563644535854602,0.009900990099009901,80.41994117059531,0.0717146757790163,0.1245946024544926,0.15771156498283267,0.0717146757790163,0.15771156498283267,1.0214005395380545,174.37917339275833,1.031605799128268,0.9868791454631624,0.8352272727272727,147.0,0.9074285714285715,0.8994285714285716,"{""C"": 3.644195796956397, ""gamma"": 1.8112511103308144}"
ionosphere,2,1,custom_hermite,175,176,0.009024814551667738,0.39603960396039606,0.002615842953376144,0.31683168316831684,2.6231327910914763,0.5986335510571599,0.7826336702781213,0.8649326030541895,0.5986335510571599,0.8649326030541895,0.9914436721219885,71.77281842590634,1.093033563967725,1.0022267833045022,0.5965909090909091,105.0,0.34971428571428576,0.3537142857142857,"{""C"": 3.644195796956397, ""degree"": 6}"
ionosphere,2,1,custom_gegen,175,176,0.09118037338741145,0.009900990099009901,0.8821000388837299,0.009900990099009901,23.314720133850255,0.09460408307392978,0.22883818494476688,0.35174937622897773,0.09460408307392978,0.35174937622897773,1.4983370513938525,174.7073474957345,1.0235951024081034,0.9863264238262344,0.6079545454545454,107.0,0.6057142857142858,0.6485714285714286,"{""C"": 0.11887027644854288, ""degree"": 4, ""alpha"": 0.17555008420446916}"
ionosphere,2,1,custom_alsalam,175,176,0.1202749489255909,0.009900990099009901,8438.12479053648,0.009900990099009901,48.666899038761905,0.05092002918411723,0.12683785889192914,0.2027554860889558,0.05092002918411723,0.2027554860889558,1.265077844715855,174.999997303312,1.057082200600562,1.0101317225708604,0.6931818181818182,122.0,0.5737142857142856,0.5628571428571428,"{""C"": 0.11887027644854288, ""degree"": 4, ""a"": -1, ""q"": 0.33775833292481394}"
ionosphere,3,0,linear,176,175,0.15808010280466622,0.009900990099009901,0.25115211246042046,0.009900990099009901,8.22315664769093,0.29375458306960506,0.4820733878227988,0.6060423982069529,0.29375458306960506,0.6060423982069529,1.2895938913604357,32.99754042971057,1.2815397902270529,1.4832212418857331,0.38857142857142857,68.0,1.0,1.0,"{""C"": 0.20237543602914368}"
ionosphere,3,0,poly,176,175,0.16883685162385223,0.009900990099009901,0.03495141630870103,0.009900990099009901,12.305684483247076,0.23851168905896916,0.3841444102175547,0.47936518101448794,0.23851168905896916,0.47936518101448794,1.3001534562654602,135.3740834922388,1.3096804150305155,1.4289867710697122,0.3485714285714286,61.0,0.9170454545454544,0.9210227272727274,"{""C"": 5.157814135035256, ""degree"": 3, ""gamma"": 0.11199341134205962}"
ionosphere,3,0,rbf,176,175,0.2862217304024412,0.009900990099009901,0.024861057297162,0.009900990099009901,20.249284602799275,0.1773473848498901,0.31239239382469886,0.38827715579871525,0.1773473848498901,0.38827715579871525,1.1395582688911772,166.0996427961703,0.993921936778702,0.9626265945733783,0.6057142857142858,106.0,1.0,1.0,"{""C"": 0.5083097414322312, ""gamma"": 0.2016398198953977}"
ionosphere,3,0,custom_hermite,176,175,0.028005830243215395,0.019801980198019802,0.00017690049762121864,0.06930693069306931,1.6586321853185997,0.7712934008314963,0.8852569792948317,0.9246726671570866,0.7712934008314963,0.9246726671570866,1.2180078237364873,29.294597879588338,0.9742149694619788,0.5070635836354149,0.6857142857142857,120.0,0.3386363636363636,0.3585227272727273,"{""C"": 65.21903790782827, ""degree"": 1}"
ionosphere,3,0,custom_gegen,176,175,0.046857545814718224,0.009900990099009901,5.516653596756537,0.009900990099009901,13.852638521390311,0.11605099582862022,0.34600607071179995,0.5488863222057841,0.11605099582862022,0.5488863222057841,1.6716538153565899,174.84452662470818,1.3848059676282534,1.3744699074718365,0.5028571428571429,88.0,0.5931818181818183,0.6204545454545455,"{""C"": 5.157814135035256, ""degree"": 3, ""alpha"": 0.2168195840538798}"
ionosphere,3,0,custom_alsalam,176,175,0.12987547044453446,0.009900990099009901,2850.397671724049,0.009900990099009901,48.696021724399145,0.06278710298185888,0.141988193667229,0.22037255898194297,0.06278710298185888,0.22037255898194297,1.268020947704091,174.9999917909222,1.076720068828011,1.027532364387926,0.7085714285714285,124.0,0.5488636363636363,0.5119318181818181,"{""C"": 5.157814135035256, ""degree"": 3, ""a"": -1, ""q"": 0.35808200621748854}"
ionosphere,3,1,linear,175,176,0.15473108225449192,0.009900990099009901,0.25158931627482445,0.009900990099009901,6.954038156485762,0.3199011800920273,0.5409900355249971,0.669484317962603,0.3199011800920273,0.669484317962603,1.2341056295146822,32.99639508423087,3.8790727237037603,6.00142403342486,0.2215909090909091,39.0,1.0,1.0,"{""C"": 7.619771867073789}"
ionosphere,3,1,poly,175,176,0.15435679455658402,0.009900990099009901,0.03328560564217436,0.009900990099009901,9.666148483389634,0.2698921057240236,0.45479725556304695,0.5593701345476478,0.2698921057240236,0.5593701345476478,1.2321947369819872,131.83304100893375,1.6237387542664827,1.8510424030085177,0.26704545454545453,47.0,0.92,0.9268571428571428,"{""C"": 11.680526427794469, ""degree"": 3, ""gamma"": 1.157576188047173}"
ionosphere,3,1,rbf,175,176,0.2511839617077093,0.009900990099009901,0.022752636051795075,0.009900990099009901,13.972492078146804,0.21961763684693816,0.37719428362750596,0.48055403925878837,0.21961763684693816,0.48055403925878837,1.1650810644127998,155.71147951527053,1.2496428397795496,1.2106798269628647,0.3181818181818182,56.0,1.0,1.0,"{""C"": 11.680526427794469, ""gamma"": 0.10829000056995734}"
ionosphere,3,1,custom_hermite,175,176,0.04098702813342326,0.019801980198019802,0.001949678022768153,0.019801980198019802,1.7200297051343028,0.7573883232128586,0.8631240691243814,0.9066057650832313,0.7573883232128586,0.9066057650832313,1.378822875381237,50.44962187892876,1.011865780616265,0.5015892714973714,0.6875,121.0,0.38742857142857134,0.3817142857142857,"{""C"": 11.680526427794469, ""degree"": 3}"
ionosphere,3,1,custom_gegen,175,176,0.07268333791290799,0.009900990099009901,9.496980339749767,0.009900990099009901,17.96558354509911,0.10122616755288327,0.29999251038971075,0.44114323092955765,0.10122616755288327,0.44114323092955765,1.3367821257858123,174.9835662146059,0.9728280702217443,0.9375045817343551,0.6306818181818182,111.0,0.688,0.6434285714285713,"{""C"": 0.005301125228108992, ""degree"": 6, ""alpha"": -0.28782826059306155}"
ionosphere,3,1,custom_alsalam,175,176,0.1556664707335604,0.009900990099009901,8102120.144769062,0.009900990099009901,54.8363619368162,0.06744710175079408,0.13279909554821498,0.19616419196361878,0.06744710175079408,0.19616419196361878,1.1205278466157562,174.99999999802714,1.0708697329836452,1.0208845949033192,0.6875,121.0,0.6102857142857143,0.5697142857142856,"{""C"": 0.005301125228108992, ""degree"": 6, ""a"": -1, ""q"": 0.10956196211999984}"
ionosphere,4,0,linear,176,175,0.1894773050459982,0.009900990099009901,0.29685711249416036,0.009900990099009901,7.885597103906358,0.2986722602717149,0.5048200896631709,0.6241721150799066,0.2986722602717149,0.6241721150799066,1.3178678969111688,32.997268212422,1.2033231153433768,1.35510895021071,0.4,70.0,1.0,1.0,"{""C"": 0.1797075530543811}"
ionosphere,4,0,poly,176,175,0.18718106057856376,0.009900990099009901,0.06562618058893141,0.009900990099009901,13.627319749478264,0.2222850805893176,0.36623399451839583,0.45469939293007006,0.2222850805893176,0.45469939293007006,1.3218762258783685,148.15557230676458,0.8967118398429975,0.8889299206466496,0.5885714285714285,103.0,0.8738636363636364,0.9011363636363637,"{""C"": 0.1797075530543811, ""degree"": 4, ""gamma"": 0.28927992161040433}"
ionosphere,4,0,rbf,176,175,0.28904077892156904,0.009900990099009901,0.021350353183476656,0.009900990099009901,12.497443937249574,0.2355459695015397,0.40302235414410575,0.5063915725157653,0.2355459695015397,0.5063915725157653,1.2478868382725208,145.41083764501346,0.8851245186257828,0.8426921538068256,0.5885714285714285,103.0,1.0,1.0,"{""C"": 0.4281404987502689, ""gamma"": 0.0568331780166886}"
ionosphere,4,0,custom_hermite,176,175,0.024708342976284745,0.06930693069306931,0.0008436159170722321,0.04950495049504951,2.237950043132875,0.6535282577489581,0.8391852046964684,0.8878393199662787,0.6535282577489581,0.8878393199662787,1.1749276652371152,50.90083855948373,1.1017801968755772,0.9727074483873819,0.6285714285714286,110.0,0.35340909090909095,0.35056818181818183,"{""C"": 54.96461412764363, ""degree"": 3}"
ionosphere,4,0,custom_gegen,176,175,0.022106900228806476,0.009900990099009901,754268602367.5912,0.009900990099009901,4.652327976684384,0.25927520035993956,0.7734376843072943,0.9291236691351438,0.25927520035993956,0.9291236691351438,2.1867298728801954,175.99998518848025,1.0742449450306812,1.0377936058344377,0.8,140.0,0.2988636363636364,0.33693181818181817,"{""C"": 19.389200934113248, ""degree"": 5, ""alpha"": 0.37894752958082334}"
ionosphere,4,0,custom_alsalam,176,175,0.1374683907036382,0.009900990099009901,5438.716956684346,0.009900990099009901,54.34355375521326,0.05732277759252383,0.1309415954724816,0.20019600644332353,0.05732277759252383,0.20019600644332353,1.1972230341391448,175.99999743068156,1.0815903618261764,1.0358030931206255,0.7028571428571428,123.0,0.5272727272727272,0.5443181818181819,"{""C"": 0.014598164412688231, ""degree"": 6, ""a"": -1, ""q"": 0.3479158550617252}"
ionosphere,4,1,linear,175,176,0.1302691054063532,0.009900990099009901,0.214709818671718,0.009900990099009901,7.257855384707345,0.31384395672551113,0.5268470541556766,0.6492033896100854,0.31384395672551113,0.6492033896100854,1.213020396340347,32.99646632329083,2.979848226536,4.372729507068667,0.23295454545454544,41.0,1.0,1.0,"{""C"": 4.722853006534936}"
ionosphere,4,1,poly,175,176,0.13403939982909624,0.009900990099009901,0.12419289747705516,0.009900990099009901,16.949832962776895,0.18308088153354468,0.31341028909334934,0.41219106006660766,0.18308088153354468,0.41219106006660766,1.2502414981872365,159.71925581469287,1.90067028359508,2.1098772303602487,0.23295454545454544,41.0,0.8525714285714283,0.8531428571428572,"{""C"": 33.12159314674214, ""degree"": 6, ""gamma"": 0.03411689850224081}"
ionosphere,4,1,rbf,175,176,0.22869949732050568,0.009900990099009901,0.021266892332783307,0.009900990099009901,13.94413795144502,0.22112886223440734,0.37433126621691315,0.48027175951218837,0.22112886223440734,0.48027175951218837,1.149685893736624,155.88750355376925,1.4351514641533447,1.433597960621435,0.24431818181818182,43.0,1.0,1.0,"{""C"": 41.175416389878414, ""gamma"": 0.11154988864325167}"
ionosphere,4,1,custom_hermite,175,176,0.05303097951772607,0.009900990099009901,0.04051182335009754,0.009900990099009901,1.6133717044484768,0.7845830121408482,0.8530843066030416,0.8977291538334827,0.7845830121408482,0.8977291538334827,1.4557512749348274,81.44541398290522,1.1014955719742288,0.972444432298859,0.6534090909090909,115.0,0.4,0.39714285714285713,"{""C"": 33.12159314674214, ""degree"": 6}"
ionosphere,4,1,custom_gegen,175,176,0.15050679079051604,0.009900990099009901,0.525288854455108,0.009900990099009901,29.06403719682059,0.09499466559366898,0.21963583082208715,0.3152004155084065,0.09499466559366898,0.3152004155084065,1.2453172856938843,174.6875285070592,1.1976788279428274,1.1674254383311409,0.4090909090909091,72.0,0.7222857142857142,0.7314285714285714,"{""C"": 33.12159314674214, ""degree"": 6, ""alpha"": -0.20975071029431974}"
ionosphere,4,1,custom_alsalam,175,176,0.14031205450037765,0.009900990099009901,3447.1964902858554,0.009900990099009901,50.86518285796008,0.07057568337546805,0.14326010364360242,0.215368807139241,0.07057568337546805,0.215368807139241,1.1545702458945115,174.99999471217154,1.0817311263787504,1.0346294193876124,0.6988636363636364,123.0,0.6205714285714286,0.5811428571428572,"{""C"": 0.026483304162421405, ""degree"": 6, ""a"": -1, ""q"": 0.3573807198660402}"
breast,0,0,linear,342,341,0.807138651255025,0.009900990099009901,0.9178101985013837,0.009900990099009901,2.0538329866068517,0.6865999619134565,0.8234246421162154,0.9088570910196837,0.6865999619134565,0.9088570910196837,2.7618084905338507,8.999784730747706,1.8505986323820622,1.9952171558075353,0.0967741935483871,33.0,0.7883040935672514,0.8497076023391813,"{""C"": 0.15949246791282742}"
breast,0,0,poly,342,341,0.8210620488433553,0.009900990099009901,1.688056346545583,0.009900990099009901,2.858341659033277,0.5829481657525095,0.6874431699624598,0.7458140817627013,0.5829481657525095,0.7458140817627013,2.0628762684679818,190.1398714360484,1.421060966829012,1.335595862246001,0.15249266862170088,52.0,0.6842105263157895,0.7201754385964912,"{""C"": 0.018010820443647314, ""degree"": 5, ""gamma"": 2.3418035536877024}"
breast,0,0,rbf,342,341,0.8279561911135418,0.009900990099009901,0.05690430171063923,0.009900990099009901,2.7242361730629754,0.5926924079044996,0.7265862777652579,0.8106531609710353,0.5926924079044996,0.8106531609710353,2.4936413463466702,106.27393183000146,1.158951052721163,1.1563749044554223,0.21114369501466276,72.0,0.7953216374269005,0.8584795321637426,"{""C"": 0.24109725358941572, ""gamma"": 0.04685662678196462}"
breast,0,0,custom_hermite,342,341,0.3984100609576919,0.009900990099009901,0.0035058125665032836,0.009900990099009901,10.55163149464972,0.26762172643682497,0.42246733618767357,0.5179523190965553,0.26762172643682497,0.5179523190965553,1.942827152941207,149.68111696761187,1.1500497498828919,1.2992270863753028,0.3489736070381232,119.0,0.5087719298245614,0.5728070175438597,"{""C"": 2.9263330204062656, ""degree"": 6}"
breast,0,0,custom_gegen,342,341,0.611264213401432,0.009900990099009901,2.659462933697046,0.009900990099009901,5.859343215442371,0.3816666626229884,0.5784915046595124,0.6367472486580846,0.3816666626229884,0.6367472486580846,1.2995639367118748,240.8676043357138,1.611977136037987,1.5002463025470367,0.16422287390029325,56.0,0.48479532163742695,0.5175438596491229,"{""C"": 0.03206265470953976, ""degree"": 3, ""alpha"": 0.28951771564255724}"
breast,0,0,custom_alsalam,342,341,0.6657715300593667,0.009900990099009901,1.33353862869656,0.009900990099009901,14.204667061680095,0.22979009867451403,0.37881707236790996,0.4270334459878524,0.22979009867451403,0.4270334459878524,1.3552879879408541,239.61893546903957,1.135979238915489,1.0763071734314529,0.3284457478005865,112.0,0.6157894736842106,0.6678362573099417,"{""C"": 0.03206265470953976, ""degree"": 3, ""a"": -1, ""q"": 0.393883096145581}"
breast,0,1,linear,341,342,0.8274967675858912,0.009900990099009901,0.9212827351766717,0.009900990099009901,1.996921144348532,0.6975141772354045,0.8275859057617165,0.9106925248566241,0.6975141772354045,0.9106925248566241,2.9876477998314646,8.999774901378885,1.8949971187092807,2.041891656647221,0.1111111111111111,38.0,0.8293255131964808,0.843108504398827,"{""C"": 0.250848810178212}"
breast,0,1,poly,341,342,0.8740765221617867,0.009900990099009901,0.5054838734861237,0.009900990099009901,2.534975924602927,0.6183416780478229,0.7390251496950059,0.8045729258867282,0.6183416780478229,0.8045729258867282,2.5387953159664978,136.18297117554943,0.9523660620819876,0.922514894757352,0.48830409356725146,167.0,0.7395894428152492,0.76950146627566,"{""C"": 0.006158432627869638, ""degree"": 3, ""gamma"": 1.2555654792924975}"
breast,0,1,rbf,341,342,0.8510192149898725,0.009900990099009901,0.049696379407687265,0.009900990099009901,2.5111929882721586,0.6184218657749304,0.755677579070552,0.8392878565537463,0.6184218657749304,0.8392878565537463,2.747076770249909,90.90065035980321,1.9111808292191246,1.8556807429136402,0.11403508771929824,39.0,0.8046920821114368,0.8475073313782991,"{""C"": 32.98524259097747, ""gamma"": 0.03750306484932816}"
breast,0,1,custom_hermite,341,342,0.4717087664079681,0.009900990099009901,0.0021911040231385047,0.009900990099009901,3.873689582627965,0.4784367781035087,0.6752537424669006,0.7724765266953174,0.4784367781035087,0.7724765266953174,2.4191278100047087,65.58933405043891,1.432809826238653,1.6968165717092116,0.2309941520467836,79.0,0.4897360703812317,0.5240469208211144,"{""C"": 32.98524259097747, ""degree"": 1}"
breast,0,1,custom_gegen,341,342,0.24305813453584904,0.009900990099009901,1009.5236106450134,0.009900990099009901,6.500794036871466,0.3252582196456201,0.6036139771440259,0.7065981242744509,0.3252582196456201,0.7065981242744509,0.9821607414394843,229.99153035882017,1.6801817013170512,1.556108160212493,0.4239766081871345,145.0,0.2944281524926686,0.3416422287390029,"{""C"": 57.456442865242856, ""degree"": 4, ""alpha"": 0.46496599408133643}"
breast,0,1,custom_alsalam,341,342,0.7129220253569507,0.009900990099009901,0.2532361933712977,0.009900990099009901,20.707473515267104,0.1848415101092408,0.3017002827835329,0.3567168969200567,0.1848415101092408,0.3567168969200567,1.4688920675879649,220.89673349454108,1.2873251047690488,1.1914709570343724,0.3216374269005848,110.0,0.652199413489736,0.6507331378299119,"{""C"": 57.456442865242856, ""degree"": 4, ""a"": -1, ""q"": 0.4802847609043767}"
breast,1,0,linear,342,341,0.8083401251049559,0.009900990099009901,0.9204253673493834,0.009900990099009901,2.0118504377027766,0.694414209868752,0.8295528291614587,0.9092119246448024,0.694414209868752,0.9092119246448024,2.879944175934375,8.999776133724396,1.3113610139292435,1.363178324997942,0.19941348973607037,68.0,0.7888888888888888,0.8187134502923976,"{""C"": 0.02199184386929313}"
breast,1,0,poly,342,341,0.8523184372579722,0.009900990099009901,0.5007288632334962,0.009900990099009901,2.5708593350439717,0.6142118337573425,0.7315636240207817,0.7973963799919526,0.6142118337573425,0.7973963799919526,2.456575910544255,137.48276928505345,2.0668277147882383,1.989890531311946,0.0967741935483871,33.0,0.7269005847953215,0.7461988304093569,"{""C"": 0.49866023473386256, ""degree"": 3, ""gamma"": 1.2252136735673251}"
breast,1,0,rbf,342,341,0.8319981261359501,0.009900990099009901,0.05950553054036395,0.009900990099009901,2.7090772322118393,0.5941858363505378,0.7346213353701543,0.8135893543685196,0.5941858363505378,0.8135893543685196,2.5842738503266696,107.50063694650967,2.1154006686308704,2.1059075505154126,0.08211143695014662,28.0,0.8058479532163744,0.8385964912280702,"{""C"": 8.573257301608118, ""gamma"": 0.05019924946564185}"
breast,1,0,custom_hermite,342,341,0.3876762966247999,0.009900990099009901,0.0027624645904812057,0.009900990099009901,5.275849669611875,0.39956707202668823,0.5928173043613923,0.7017578690208153,0.39956707202668823,0.7017578690208153,2.183367624344427,107.3651771380053,1.5694696457068307,1.8776679993575698,0.1906158357771261,65.0,0.5111111111111112,0.5102339181286549,"{""C"": 26.903166889164634, ""degree"": 3}"
breast,1,0,custom_gegen,342,341,0.8300211043411037,0.009900990099009901,0.009265771721944167,0.009900990099009901,3.6492006752395443,0.5102683241609113,0.6203921421902743,0.6898007227545824,0.5102683241609113,0.6898007227545824,2.00000205638502,84.41336108257394,1.6511781758876092,1.6776432291303232,0.12609970674486803,43.0,0.5508771929824561,0.6175438596491227,"{""C"": 9.900816736931787, ""degree"": 4, ""alpha"": 0.04422013414498249}"
breast,1,0,custom_alsalam,342,341,0.7002926593445631,0.009900990099009901,0.39409372108291324,0.009900990099009901,19.041660964674012,0.19457581925973183,0.3214208614572629,0.36836176862260955,0.19457581925973183,0.36836176862260955,1.4178003177639793,227.62398270039665,1.1359998989465867,1.0813157888840013,0.3343108504398827,114.0,0.6432748538011696,0.660233918128655,"{""C"": 0.07005123653164906, ""degree"": 6, ""a"": -1, ""q"": 0.4612172355142564}"
breast,1,1,linear,341,342,0.8250599630249428,0.009900990099009901,0.9160993300212313,0.009900990099009901,2.051141543591895,0.6872170455368585,0.8192277493318637,0.9110527812569577,0.6872170455368585,0.9110527812569577,2.8513996940428483,8.999780092233323,1.0795728823403918,1.1026157998521942,0.32748538011695905,112.0,0.8293255131964808,0.8325513196480938,"{""C"": 0.007556866286796829}"
breast,1,1,poly,341,342,0.8148534737397479,0.009900990099009901,3.1131617405665652,0.009900990099009901,2.763989442558067,0.5930606671476256,0.7040548050951236,0.7513760888205008,0.5930606671476256,0.7513760888205008,2.0121217395826956,198.58231339252586,1.3860505553245857,1.3086051735863995,0.1871345029239766,64.0,0.6387096774193548,0.6791788856304986,"{""C"": 0.007556866286796829, ""degree"": 6, ""gamma"": 0.12580943810953882}"
breast,1,1,rbf,341,342,0.8448967030132951,0.009900990099009901,0.04464121088990831,0.009900990099009901,2.5131329490876992,0.618205701063758,0.7509111391677067,0.8411748254380184,0.618205701063758,0.8411748254380184,2.649603812975796,86.68399314692553,1.3724780770166916,1.3870633558541157,0.13742690058479531,47.0,0.8246334310850438,0.8378299120234606,"{""C"": 1.2336004425384044, ""gamma"": 0.03249921758317198}"
breast,1,1,custom_hermite,341,342,0.4892528500066836,0.009900990099009901,0.0025840390281396983,0.009900990099009901,4.499951710847912,0.4418834348111515,0.6262367247270739,0.7238862403037882,0.4418834348111515,0.7238862403037882,2.269546290895174,92.7829111129645,1.300561904935379,1.4226941535183368,0.19298245614035087,66.0,0.48269794721407633,0.5011730205278593,"{""C"": 85.57471727460616, ""degree"": 2}"
breast,1,1,custom_gegen,341,342,0.5570306518729549,0.009900990099009901,2.6161197122819244,0.009900990099009901,7.975939071466971,0.3182312338159646,0.5000514726339883,0.5885626905443646,0.3182312338159646,0.5885626905443646,1.1817757908455158,249.9080043871264,1.4356089985700264,1.3930370646288446,0.2777777777777778,95.0,0.4152492668621702,0.4551319648093842,"{""C"": 0.007556866286796829, ""degree"": 6, ""alpha"": 0.2585663751883158}"
breast,1,1,custom_alsalam,341,342,0.6938187544580079,0.009900990099009901,12.873939804507751,0.009900990099009901,2.4186758299498123,0.6340596527808167,0.7502278314527713,0.7935824583023594,0.6340596527808167,0.7935824583023594,1.773469680105832,184.62664576289254,1.7503058420911857,1.6443169955422532,0.19005847953216373,65.0,0.6076246334310851,0.6357771260997068,"{""C"": 0.004574493317320591, ""degree"": 1, ""a"": -1, ""q"": 0.12849075147585493}"
breast,2,0,linear,342,341,0.7996187462242466,0.009900990099009901,0.9125294367002768,0.009900990099009901,2.0147048465421786,0.6929994703000024,0.8408818222693799,0.9186504593652006,0.6929994703000024,0.9186504593652006,2.799865211026398,8.999775456560059,3.0499223756862186,3.3713122487986436,0.06744868035190615,23.0,0.811111111111111,0.8447368421052631,"{""C"": 26.607932733593117}"
breast,2,0,poly,342,341,0.8030717171009144,0.009900990099009901,3.0674166110003678,0.009900990099009901,2.7198100941637993,0.5973903206254626,0.7137654037129021,0.7663712113698866,0.5973903206254626,0.7663712113698866,2.0121350094640884,195.49612524747351,2.38285841487966,2.184181465523854,0.08504398826979472,29.0,0.6614035087719298,0.7146198830409357,"{""C"": 0.22551999767431297, ""degree"": 6, ""gamma"": 2.834572111786545}"
breast,2,0,rbf,342,341,0.8229612134292364,0.009900990099009901,0.06131599279411248,0.009900990099009901,2.7636631428890244,0.5868598627417922,0.7362494032154645,0.8184978918307573,0.5868598627417922,0.8184978918307573,2.4980316225670327,108.7120561728822,2.1477099834883076,2.110135992546673,0.07038123167155426,24.0,0.8327485380116958,0.8616959064327486,"{""C"": 18.483864827889022, ""gamma"": 0.05349247049436635}"
breast,2,0,custom_hermite,342,341,0.3800761853091402,0.009900990099009901,0.003229021326084351,0.009900990099009901,11.137722635996221,0.25493876475545507,0.417905088005624,0.5101533571365504,0.25493876475545507,0.5101533571365504,1.9200794001318937,144.22063282977723,1.4595377560452063,1.5622431426909287,0.1495601173020528,51.0,0.5906432748538012,0.6017543859649123,"{""C"": 48.916666920412275, ""degree"": 6}"
breast,2,0,custom_gegen,342,341,0.8177292885892634,0.009900990099009901,0.5883138855494666,0.009900990099009901,4.1478577514231505,0.4769823506611367,0.6021861208999405,0.6672192701837459,0.4769823506611367,0.6672192701837459,1.8079611104526991,209.8723642045913,1.9981547321568678,1.8529948764526425,0.0967741935483871,33.0,0.6491228070175439,0.7090643274853801,"{""C"": 1.0960313622406777, ""degree"": 3, ""alpha"": -0.26645146609470577}"
breast,2,0,custom_alsalam,342,341,0.6655661882323809,0.009900990099009901,10.327508758049042,0.009900990099009901,11.855351383056092,0.25464645513937706,0.416243516138002,0.46774252593598703,0.25464645513937706,0.46774252593598703,1.3298198181473226,239.74385949621072,1.3073730165435407,1.2067496764967234,0.2932551319648094,100.0,0.6228070175438597,0.6660818713450293,"{""C"": 67.66493480343472, ""degree"": 6, ""a"": -1, ""q"": 0.22749625649103306}"
breast,2,1,linear,341,342,0.8331659744244853,0.009900990099009901,0.9254857750045701,0.009900990099009901,2.0329188078841063,0.6909614493993452,0.813317943293651,0.9078953669060688,0.6909614493993452,0.9078953669060688,2.943259160753545,8.999777200297444,2.0621202619742305,2.2182394998226385,0.1023391812865497,35.0,0.8234604105571847,0.8577712609970675,"{""C"": 0.6432624990932797}"
breast,2,1,poly,341,342,0.8616588806514278,0.009900990099009901,1.7521131082949741,0.009900990099009901,2.6999434266492006,0.6007758616215827,0.7047749462195471,0.7579887907348151,0.6007758616215827,0.7579887907348151,2.2048537921852702,183.94495568435303,0.9951273223121735,0.9759936261655637,0.4619883040935672,158.0,0.7055718475073313,0.7237536656891496,"{""C"": 0.0022133451765698263, ""degree"": 5, ""gamma"": 0.018198282701248188}"
breast,2,1,rbf,341,342,0.8487456066171043,0.009900990099009901,0.034491830464209436,0.009900990099009901,2.3493338323367063,0.6409523451046487,0.765260209328229,0.8583565659902238,0.6409523451046487,0.8583565659902238,2.7911454183553936,71.0321619384815,1.6890723590286965,1.771935239353622,0.13450292397660818,46.0,0.8129032258064516,0.8513196480938416,"{""C"": 2.7437019261848947, ""gamma"": 0.022909323025159897}"
breast,2,1,custom_hermite,341,342,0.4975452179252631,0.009900990099009901,0.002329455039032824,0.009900990099009901,3.8093869570944334,0.48415417446446063,0.6718560945227224,0.7782162846515969,0.48415417446446063,0.7782162846515969,2.456237030702649,66.02277815509802,1.0705834563605892,1.2187265005860863,0.38011695906432746,130.0,0.48445747800586514,0.5096774193548388,"{""C"": 5.021084638493799, ""degree"": 1}"
breast,2,1,custom_gegen,341,342,0.8338537143561364,0.009900990099009901,0.26635586237413467,0.009900990099009901,4.606803938693023,0.44986059311236926,0.5734844617583044,0.6446516437146669,0.44986059311236926,0.6446516437146669,1.7146801942206022,206.66294956263562,1.7125431396078665,1.6319000849002911,0.13450292397660818,46.0,0.5272727272727273,0.6038123167155426,"{""C"": 0.5240129628511916, ""degree"": 3, ""alpha"": 0.1766495786927763}"
breast,2,1,custom_alsalam,341,342,0.7237265395146086,0.009900990099009901,28.14682599279129,0.009900990099009901,14.570002210269575,0.22788074128390617,0.3681432951139443,0.4207541848253585,0.22788074128390617,0.4207541848253585,1.3971267421254767,242.55534673196954,1.1688603728434979,1.1069843269764186,0.3157894736842105,108.0,0.6275659824046921,0.6988269794721407,"{""C"": 0.0022133451765698263, ""degree"": 5, ""a"": -1, ""q"": 0.03694340040356279}"
breast,3,0,linear,342,341,0.840841425174257,0.009900990099009901,0.9166624693553814,0.009900990099009901,2.0635444080800855,0.6850578982885405,0.8195267646077349,0.9046633011776113,0.6850578982885405,0.9046633011776113,2.9067237417436065,8.999787159653408,1.5519929497784264,1.6498131613135245,0.15249266862170088,52.0,0.8017543859649122,0.8520467836257313,"{""C"": 0.0725699661168608}"
breast,3,0,poly,342,341,0.8451085895775371,0.009900990099009901,3.0799348173614134,0.009900990099009901,2.675484880010314,0.6036139428931169,0.7072170192904025,0.7563326543275325,0.6036139428931169,0.7563326543275325,2.060044520023655,201.32558236329203,1.2969656238205391,1.2491077287641004,0.22580645161290322,77.0,0.6578947368421053,0.716374269005848,"{""C"": 0.005706540868551556, ""degree"": 6, ""gamma"": 2.61301088715269}"
breast,3,0,rbf,342,341,0.8592878830748255,0.009900990099009901,0.04872645647253963,0.009900990099009901,2.53421458396315,0.6157800564440956,0.7498458640643344,0.8325985522449225,0.6157800564440956,0.8325985522449225,2.6822732781235357,90.84786696385262,1.5403530836484602,1.5732997687631904,0.1348973607038123,46.0,0.8163742690058478,0.8573099415204678,"{""C"": 2.2546352871248843, ""gamma"": 0.03615143414726364}"
breast,3,0,custom_hermite,342,341,0.5405455961305453,0.009900990099009901,0.0023910799557367705,0.009900990099009901,3.8990728557549876,0.4796443847150839,0.6635916737061622,0.7643410373483918,0.4796443847150839,0.7643410373483918,2.5130449343594368,66.85099601102559,1.4091181195768543,1.6250657156487138,0.2404692082111437,82.0,0.4637426900584796,0.5140350877192983,"{""C"": 48.86816847802403, ""degree"": 1}"
breast,3,0,custom_gegen,342,341,0.8487320246433439,0.009900990099009901,0.9528890386995306,0.009900990099009901,4.715770119182108,0.4468490648108633,0.5603000808815808,0.6199924106611537,0.4468490648108633,0.6199924106611537,1.71108778182875,247.9972501332632,1.5950153936942968,1.4784844992169364,0.15542521994134897,53.0,0.6514619883040935,0.6950292397660819,"{""C"": 0.1123227955033044, ""degree"": 6, ""alpha"": -0.30059276687944936}"
breast,3,0,custom_alsalam,342,341,0.7097518350844086,0.009900990099009901,21.649100872924528,0.009900990099009901,14.231684011504846,0.2295322561643983,0.3745409183647298,0.43326266660669815,0.2295322561643983,0.43326266660669815,1.338742092069814,258.9611082854579,1.4739960436499764,1.3528620280123131,0.2844574780058651,97.0,0.6163742690058479,0.6818713450292397,"{""C"": 0.1123227955033044, ""degree"": 6, ""a"": -1, ""q"": 0.10327592384831134}"
breast,3,1,linear,341,342,0.7940172027262558,0.009900990099009901,0.9206617467555307,0.009900990099009901,1.9975588458542386,0.6972837770893688,0.8292347912713486,0.9114925885621339,0.6972837770893688,0.9114925885621339,2.8301348650701437,8.999770614951785,2.4930029152144497,2.7489688952444182,0.06432748538011696,22.0,0.7730205278592375,0.8208211143695016,"{""C"": 0.5035434394754519}"
breast,3,1,poly,341,342,0.7940172027262561,0.009900990099009901,0.10229574963950343,0.009900990099009901,1.997558845854241,0.6972837770893685,0.829234791271348,0.9114925885621332,0.6972837770893685,0.9114925885621332,2.8301348650701437,9.997739047019113,1.6801824642590333,1.7863501383607256,0.10818713450292397,37.0,0.7812316715542521,0.8466275659824049,"{""C"": 0.8988951060107077, ""degree"": 1, ""gamma"": 2.1192777693575344}"
breast,3,1,rbf,341,342,0.8279512565675616,0.009900990099009901,0.08907329498178508,0.009900990099009901,4.734123832631156,0.4401611971859781,0.5805598118211349,0.6568802781995072,0.4401611971859781,0.6568802781995072,2.1050900558825174,163.59266723772868,1.854660134460233,1.7692843606691526,0.10526315789473684,36.0,0.7524926686217009,0.8296187683284458,"{""C"": 6.5247479281484235, ""gamma"": 0.17402179679309174}"
breast,3,1,custom_hermite,341,342,0.35720196001532806,0.009900990099009901,0.0023190879779352936,0.009900990099009901,5.5770406278999625,0.3846492251103223,0.5805912607676256,0.6896347481241382,0.3846492251103223,0.6896347481241382,2.034707380532168,107.16165724630036,1.360387832186995,1.6929861750770914,0.24853801169590642,85.0,0.5038123167155426,0.5234604105571847,"{""C"": 6.5247479281484235, ""degree"": 3}"
breast,3,1,custom_gegen,341,342,0.8087980011013536,0.009900990099009901,0.7977874616942041,0.009900990099009901,4.414625515437432,0.46234584456051864,0.5855062570368712,0.6443103058793058,0.46234584456051864,0.6443103058793058,1.7628441578046412,213.9088219483633,2.270127227259034,2.158556608664207,0.09064327485380116,31.0,0.6299120234604106,0.7055718475073314,"{""C"": 28.490272940874828, ""degree"": 5, ""alpha"": -0.2862012734545536}"
breast,3,1,custom_alsalam,341,342,0.6797141350598362,0.009900990099009901,21.518382104104628,0.009900990099009901,12.046516689093925,0.253547959461449,0.41225617525107555,0.46015386926733104,0.253547959461449,0.46015386926733104,1.3822982957072825,223.17022774895884,1.4251153221587245,1.305360508127717,0.260233918128655,89.0,0.6000000000000001,0.6489736070381232,"{""C"": 28.490272940874828, ""degree"": 5, ""a"": -1, ""q"": 0.11036319196710423}"
breast,4,0,linear,342,341,0.8272956527458014,0.009900990099009901,0.986165953721332,0.009900990099009901,1.9761617682454122,0.7016665722330683,0.8258728551955622,0.9092752028917903,0.7016665722330683,0.9092752028917903,2.9585199279398013,8.99978950763034,2.3590053740424333,2.5175308441065956,0.08797653958944282,30.0,0.8046783625730994,0.8423976608187135,"{""C"": 11.460957114989835}"
breast,4,0,poly,342,341,0.8681339652072765,0.009900990099009901,0.5184687838353701,0.009900990099009901,2.614235220188213,0.6090925776883922,0.7229815034122967,0.7875462762560911,0.6090925776883922,0.7875462762560911,2.470980877468338,139.20807499541914,2.133131624875384,1.999730542419947,0.10263929618768329,35.0,0.7339181286549706,0.7710526315789475,"{""C"": 1.0303787628511976, ""degree"": 3, ""gamma"": 0.18842467857786355}"
breast,4,0,rbf,342,341,0.8657828122402562,0.009900990099009901,0.09122406452206205,0.009900990099009901,3.8334927481099217,0.4946344738690219,0.6304881389588823,0.704840283525293,0.4946344738690219,0.704840283525293,2.30369056512182,154.73411972592808,1.1093598875734725,1.0830685258136856,0.20527859237536658,70.0,0.8005847953216373,0.8359649122807018,"{""C"": 0.17580749988911384, ""gamma"": 0.12523662097736904}"
breast,4,0,custom_hermite,342,341,0.4625639797101389,0.009900990099009901,0.0027253719249864744,0.009900990099009901,5.865059550178075,0.3691167010587729,0.578806556336019,0.6803914171321138,0.3691167010587729,0.6803914171321138,2.202306708386256,106.82397267008912,0.9303528965264383,0.9674545708541427,0.5219941348973607,178.0,0.4964912280701755,0.5245614035087719,"{""C"": 1.0303787628511976, ""degree"": 3}"
breast,4,0,custom_gegen,342,341,0.29579468891990923,0.009900990099009901,116.17360200459457,0.009900990099009901,9.236851238109779,0.26673685656422175,0.49419223256727973,0.6059109884723352,0.26673685656422175,0.6059109884723352,0.9958999009345563,242.99016883695776,1.683067107307647,1.5750190664254016,0.3489736070381232,119.0,0.29766081871345035,0.3260233918128655,"{""C"": 0.07528444377978973, ""degree"": 6, ""alpha"": 0.37053724752590256}"
breast,4,0,custom_alsalam,342,341,0.695492190442357,0.009900990099009901,13.269349757777967,0.009900990099009901,12.13330215337963,0.2541975102951409,0.40540498255424845,0.45696252824145855,0.2541975102951409,0.45696252824145855,1.3533863596350946,240.88951413095185,1.154579004673276,1.1027302602949955,0.375366568914956,128.0,0.607017543859649,0.6470760233918129,"{""C"": 0.0014196011888428523, ""degree"": 5, ""a"": -1, ""q"": 0.19490036323375706}"
breast,4,1,linear,341,342,0.8078982266875063,0.009900990099009901,0.855089516099192,0.009900990099009901,2.082180785059425,0.680928304549173,0.826625936424509,0.9141614615361116,0.680928304549173,0.9141614615361116,2.784010756103165,8.999769152010686,1.883250117421817,2.0344399391195456,0.09064327485380116,31.0,0.7519061583577712,0.7997067448680353,"{""C"": 0.20462223575159158}"
breast,4,1,poly,341,342,0.8295991190459713,0.009900990099009901,1.7006893671794285,0.009900990099009901,2.652671588026614,0.6055544050278027,0.7182852568758228,0.7733740349250166,0.6055544050278027,0.7733740349250166,2.1373144395829042,183.8725440240535,1.4623365594946123,1.3708700113955987,0.15497076023391812,53.0,0.6492668621700879,0.6794721407624633,"{""C"": 0.020189043709809656, ""degree"": 5, ""gamma"": 0.20056851883014135}"
breast,4,1,rbf,341,342,0.8340949837691686,0.009900990099009901,0.0662611434725825,0.009900990099009901,3.013590639317706,0.5606748544686155,0.7034265763476673,0.7905491826454715,0.5606748544686155,0.7905491826454715,2.4428012059224167,122.42845282047435,1.7464279490566972,1.7316588051410002,0.08771929824561403,30.0,0.7583577712609971,0.8328445747800587,"{""C"": 3.7854320112794015, ""gamma"": 0.06643950787103439}"
breast,4,1,custom_hermite,341,342,0.41658870373932816,0.009900990099009901,0.0030425296192891703,0.009900990099009901,5.289807354344053,0.4019867921636096,0.5806006469938958,0.6914112755350872,0.4019867921636096,0.6914112755350872,2.193619193891451,109.23962741259042,1.1974012802570468,1.4138404622366612,0.31871345029239767,109.0,0.46920821114369504,0.5023460410557186,"{""C"": 5.207641854149449, ""degree"": 3}"
breast,4,1,custom_gegen,341,342,0.7614064641831588,0.009900990099009901,4.991271020443204,0.009900990099009901,3.9416192364385685,0.48678016421715375,0.6339358839075504,0.6809953461981115,0.48678016421715375,0.6809953461981115,1.645950037667016,226.3894360090876,1.8318827551261092,1.655098077345379,0.13450292397660818,46.0,0.5900293255131964,0.6266862170087977,"{""C"": 0.08483353614687422, ""degree"": 3, ""alpha"": -0.41550252780903396}"
breast,4,1,custom_alsalam,341,342,0.6803063269547781,0.009900990099009901,0.38217836179916537,0.009900990099009901,19.305563689193008,0.1906964989092866,0.32242004468737334,0.3711565819186842,0.1906964989092866,0.3711565819186842,1.4014153031881338,233.30656778167224,1.0627142410009942,1.0319351296883572,0.40058479532163743,137.0,0.632258064516129,0.6516129032258065,"{""C"": 0.020189043709809656, ""degree"": 5, ""a"": -1, ""q"": 0.46106546777592894}"
australian,0,0,linear,345,345,0.3726589873713362,0.009900990099009901,0.39803807239229727,0.009900990099009901,5.519727128194291,0.3009292601936723,0.6680666488186329,0.8540520343456898,0.3009292601936723,0.8540520343456898,1.1916804229546123,13.99912637545981,0.8918436905738627,0.910491852850797,0.6115942028985507,211.0,1.0,1.0,"{""C"": 0.00693725935423273}"
australian,0,0,poly,345,345,0.35716082879457867,0.009900990099009901,0.25221592526826403,0.009900990099009901,10.002725106799438,0.21821827417813036,0.4834755031244609,0.622823972566356,0.21821827417813036,0.622823972566356,1.128006819668781,271.9851155572344,0.8201619292009021,0.8625276211868157,0.7420289855072464,256.0,0.9536231884057971,0.9489855072463768,"{""C"": 0.00693725935423273, ""degree"": 4, ""gamma"": 0.04816224158322986}"
australian,0,0,rbf,345,345,0.36756210667283706,0.009900990099009901,0.029597410718328786,0.009900990099009901,9.750647595114343,0.22256609090992452,0.4937562695352624,0.6291637028996284,0.22256609090992452,0.6291637028996284,1.1385210826484704,230.2684952426536,1.0668958547213123,1.0863010055794728,0.37681159420289856,130.0,1.0,1.0,"{""C"": 3.630379557000472, ""gamma"": 0.07581847576596379}"
australian,0,0,custom_hermite,345,345,0.3264735123803585,0.009900990099009901,9.230221557939074e-05,0.009900990099009901,11.85560956106034,0.21339118155147505,0.4381853348486504,0.5434708416555907,0.21339118155147505,0.5434708416555907,1.1511806276622076,68.12219494708712,0.9432354185279248,1.0648897939885542,0.5942028985507246,205.0,0.6997101449275361,0.6947826086956521,"{""C"": 66.40486856085695, ""degree"": 3}"
australian,0,0,custom_gegen,345,345,0.3818644394481132,0.009900990099009901,0.015264573319492906,0.009900990099009901,8.945619651919893,0.23905330747043932,0.5094216402044247,0.6531509797671055,0.23905330747043932,0.6531509797671055,1.145582753552276,219.30846589864194,1.0015186187624578,1.001842728715517,0.48985507246376814,169.0,0.7843478260869564,0.8205797101449276,"{""C"": 0.538520265173768, ""degree"": 5, ""alpha"": 0.0768249492897195}"
australian,0,0,custom_alsalam,345,345,0.16723569960642046,0.009900990099009901,25.14898399609542,0.009900990099009901,75.41421673192049,0.053883282212194905,0.13014183372933452,0.18438374408374955,0.053883282212194905,0.18438374408374955,1.0125184024178027,344.9910193907783,1.1345356283865817,1.1631517694504483,0.6173913043478261,213.0,0.8614492753623189,0.8144927536231884,"{""C"": 0.00693725935423273, ""degree"": 4, ""a"": -1, ""q"": 0.2089456779096479}"
australian,0,1,linear,345,345,0.3835454516704189,0.009900990099009901,0.410717979365123,0.009900990099009901,5.4861800587005805,0.3023867411313296,0.6786940148168181,0.8505286020183752,0.3023867411313296,0.8505286020183752,1.201515128309079,13.999410684780514,1.158348340653313,1.1967100025102213,0.32463768115942027,112.0,1.0,1.0,"{""C"": 3.65287920778318}"
australian,0,1,poly,345,345,0.381498859316604,0.009900990099009901,0.07552519189634346,0.009900990099009901,6.7778044291188815,0.2713968642936239,0.6083791804227787,0.7630843694102963,0.2713968642936239,0.7630843694102963,1.1769443753895747,95.80169837248135,1.0897796658615881,1.1562355465625676,0.35942028985507246,124.0,0.986086956521739,0.9843478260869566,"{""C"": 1.4972797300982306, ""degree"": 2, ""gamma"": 0.8836443327315383}"
australian,0,1,rbf,345,345,0.2070341187483021,0.009900990099009901,0.013494119060652197,0.009900990099009901,52.457490613197514,0.06787790931444004,0.1603964506502671,0.23814366613051105,0.06787790931444004,0.23814366613051105,1.0310127842584818,333.4055794306461,1.0012767430300118,1.0140234443266394,0.5652173913043478,195.0,1.0,1.0,"{""C"": 1.6631468475811757, ""gamma"": 0.5286866169916778}"
australian,0,1,custom_hermite,345,345,0.3103140315949231,0.009900990099009901,3.86293785669077e-05,0.009900990099009901,11.008671948209017,0.20650408297443404,0.45753473903485103,0.5918523144443839,0.20650408297443404,0.5918523144443839,1.1439972538713639,40.087112934701366,0.9920544416366728,0.008682241509586007,0.8869565217391304,306.0,0.6742028985507246,0.6866666666666666,"{""C"": 0.22704884102192666, ""degree"": 1}"
australian,0,1,custom_gegen,345,345,0.3183181934986203,0.009900990099009901,0.6225360975424121,0.009900990099009901,17.780345302818056,0.15515858694983695,0.34437513902284894,0.4488189094790871,0.15515858694983695,0.4488189094790871,1.0787432590192532,317.2126271250243,1.0967959741571431,1.1396342195228886,0.3884057971014493,134.0,0.8869565217391304,0.8924637681159421,"{""C"": 0.22704884102192666, ""degree"": 1, ""alpha"": 0.30823398331542384}"
australian,0,1,custom_alsalam,345,345,0.17240397014126443,0.009900990099009901,0.21144753774394903,0.009900990099009901,37.842079964778094,0.09055310997608214,0.19657126064752217,0.28500992195528013,0.09055310997608214,0.28500992195528013,1.0251520223284318,329.23672771970405,1.0487824513826922,1.0641445624478003,0.5072463768115942,175.0,0.8568115942028984,0.8504347826086958,"{""C"": 0.22704884102192666, ""degree"": 1, ""a"": -1, ""q"": 0.40310015258749515}"
australian,1,0,linear,345,345,0.38330255159790594,0.009900990099009901,0.4012588223649128,0.009900990099009901,5.548905581168167,0.30023357365030634,0.6639811994300471,0.8544153187053245,0.30023357365030634,0.8544153187053245,1.199815090192375,13.99887158895558,1.3467871514893013,1.6363936567997184,0.32753623188405795,113.0,1.0,1.0,"{""C"": 73.60172808615624}"
australian,1,0,poly,345,345,0.38330255159790594,0.009900990099009901,0.02866134445463663,0.009900990099009901,5.548905581168169,0.30023357365030656,0.6639811994300467,0.8544153187053242,0.30023357365030656,0.8544153187053242,1.1998150901923748,14.972263859075866,1.0455674181396042,1.0486225900507582,0.3333333333333333,115.0,1.0,1.0,"{""C"": 51.04612952815286, ""degree"": 1, ""gamma"": 1.4729457949385443}"
australian,1,0,rbf,345,345,0.3832330333751289,0.009900990099009901,0.011032346368436136,0.009900990099009901,6.305692808710051,0.2817186907744199,0.6223123072844157,0.7996057645630645,0.2817186907744199,0.7996057645630645,1.186326574982271,102.6976659124976,1.1670515862260364,1.252121519450224,0.3681159420289855,127.0,1.0,1.0,"{""C"": 51.04612952815286, ""gamma"": 0.016112020918827366}"
australian,1,0,custom_hermite,345,345,0.3040677962648173,0.009900990099009901,0.00019734502696106614,0.009900990099009901,18.808318190093143,0.15937001432299588,0.33560216528760317,0.4285348240503507,0.15937001432299588,0.4285348240503507,1.1206802258508044,136.8950476170391,1.011527405877278,1.129986668181021,0.5333333333333333,184.0,0.6718840579710145,0.6353623188405797,"{""C"": 67.34134431293604, ""degree"": 6}"
australian,1,0,custom_gegen,345,345,0.2908837205299785,0.009900990099009901,1.487500968401797,0.009900990099009901,28.76118566500572,0.11719706607578766,0.2496485240914229,0.3401009718387033,0.11719706607578766,0.3401009718387033,1.0507883734003485,342.41758232947865,1.9705655065233136,2.245624657562534,0.3739130434782609,129.0,0.8915942028985507,0.863768115942029,"{""C"": 45.530654150450864, ""degree"": 3, ""alpha"": -0.3429785901159321}"
australian,1,0,custom_alsalam,345,345,0.16701603527794362,0.009900990099009901,79.25110745567896,0.009900990099009901,66.03892749673352,0.06428594216066764,0.14503174828466986,0.1995837308855377,0.06428594216066764,0.1995837308855377,1.0165807760421721,344.9900666360058,1.227999202325349,1.2932752115109665,0.5739130434782609,198.0,0.8794202898550724,0.8394202898550726,"{""C"": 45.530654150450864, ""degree"": 3, ""a"": -1, ""q"": 0.08240250335999322}"
australian,1,1,linear,345,345,0.3759043693232572,0.009900990099009901,0.4109042427886583,0.009900990099009901,5.4378008288235185,0.3083549128815611,0.6795382829988925,0.8503528242812737,0.3083549128815611,0.8503528242812737,1.1958071200899196,13.999457091264503,1.0074268330035892,1.0072067219711869,0.3101449275362319,107.0,1.0,1.0,"{""C"": 0.20250374403779997}"
australian,1,1,poly,345,345,0.37429559672120133,0.009900990099009901,0.07522307990726079,0.009900990099009901,6.756033145748977,0.27466046935710764,0.6074180542748107,0.7619437256830364,0.27466046935710764,0.7619437256830364,1.171524588799056,97.80775254711861,0.9986849755186438,1.0004730364069319,0.5014492753623189,173.0,0.9831884057971015,0.981159420289855,"{""C"": 0.0737548290805675, ""degree"": 2, ""gamma"": 2.368000537712622}"
australian,1,1,rbf,345,345,0.37590232867304196,0.009900990099009901,0.013101134717257192,0.009900990099009901,6.379406376865078,0.2834234173959326,0.6267192078441323,0.7844499814315145,0.2834234173959326,0.7844499814315145,1.179318591072587,118.2103687830398,1.2692383666880072,1.3576762919383059,0.3101449275362319,107.0,1.0,1.0,"{""C"": 33.67389709226905, ""gamma"": 0.019412630751761806}"
australian,1,1,custom_hermite,345,345,0.3114290409003809,0.009900990099009901,4.0454411239090025e-05,0.009900990099009901,10.600590865348996,0.2170018241273446,0.46551176135811834,0.598179321664143,0.2170018241273446,0.598179321664143,1.1448793297472266,40.388362995841966,0.7155649557153491,0.7411235553052253,0.7681159420289855,265.0,0.6753623188405797,0.6907246376811594,"{""C"": 33.67389709226905, ""degree"": 1}"
australian,1,1,custom_gegen,345,345,0.017412919787465803,0.009900990099009901,306008.6589595677,0.009900990099009901,19.91555782489416,0.13411330266957483,0.3326132857486127,0.41660478202744816,0.13411330266957483,0.41660478202744816,0.9544772505312967,344.99999993414076,1.0810133935013897,1.1034780886709932,0.8173913043478261,282.0,0.1246376811594203,0.12521739130434784,"{""C"": 2.806875684605748, ""degree"": 6, ""alpha"": 0.4931543343525733}"
australian,1,1,custom_alsalam,345,345,0.18126054456975985,0.009900990099009901,0.04351359282819044,0.009900990099009901,80.70852725852639,0.04494210212656091,0.11797085497211218,0.17931994490214603,0.04494210212656091,0.17931994490214603,1.0264785324160004,344.27274901431866,0.9572615651615907,0.9866155724959798,0.6463768115942029,223.0,0.8092753623188406,0.7371014492753624,"{""C"": 0.20250374403779997, ""degree"": 5, ""a"": -1, ""q"": 0.505307160777561}"
australian,2,0,linear,345,345,0.39231551218712485,0.009900990099009901,0.42190108977212476,0.009900990099009901,5.49679633701811,0.3086437537303434,0.6715598717561329,0.8455047103719817,0.3086437537303434,0.8455047103719817,1.2047383603626252,13.999334455789722,1.000395867727477,0.9991838842030725,0.4028985507246377,139.0,1.0,1.0,"{""C"": 0.6032643652161978}"
australian,2,0,poly,345,345,0.37852224941573703,0.009900990099009901,0.26682493087147785,0.009900990099009901,9.919555619114824,0.22632372359765238,0.4869924689127719,0.6174169575239425,0.22632372359765238,0.6174169575239425,1.1372235957393677,274.1327588842881,1.0608449823529622,1.1187051955358192,0.3652173913043478,126.0,0.9484057971014495,0.9466666666666668,"{""C"": 0.6032643652161978, ""degree"": 4, ""gamma"": 0.1161931393247599}"
australian,2,0,rbf,345,345,0.3681651610016709,0.009900990099009901,0.033795977231591876,0.009900990099009901,13.794850176111247,0.1855113881768825,0.40334424300123495,0.5178206143869565,0.1855113881768825,0.5178206143869565,1.115590082066273,277.42468278394097,1.0552083687659517,1.0957625433271088,0.4057971014492754,140.0,1.0,1.0,"{""C"": 3.7680621623722543, ""gamma"": 0.132830011650401}"
australian,2,0,custom_hermite,345,345,0.33271073909017657,0.009900990099009901,0.00010665201576858795,0.009900990099009901,13.849241762248267,0.19163726342099682,0.40465390668061574,0.5049292037966552,0.19163726342099682,0.5049292037966552,1.1519341871841622,84.38207989307938,0.9576741266440865,0.04605830609952356,0.8927536231884058,308.0,0.6834782608695652,0.6646376811594203,"{""C"": 0.6032643652161978, ""degree"": 4}"
australian,2,0,custom_gegen,345,345,0.33896192199917735,0.009900990099009901,0.7715652010150539,0.009900990099009901,29.035847684675492,0.1238769506308632,0.25765180528249654,0.33942402199708566,0.1238769506308632,0.33942402199708566,1.0548115664702238,343.9872581912129,1.3201193919836078,1.3904267601983005,0.4260869565217391,147.0,0.697391304347826,0.7423188405797102,"{""C"": 0.6032643652161978, ""degree"": 4, ""alpha"": 0.23003095196120926}"
australian,2,0,custom_alsalam,345,345,0.17532850328714758,0.009900990099009901,2.276487513498762,0.009900990099009901,77.597563396378,0.05802809824353897,0.1297498423652436,0.18300697400563765,0.05802809824353897,0.18300697400563765,1.0145272731457518,344.90068318038516,1.1748569291687194,1.2056594596166563,0.5826086956521739,201.0,0.8684057971014494,0.8324637681159421,"{""C"": 0.6032643652161978, ""degree"": 4, ""a"": -1, ""q"": 0.3645881069959724}"
australian,2,1,linear,345,345,0.3686498966438903,0.009900990099009901,0.39221511297102724,0.009900990099009901,5.515008470606713,0.29441501642687146,0.6746918295233716,0.8599759568669716,0.29441501642687146,0.8599759568669716,1.1912611624243512,13.999317943123287,1.7806388255113306,2.0050357893924557,0.2811594202898551,97.0,1.0,1.0,"{""C"": 78.27566325735214}"
australian,2,1,poly,345,345,0.3409841187208613,0.009900990099009901,0.41625133527082314,0.009900990099009901,11.678517711274234,0.19368781869434173,0.44654651868044265,0.573933597956326,0.19368781869434173,0.573933597956326,1.112605488210348,305.5566228853411,1.1681643761704903,1.2325716850437936,0.3536231884057971,122.0,0.9449275362318841,0.9304347826086956,"{""C"": 0.18967333451318363, ""degree"": 5, ""gamma"": 0.029683135739325166}"
australian,2,1,rbf,345,345,0.31863912656510957,0.009900990099009901,0.028548121151991724,0.009900990099009901,19.499945804338964,0.13863766459854268,0.32483462983889455,0.4386146594627742,0.13863766459854268,0.4386146594627742,1.083604953828893,300.72982505161883,0.9323110396780208,0.9656563258856408,0.518840579710145,179.0,1.0,1.0,"{""C"": 0.20098788444730023, ""gamma"": 0.1954416761663214}"
australian,2,1,custom_hermite,345,345,0.2718434686674334,0.009900990099009901,0.0001748092824255709,0.009900990099009901,20.36587304063636,0.14275883130908568,0.31562543342970767,0.42389886779937136,0.14275883130908568,0.42389886779937136,1.0963619420491695,139.0575247349074,0.9552614052389378,1.0646308962979893,0.5333333333333333,184.0,0.671304347826087,0.6426086956521739,"{""C"": 37.12466250640611, ""degree"": 6}"
australian,2,1,custom_gegen,345,345,0.32855710589046005,0.009900990099009901,0.3870890037607961,0.009900990099009901,19.777427197198044,0.14267543537301636,0.32994293548175063,0.43179524345531467,0.14267543537301636,0.43179524345531467,1.0780774908124433,342.87777082640025,1.1124755279897025,1.157892481214214,0.4028985507246377,139.0,0.8997101449275362,0.8921739130434783,"{""C"": 0.18967333451318363, ""degree"": 5, ""alpha"": -0.25971040485541597}"
australian,2,1,custom_alsalam,345,345,0.15952244632713378,0.009900990099009901,130.90536025137487,0.009900990099009901,70.42072464483681,0.051992673691968576,0.13039505658810935,0.19126082294457078,0.051992673691968576,0.19126082294457078,1.0190741387454099,344.999656909462,1.6582537630240997,2.3907237863511086,0.5797101449275363,200.0,0.9026086956521738,0.9020289855072465,"{""C"": 37.12466250640611, ""degree"": 6, ""a"": -1, ""q"": 0.013268001274794914}"
australian,3,0,linear,345,345,0.37055437856421936,0.009900990099009901,0.39149584120675734,0.009900990099009901,5.547327132299416,0.304397211011048,0.6644815063258345,0.8499961945666559,0.304397211011048,0.8499961945666559,1.1902610129918503,13.99912158010602,1.0292822047492465,1.033726611773976,0.2956521739130435,102.0,1.0,1.0,"{""C"": 2.9702512578080977}"
australian,3,0,poly,345,345,0.35698954264277416,0.009900990099009901,0.25071254686948846,0.009900990099009901,9.991615703241598,0.22246774006353157,0.4825797970889222,0.6211596427815204,0.22246774006353157,0.6211596427815204,1.1291298559160254,276.28969394476496,1.2089953861179221,1.2713658060356778,0.35942028985507246,124.0,0.9588405797101448,0.9524637681159421,"{""C"": 2.076072887507978, ""degree"": 4, ""gamma"": 0.21062221010596857}"
australian,3,0,rbf,345,345,0.2795941201454792,0.009900990099009901,0.02221058229020545,0.009900990099009901,31.17082971446346,0.10380084732423321,0.2314241256696809,0.33106325641903933,0.10380084732423321,0.33106325641903933,1.0560725036738383,322.66158938877413,1.0181825604997596,1.0342397583303948,0.48985507246376814,169.0,1.0,1.0,"{""C"": 2.4475992129198296, ""gamma"": 0.31630321196158173}"
australian,3,0,custom_hermite,345,345,0.30488217093185527,0.009900990099009901,7.632421456265251e-05,0.009900990099009901,13.566215882875538,0.1851255345138866,0.40379233783723556,0.5260283112512781,0.1851255345138866,0.5260283112512781,1.1254116630514535,68.59244828342787,0.837895807769567,0.9549143329644948,0.6927536231884058,239.0,0.6904347826086956,0.6907246376811594,"{""C"": 28.602198857128894, ""degree"": 3}"
australian,3,0,custom_gegen,345,345,0.3665510238871624,0.009900990099009901,0.04986435706805711,0.009900990099009901,10.303620868492414,0.2202925957611187,0.47432354465295906,0.6104372895184669,0.2202925957611187,0.6104372895184669,1.128343919865521,295.1894870901608,1.060401972705637,1.0993414069154126,0.3884057971014493,134.0,0.8753623188405797,0.8921739130434785,"{""C"": 2.4475992129198296, ""degree"": 4, ""alpha"": -0.1395076907275165}"
australian,3,0,custom_alsalam,345,345,0.167951014334485,0.009900990099009901,71.66156979994112,0.009900990099009901,76.33800757722375,0.05340108869633305,0.12654081456677296,0.1830674835694453,0.05340108869633305,0.1830674835694453,1.015728371166833,344.9993762536385,1.3362271587217478,1.5157143445178518,0.5681159420289855,196.0,0.8788405797101448,0.8672463768115943,"{""C"": 17.571136368797468, ""degree"": 5, ""a"": -1, ""q"": 0.10362431136927396}"
australian,3,1,linear,345,345,0.3880864603246066,0.009900990099009901,0.41966728536244935,0.009900990099009901,5.456305157183663,0.30126424896105064,0.6804087870220732,0.854470443339494,0.30126424896105064,0.854470443339494,1.2045489268975826,13.999401403218599,1.3142626796469665,1.4092814038420485,0.33043478260869563,114.0,1.0,1.0,"{""C"": 2.415343311422032}"
australian,3,1,poly,345,345,0.36013572883338907,0.009900990099009901,0.43898060047388454,0.009900990099009901,11.604610875928032,0.19776729115827626,0.4498040164779054,0.5692548410528031,0.19776729115827626,0.5692548410528031,1.1185667136243724,302.4894721665256,0.970322148877092,0.9959104224227946,0.4927536231884058,170.0,0.936231884057971,0.9382608695652175,"{""C"": 0.018590818430888507, ""degree"": 5, ""gamma"": 0.31246468868914845}"
australian,3,1,rbf,345,345,0.3878117550299755,0.009900990099009901,0.012251479338735372,0.009900990099009901,6.282181350739082,0.2803721859416196,0.633640098273994,0.7950160468974945,0.2803721859416196,0.7950160468974945,1.1891011096057271,110.06469762264382,0.9793835301011152,0.9816797995161384,0.518840579710145,179.0,1.0,1.0,"{""C"": 0.5024619351647502, ""gamma"": 0.017399895829053633}"
australian,3,1,custom_hermite,345,345,0.2957917455186559,0.009900990099009901,0.00020693856852527147,0.009900990099009901,18.396096450490962,0.1676188073028004,0.3367575668242022,0.429309107557059,0.1676188073028004,0.429309107557059,1.1233966698233537,141.26534261021357,0.8399278147150938,0.9243010505601303,0.6434782608695652,222.0,0.6782608695652174,0.6434782608695652,"{""C"": 20.942506177467223, ""degree"": 6}"
australian,3,1,custom_gegen,345,345,0.16967734582270866,0.009900990099009901,14.365522328115343,0.009900990099009901,44.68268924770846,0.08023919493983409,0.18888766349512776,0.2520611050218873,0.08023919493983409,0.2520611050218873,1.0130759144099328,344.9552097044583,1.3378223504249485,1.447899193572039,0.4811594202898551,166.0,0.8214492753623188,0.7892753623188407,"{""C"": 0.03410633100414092, ""degree"": 3, ""alpha"": -0.4791282993045944}"
australian,3,1,custom_alsalam,345,345,0.15894625047134242,0.009900990099009901,27.64392650694611,0.009900990099009901,73.07295460334237,0.05569079698516008,0.13047536394701745,0.18768673569177283,0.05569079698516008,0.18768673569177283,1.0123101103724368,344.9965076956733,1.1319920783608726,1.166897422777014,0.6173913043478261,213.0,0.8498550724637681,0.8217391304347826,"{""C"": 0.004002089645633465, ""degree"": 3, ""a"": -1, ""q"": 0.19042526999234793}"
australian,4,0,linear,345,345,0.366728382210875,0.009900990099009901,0.3948768945706807,0.009900990099009901,5.546957628315227,0.29847414236410597,0.6715472379044705,0.8491835803621758,0.29847414236410597,0.8491835803621758,1.19141647399801,13.999309216035044,1.418356684141165,1.5559900601507524,0.3188405797101449,110.0,1.0,1.0,"{""C"": 2.7649987850477533}"
australian,4,0,poly,345,345,0.345934517777837,0.009900990099009901,0.42156348857819986,0.009900990099009901,11.752791572273955,0.1992690721693913,0.4428993975569187,0.5644189120179335,0.1992690721693913,0.5644189120179335,1.1131645964415355,305.9917343028677,0.7259369515738239,0.7991077957890187,0.808695652173913,279.0,0.9489855072463768,0.9385507246376812,"{""C"": 0.0031140930677767144, ""degree"": 5, ""gamma"": 3.888807353010924}"
australian,4,0,rbf,345,345,0.18891216523571167,0.009900990099009901,0.011686606202577204,0.009900990099009901,59.24642148946007,0.0626444037583251,0.14654996594013833,0.21541309055942903,0.0626444037583251,0.21541309055942903,1.0260357708444914,334.0651692806925,0.8651506169432278,0.8826464919723818,0.6666666666666666,230.0,1.0,1.0,"{""C"": 0.26007819726293857, ""gamma"": 0.6015707525017294}"
australian,4,0,custom_hermite,345,345,0.28552363654892277,0.009900990099009901,8.808434121368592e-05,0.009900990099009901,15.274288949861939,0.16936887595414885,0.3802520708322151,0.49534091205048236,0.16936887595414885,0.49534091205048236,1.1209777975342372,84.78257985129699,1.027267272773426,1.1898258624963387,0.5014492753623189,173.0,0.6834782608695652,0.6736231884057972,"{""C"": 94.31480137000418, ""degree"": 4}"
australian,4,0,custom_gegen,345,345,0.05352013805469378,0.009900990099009901,2474.764761816888,0.009900990099009901,38.79234605088949,0.10310943123447099,0.21957827497771654,0.2800255872739954,0.10310943123447099,0.2800255872739954,0.9752455134553938,344.9999887611552,1.2183028179166022,1.3075449694810537,0.6086956521739131,210.0,0.3582608695652174,0.28840579710144926,"{""C"": 0.26007819726293857, ""degree"": 4, ""alpha"": 0.4504959970768011}"
australian,4,0,custom_alsalam,345,345,0.17458783930545035,0.009900990099009901,0.12789887622719945,0.009900990099009901,80.89137024312254,0.05089203954699998,0.11827400350089395,0.17480643143252794,0.05089203954699998,0.17480643143252794,1.0224246878019236,344.2589572414443,1.0390067740586746,1.0413286000522848,0.6579710144927536,227.0,0.8788405797101448,0.8440579710144928,"{""C"": 0.26007819726293857, ""degree"": 4, ""a"": -1, ""q"": 0.473158832731289}"
australian,4,1,linear,345,345,0.3922144910342925,0.009900990099009901,0.41577299060021594,0.009900990099009901,5.487557848693345,0.30388189612767424,0.6720261702469477,0.8560191605658177,0.30388189612767424,0.8560191605658177,1.2034343192000894,13.999314476414042,0.776590695309197,0.8247230327464105,0.8144927536231884,281.0,1.0,1.0,"{""C"": 0.0033985274228119375}"
australian,4,1,poly,345,345,0.3640639623197778,0.009900990099009901,0.43960595416831283,0.009900990099009901,11.689794079610985,0.19971712534137445,0.4442185498424223,0.5693968053157269,0.19971712534137445,0.5693968053157269,1.1191515567746484,303.9444162286702,0.9660879834140956,0.9764007445766341,0.5942028985507246,205.0,0.9402898550724639,0.9249275362318842,"{""C"": 0.00902457021199038, ""degree"": 5, ""gamma"": 0.04803423795127794}"
australian,4,1,rbf,345,345,0.23424991287541758,0.009900990099009901,0.01620581565289263,0.009900990099009901,45.81035095216488,0.07336469004079854,0.1863538954406463,0.26247373267164925,0.07336469004079854,0.26247373267164925,1.037510719213841,328.8755594760464,0.8619581493846841,0.9060571783094655,0.6985507246376812,241.0,1.0,1.0,"{""C"": 0.20439103064590253, ""gamma"": 0.48812050392377637}"
australian,4,1,custom_hermite,345,345,0.31986905905435126,0.009900990099009901,0.0001435738089318215,0.009900990099009901,14.928987312258679,0.18166376597311218,0.3849829603093097,0.48841353752746974,0.18166376597311218,0.48841353752746974,1.1354404011750168,101.0445268072086,0.999179751601397,0.0008363794727171981,0.8869565217391304,306.0,0.7026086956521739,0.6689855072463768,"{""C"": 0.00902457021199038, ""degree"": 5}"
australian,4,1,custom_gegen,345,345,0.041493071206097715,0.009900990099009901,2315.837107528781,0.009900990099009901,41.99302065601545,0.07674501780454254,0.19259111645229987,0.276196722024356,0.07674501780454254,0.276196722024356,0.9654310517390637,344.99999291328663,1.1152710812077087,1.1480251709942617,0.7507246376811594,259.0,0.2915942028985507,0.26724637681159424,"{""C"": 0.014021880599891753, ""degree"": 5, ""alpha"": 0.4295638097741066}"
australian,4,1,custom_alsalam,345,345,0.19381340758708868,0.009900990099009901,0.20704188124090422,0.009900990099009901,76.55253292255365,0.04968804253864122,0.13276031347227904,0.18770679935189669,0.04968804253864122,0.18770679935189669,1.0238584902747065,344.6900862732774,0.8162939233916611,0.8690622402746827,0.7710144927536232,266.0,0.8707246376811594,0.8666666666666667,"{""C"": 0.014021880599891753, ""degree"": 5, ""a"": -1, ""q"": 0.46285051938624344}"
german,0,0,linear,500,500,0.0732412622373723,0.009900990099009901,0.0889334950590021,0.009900990099009901,13.190219312389068,0.13746838329613897,0.3736205997885304,0.5198817917481118,0.13746838329613897,0.5198817917481118,1.0346328354257945,23.999725003667663,1.2242828153139,1.1685376009683934,0.528,264.0,1.0,1.0,"{""C"": 30.825200295827173}"
german,0,0,poly,500,500,0.07562978928502678,0.009900990099009901,0.0709890523633672,0.009900990099009901,32.851337817822476,0.09053219355731493,0.23072391531004902,0.31955811307059256,0.09053219355731493,0.31955811307059256,1.0160123858162107,496.5053594683595,0.989744419889814,0.025257250553932367,0.642,321.0,0.8872000000000001,0.8750000000000001,"{""C"": 0.0012195675638446903, ""degree"": 5, ""gamma"": 0.20151913872461336}"
german,0,0,rbf,500,500,0.07489430913869584,0.009900990099009901,0.0025289584944163932,0.009900990099009901,19.281917746239294,0.11380610531915018,0.3078227087384354,0.42740783729505927,0.11380610531915018,0.42740783729505927,1.0289965245532267,398.7443394190846,0.9786088701523903,0.8436418831220299,0.586,293.0,1.0,1.0,"{""C"": 2.71002075312631, ""gamma"": 0.02140442854857754}"
german,0,0,custom_hermite,500,500,0.036469426051384465,0.009900990099009901,8.271009629955267e-09,0.009900990099009901,66.3703617028203,0.06871419095962046,0.15045526867499348,0.2080877038465513,0.06871419095962046,0.2080877038465513,1.0359765316550569,2.2157554544916094,0.9996664530007873,0.00020265723984882927,0.602,301.0,0.372,0.339,"{""C"": 30.825200295827173, ""degree"": 4}"
german,0,0,custom_gegen,500,500,0.07252967028323458,0.009900990099009901,0.0009395975870290133,0.009900990099009901,18.31376528462675,0.11275929987990874,0.31043382040230616,0.4320603927531953,0.11275929987990874,0.4320603927531953,1.0276909645722552,317.47375248674757,1.163789212196455,1.1292872987691855,0.568,284.0,0.7852,0.803,"{""C"": 30.825200295827173, ""degree"": 4, ""alpha"": -0.04616682822255913}"
german,0,0,custom_alsalam,500,500,0.04517073420292027,0.009900990099009901,833.8240209948506,0.009900990099009901,425.48353505994686,0.009620412579054225,0.022650070784149184,0.033903610093237585,0.009620412579054225,0.033903610093237585,0.9948380872599667,499.999999193618,1.000120834285662,0.9165937517984224,0.994,497.0,0.20720000000000002,0.16440000000000005,"{""C"": 30.825200295827173, ""degree"": 4, ""a"": -1, ""q"": 0.22857110971954375}"
german,0,1,linear,500,500,0.06253882201221675,0.009900990099009901,0.0772802337185837,0.009900990099009901,13.137787299297317,0.14015589040636822,0.3735663755457097,0.5249878903833735,0.14015589040636822,0.5249878903833735,1.0174171293392358,23.99973723947005,1.0798119670475534,1.0015852849466922,0.566,283.0,1.0,1.0,"{""C"": 0.0851405109410959}"
german,0,1,poly,500,500,0.06450395736176386,0.009900990099009901,0.01802277191876805,0.009900990099009901,22.003123674777044,0.10425411256663746,0.28646508272615573,0.40128379165673955,0.10425411256663746,0.40128379165673955,1.0115070168983167,468.787570368603,1.0578186168416837,0.9579009513700437,0.582,291.0,0.9384000000000001,0.938,"{""C"": 0.4950295736028138, ""degree"": 3, ""gamma"": 3.2078887683405863}"
german,0,1,rbf,500,500,0.06399378972005906,0.009900990099009901,0.002433462530518633,0.009900990099009901,21.03722229578709,0.10695369502728631,0.29409314589685936,0.41194270540515826,0.10695369502728631,0.41194270540515826,1.0137415240766008,426.9086394238214,1.274874593413175,1.227196977439175,0.572,286.0,1.0,1.0,"{""C"": 43.98663249714907, ""gamma"": 0.026178171969692805}"
german,0,1,custom_hermite,500,500,0.040099764471402746,0.009900990099009901,3.438742267985346e-08,0.009900990099009901,103.33332618284774,0.048662834668363644,0.10657725049058742,0.1497201703302049,0.048662834668363644,0.1497201703302049,1.0297754151404648,9.674838360719804,0.9999882631749315,3.564974804651594e-06,0.6,300.0,0.26,0.2116,"{""C"": 0.13733409805134578, ""degree"": 6}"
german,0,1,custom_gegen,500,500,0.058701611908618605,0.009900990099009901,1.3068448976133695,0.009900990099009901,196.39948885766495,0.029943993139011936,0.0673416552830864,0.0979583448581536,0.029943993139011936,0.0979583448581536,0.9939004831267505,499.99509321983487,1.0810416976810544,0.9973931760836507,0.814,407.0,0.48880000000000007,0.44079999999999997,"{""C"": 0.0851405109410959, ""degree"": 6, ""alpha"": -0.3048035934191039}"
german,0,1,custom_alsalam,500,500,0.002780703331349909,0.6534653465346535,2.051114481318037e-28,0.5346534653465347,4.046690391258184,0.4137007221776055,0.7460250975362825,0.8194502329016904,0.4137007221776055,0.8194502329016904,0.960851108017518,1.7634048257344076e-19,1.0,0.0,0.6,300.0,0.19,0.157,"{""C"": 0.13733409805134578, ""degree"": 6, ""a"": -1, ""q"": 0.8396786417333643}"
german,1,0,linear,500,500,0.06332791640868005,0.009900990099009901,0.07659703000008933,0.009900990099009901,13.39429948081691,0.13625921048249084,0.36705578221210666,0.51761323587767,0.13625921048249084,0.51761323587767,1.022167554564373,23.999738808607617,1.3687111220396346,1.3523169582485843,0.536,268.0,1.0,1.0,"{""C"": 1.817006523971816}"
german,1,0,poly,500,500,0.06549750091743994,0.009900990099009901,0.03378721073027511,0.009900990099009901,27.69250193505113,0.09354488682231968,0.25051925286111787,0.3517906358331399,0.09354488682231968,0.3517906358331399,1.0100024283378064,491.5636069553367,0.878672418926799,0.4014897805906632,0.636,318.0,0.9087999999999999,0.9014000000000001,"{""C"": 0.03529442479642781, ""degree"": 4, ""gamma"": 3.2272556513647226}"
german,1,0,rbf,500,500,0.06434174792666139,0.009900990099009901,0.00298403614097141,0.009900990099009901,29.314761365766916,0.09183624063144027,0.24384334908439226,0.3421763876222052,0.09183624063144027,0.3421763876222052,1.0150551852401901,469.9923797114004,0.9837766653733788,0.8678283773598013,0.612,306.0,1.0,1.0,"{""C"": 1.817006523971816, ""gamma"": 0.046221537530668516}"
german,1,0,custom_hermite,500,500,0.030564303834173592,0.009900990099009901,2.731513586021951e-09,0.009900990099009901,39.13612939558428,0.10701151479336898,0.20972877798740638,0.28530838179188256,0.10701151479336898,0.28530838179188256,1.0614267932867179,0.7076028919579148,0.99999996845764,1.2658006124416587e-08,0.6,300.0,0.41520000000000007,0.3886,"{""C"": 0.00786282112668518, ""degree"": 2}"
german,1,0,custom_gegen,500,500,0.04228991425099728,0.009900990099009901,13.879423389172787,0.009900990099009901,209.7574860054932,0.023465274114724075,0.053012650187194525,0.07945488966913415,0.023465274114724075,0.07945488966913415,0.9703446855833806,499.99966921784426,1.1344996484629057,1.0990987150985925,0.776,388.0,0.306,0.2626,"{""C"": 0.009504803947402185, ""degree"": 1, ""alpha"": 0.39736905559125}"
german,1,0,custom_alsalam,500,500,0.04517408524849798,0.009900990099009901,3312.689179969532,0.009900990099009901,410.18943946610125,0.008995536667284521,0.021858698775772144,0.033181365771621736,0.008995536667284521,0.033181365771621736,0.9907069576609832,499.99999980959154,1.006258143378906,0.921957593497926,0.968,484.0,0.18320000000000003,0.156,"{""C"": 0.003998384015781302, ""degree"": 2, ""a"": -1, ""q"": 0.12157507436410657}"
german,1,1,linear,500,500,0.07125387512253353,0.009900990099009901,0.08832308661355112,0.009900990099009901,12.943860386320083,0.13982414859572356,0.3794815805592347,0.5282550082306683,0.13982414859572356,0.5282550082306683,1.0289469838802594,23.99972420384347,1.2971922123658337,1.2258341992140471,0.524,262.0,1.0,1.0,"{""C"": 3.241309755903935}"
german,1,1,poly,500,500,0.07165575066964674,0.009900990099009901,0.06748131143948671,0.009900990099009901,32.71563991833723,0.0923516205002239,0.2330713077435026,0.32179618598897436,0.0923516205002239,0.32179618598897436,1.0152323424791225,495.6191501919369,1.3388250918230054,1.319106576494533,0.584,292.0,0.8792000000000001,0.8752000000000001,"{""C"": 3.241309755903935, ""degree"": 5, ""gamma"": 0.11645767925434164}"
german,1,1,rbf,500,500,0.06769527720063376,0.009900990099009901,0.0029828037826422665,0.009900990099009901,69.38286515866427,0.06578603781900431,0.15007651201159952,0.20710483964522958,0.06578603781900431,0.20710483964522958,1.009976810915292,492.8987174672118,1.0383996950046954,0.9414259052446534,0.704,352.0,1.0,1.0,"{""C"": 4.377912285382964, ""gamma"": 0.11645767925434164}"
german,1,1,custom_hermite,500,500,0.03815367329829009,0.009900990099009901,2.791044728854566e-09,0.009900990099009901,47.725186179980064,0.09068975787274823,0.18364559080680515,0.24888247617722403,0.09068975787274823,0.24888247617722403,1.0097604330896321,0.6432342941822984,0.9999999973497695,2.0341583444419814e-09,0.6,300.0,0.43239999999999995,0.4186,"{""C"": 0.001084028079134384, ""degree"": 2}"
german,1,1,custom_gegen,500,500,0.062211811084255546,0.009900990099009901,4.2995372647399845,0.009900990099009901,192.06399231655988,0.030422570847233345,0.06931815936767001,0.09942714642006804,0.030422570847233345,0.09942714642006804,0.9979031122339351,499.99805197827345,1.0523661520797718,0.9654506473220437,0.834,417.0,0.3284,0.3206,"{""C"": 3.241309755903935, ""degree"": 5, ""alpha"": 0.23084707278614514}"
german,1,1,custom_alsalam,500,500,0.0469328658910746,0.009900990099009901,2802.739509245999,0.009900990099009901,402.9910374369183,0.00968417807479732,0.024056404425581962,0.03602412574190856,0.00968417807479732,0.03602412574190856,1.000171438720024,499.9999989460366,1.0062726763802528,0.921919557724625,0.968,484.0,0.17560000000000003,0.1394,"{""C"": 0.001084028079134384, ""degree"": 2, ""a"": -1, ""q"": 0.13942090471064236}"
german,2,0,linear,500,500,0.06855872821228917,0.009900990099009901,0.08311758854050952,0.009900990099009901,12.99528021578207,0.1423815015425593,0.38184890647730213,0.5236673631192854,0.1423815015425593,0.5236673631192854,1.0241809458808295,23.999728723435737,1.228221698957923,1.1656508873185076,0.526,263.0,1.0,1.0,"{""C"": 5.257994689692063}"
german,2,0,poly,500,500,0.06855872821228917,0.009900990099009901,0.0034632328558545627,0.009900990099009901,12.995280215782069,0.14238150154255935,0.38184890647730213,0.5236673631192854,0.14238150154255935,0.5236673631192854,1.0241809458808293,24.99290325479282,0.9995065079510423,0.001791564848746758,0.604,302.0,1.0,1.0,"{""C"": 0.0015803934657468008, ""degree"": 1, ""gamma"": 0.9681565333217979}"
german,2,0,rbf,500,500,0.0701475151115816,0.009900990099009901,0.0034384668050172966,0.009900990099009901,37.053008133155075,0.08874660435869064,0.21785137323147097,0.29909513725722625,0.08874660435869064,0.29909513725722625,1.0146380273109563,482.3556618987734,1.0598118806374146,0.9434160307426827,0.628,314.0,1.0,1.0,"{""C"": 3.329646338146337, ""gamma"": 0.06586403477942107}"
german,2,0,custom_hermite,500,500,0.041490912987617874,0.009900990099009901,2.273414313895291e-09,0.009900990099009901,41.72520369994918,0.09517134141853953,0.20899412261969638,0.27690296863396774,0.09517134141853953,0.27690296863396774,1.0321028617554007,0.4613998449233604,0.9999999968248916,2.0780494975663566e-09,0.6,300.0,0.4716,0.433,"{""C"": 0.0015803934657468008, ""degree"": 1}"
german,2,0,custom_gegen,500,500,0.0028389621736208412,0.39603960396039606,1.6890130068687812e-108,0.4158415841584158,1.793516374249366,0.6696525404362074,0.9999999244432595,0.9999999515697093,0.6696525404362074,0.9999999515697093,1.1990834044869065,9.466235754163797e-100,1.0,0.0,0.6,300.0,0.0572,0.04359999999999999,"{""C"": 0.0015803934657468008, ""degree"": 1, ""alpha"": 0.9908864169757563}"
german,2,0,custom_alsalam,500,500,0.005610523814239591,0.297029702970297,1.6793326386292082e-20,0.36633663366336633,7.043244348774069,0.3333786149118894,0.5190800053409816,0.6436946027871686,0.3333786149118894,0.6436946027871686,1.0356980920842682,9.446746388088878e-12,1.0,0.0,0.6,300.0,0.1976,0.15719999999999998,"{""C"": 0.0015803934657468008, ""degree"": 1, ""a"": -1, ""q"": 0.7392807480584127}"
german,2,1,linear,500,500,0.06515533646737325,0.009900990099009901,0.08072854973454135,0.009900990099009901,13.282243093138213,0.13582248210288764,0.3655441633113128,0.5222113319448132,0.13582248210288764,0.5222113319448132,1.0274655268689157,23.99973364046855,1.265731436006365,1.260171518595556,0.542,271.0,1.0,1.0,"{""C"": 0.6508092861274101}"
german,2,1,poly,500,500,0.06713003745641678,0.009900990099009901,0.018887098837835316,0.009900990099009901,22.154486819469053,0.10000078485491677,0.28255593984767774,0.39979549665702246,0.10000078485491677,0.39979549665702246,1.017875460111925,469.41322422153996,0.93919510684185,0.8088662183207369,0.604,302.0,0.9372,0.9364000000000001,"{""C"": 0.18589962507430213, ""degree"": 3, ""gamma"": 0.11576693433004175}"
german,2,1,rbf,500,500,0.06624035880534919,0.009900990099009901,0.0019429926467087444,0.009900990099009901,18.092802074759298,0.11276495510924353,0.3137170938006362,0.44567724080580967,0.11276495510924353,0.44567724080580967,1.0234525704306079,375.64707130594365,1.2704326641781063,1.2124946283308902,0.544,272.0,1.0,1.0,"{""C"": 25.03415333214105, ""gamma"": 0.016802125310388116}"
german,2,1,custom_hermite,500,500,0.03100749197800697,0.009900990099009901,2.7234914717269742e-09,0.009900990099009901,40.477916974496786,0.10456088933664506,0.20463063816698696,0.2772997644426094,0.10456088933664506,0.2772997644426094,1.0391801996383596,0.7030462094008831,0.9999986448990638,1.2396621175216904e-06,0.6,300.0,0.41720000000000007,0.39200000000000007,"{""C"": 0.6508092861274101, ""degree"": 2}"
german,2,1,custom_gegen,500,500,0.003017582934739519,0.8514851485148515,7.528905414067267e-107,0.8811881188118812,6.136812222580983,0.19566283154885958,0.5742087676785282,0.8598625825004644,0.19566283154885958,0.8598625825004644,0.7317181620239172,7.343697745905468e-98,1.0,0.0,0.6,300.0,0.033600000000000005,0.031200000000000002,"{""C"": 0.6508092861274101, ""degree"": 2, ""alpha"": 0.9174645317679351}"
german,2,1,custom_alsalam,500,500,0.009309615874573454,0.5544554455445545,1.178362360206656e-14,0.5445544554455446,24.05503922026259,0.09494741905590179,0.27886203323279996,0.40295085173899703,0.09494741905590179,0.40295085173899703,1.0281338466783194,7.387132162127861e-06,0.9999999998146316,2.132832180872874e-11,0.6,300.0,0.106,0.088,"{""C"": 0.6508092861274101, ""degree"": 2, ""a"": -1, ""q"": 0.7031232367500383}"
german,3,0,linear,500,500,0.06992814534816828,0.009900990099009901,0.08437656792309739,0.009900990099009901,13.22248193697342,0.1419284716101423,0.37226814466551916,0.5146513167771127,0.1419284716101423,0.5146513167771127,1.0272867565189105,23.99973323621407,1.2176064067089551,1.1476007058798108,0.542,271.0,1.0,1.0,"{""C"": 57.548086395586914}"
german,3,0,poly,500,500,0.07187796193777589,0.009900990099009901,0.019994040365506848,0.009900990099009901,21.714461560258442,0.10676111496886506,0.2885831911441391,0.39801993807028874,0.10676111496886506,0.39801993807028874,1.0199576131773163,464.8437908718114,1.015665297816808,0.9045274052143268,0.592,296.0,0.9444000000000001,0.9404000000000001,"{""C"": 0.5333732932625159, ""degree"": 3, ""gamma"": 0.024753400185137872}"
german,3,0,rbf,500,500,0.06231234157248065,0.009900990099009901,0.002184027979486897,0.009900990099009901,129.36855298810002,0.04549694926817374,0.09764689497555862,0.13804210659685312,0.04549694926817374,0.13804210659685312,1.0059187525537794,497.2224666608995,0.7958437361198225,0.4665026984080619,0.792,396.0,1.0,1.0,"{""C"": 0.5333732932625159, ""gamma"": 0.18796504433574904}"
german,3,0,custom_hermite,500,500,0.03796672121091039,0.009900990099009901,6.603192794483326e-09,0.009900990099009901,57.861190818353826,0.07810252092498787,0.16455413465095461,0.22279852940821082,0.07810252092498787,0.22279852940821082,1.0228891363173251,1.6092283994245027,0.9999933478957137,2.3606058138265065e-06,0.6,300.0,0.384,0.3542,"{""C"": 0.5333732932625159, ""degree"": 3}"
german,3,0,custom_gegen,500,500,0.071074291256574,0.009900990099009901,0.10221718887762844,0.009900990099009901,73.13247839654116,0.05976627369594628,0.14343522261155334,0.20102717753471191,0.05976627369594628,0.20102717753471191,1.0063105001444486,499.77629917174886,1.210446673803233,1.138089307594246,0.654,327.0,0.7504,0.7438,"{""C"": 5.395234392334156, ""degree"": 4, ""alpha"": -0.20952841145660556}"
german,3,0,custom_alsalam,500,500,0.00443722469531705,0.46534653465346537,1.2484056067030573e-33,0.5247524752475248,5.41629005053249,0.33575032763398355,0.6590803785146471,0.755946973272685,0.33575032763398355,0.755946973272685,1.1545017948830627,7.783698442722614e-25,1.0,0.0,0.6,300.0,0.22440000000000004,0.216,"{""C"": 15.475521909865595, ""degree"": 2, ""a"": -1, ""q"": 0.975732663209144}"
german,3,1,linear,500,500,0.06407293771717337,0.009900990099009901,0.07987232486614558,0.009900990099009901,13.025109378393331,0.13904366214880642,0.3760422313059744,0.5345073900470008,0.13904366214880642,0.5345073900470008,1.024346007780889,23.99973289885793,1.1728144665376712,1.095702123579527,0.55,275.0,1.0,1.0,"{""C"": 0.13561900125069096}"
german,3,1,poly,500,500,0.06629502855669953,0.009900990099009901,0.034722262223649304,0.009900990099009901,27.305984436974704,0.09496748969197107,0.25563499305772347,0.3612616095621062,0.09496748969197107,0.3612616095621062,1.0118590308836135,491.54815691778686,1.174688254257972,1.1076725499156252,0.572,286.0,0.9052,0.9038,"{""C"": 0.6320391722600234, ""degree"": 4, ""gamma"": 1.7373623439752224}"
german,3,1,rbf,500,500,0.04528901808084269,0.009900990099009901,0.0008718740539875084,0.009900990099009901,477.48606906929143,0.005410050157584188,0.01526417048379448,0.023103362021501393,0.005410050157584188,0.023103362021501393,1.0000979644355865,499.4161844206244,0.9939020771510889,0.9083082460709994,0.994,497.0,1.0,1.0,"{""C"": 1.5777580576539703, ""gamma"": 1.2873368043199505}"
german,3,1,custom_hermite,500,500,0.036563891174752096,0.009900990099009901,2.119704100445504e-09,0.009900990099009901,43.26743039615223,0.09594411427566774,0.1972497365109708,0.2657386508013162,0.09594411427566774,0.2657386508013162,1.0445421873319432,0.4912973358980175,0.9999995092276351,1.9107009212534422e-07,0.6,300.0,0.44160000000000005,0.42,"{""C"": 0.13561900125069096, ""degree"": 1}"
german,3,1,custom_gegen,500,500,0.004788519138241873,0.37623762376237624,1.036325362843697e-107,0.37623762376237624,4.644296958675361,0.26298527709327596,0.7152437081395209,0.9999999567838668,0.26298527709327596,0.9999999567838668,1.1384839739619368,5.541328000765261e-99,1.0,0.0,0.6,300.0,0.0548,0.04159999999999999,"{""C"": 0.13561900125069096, ""degree"": 1, ""alpha"": 0.7828200819089428}"
german,3,1,custom_alsalam,500,500,0.04401774086530882,0.009900990099009901,1026.7856436833197,0.009900990099009901,409.23160646006824,0.009061490234799423,0.023897979750820114,0.03404010686343438,0.009061490234799423,0.03404010686343438,0.9908530519065551,499.99999932674115,1.0034383695799354,0.9193995684716857,0.974,487.0,0.14880000000000002,0.11980000000000002,"{""C"": 0.04451982993639069, ""degree"": 2, ""a"": -1, ""q"": 0.19665409487897606}"
german,4,0,linear,500,500,0.07922828405067521,0.009900990099009901,0.09728377232366371,0.009900990099009901,12.993657550354907,0.13724303526781328,0.38078937888770115,0.5282018113669839,0.13724303526781328,0.5282018113669839,1.0329260921577383,23.999726544927398,1.143569444783837,1.02542864208553,0.562,281.0,1.0,1.0,"{""C"": 1.692269892779728}"
german,4,0,poly,500,500,0.07922828405067522,0.009900990099009901,0.004053490513485987,0.009900990099009901,12.993657550354914,0.13724303526781317,0.380789378887701,0.5282018113669837,0.13724303526781317,0.5282018113669837,1.0329260921577386,24.99275527313359,0.9993492961261952,0.0031473236497579628,0.614,307.0,1.0,1.0,"{""C"": 0.003989103621995407, ""degree"": 1, ""gamma"": 0.5607973374075289}"
german,4,0,rbf,500,500,0.06443389752550373,0.009900990099009901,0.0027828414793729704,0.009900990099009901,73.75359343836175,0.06339066376866642,0.14359807552143355,0.19626723016038553,0.06339066376866642,0.19626723016038553,1.0098792868313724,494.1104907468423,0.9526044343255397,0.8492493728665701,0.716,358.0,1.0,1.0,"{""C"": 1.692269892779728, ""gamma"": 0.12259855499296063}"
german,4,0,custom_hermite,500,500,0.041929657641722004,0.009900990099009901,2.185267883016563e-09,0.009900990099009901,41.66354873698801,0.10188149874448377,0.2031859562504227,0.2650886362960057,0.10188149874448377,0.2650886362960057,1.041117580022368,0.4362867420272597,0.9999999848957598,5.144275875905191e-09,0.6,300.0,0.45480000000000004,0.42660000000000003,"{""C"": 0.003989103621995407, ""degree"": 1}"
german,4,0,custom_gegen,500,500,0.051050899857965376,0.009900990099009901,4.278538457755745,0.009900990099009901,215.34134434220437,0.02977425728229956,0.06124044944768159,0.08957872009722292,0.02977425728229956,0.08957872009722292,0.9934062622510982,499.99862985411505,1.0526422721125992,0.9694264949941442,0.844,422.0,0.4020000000000001,0.3556,"{""C"": 0.006633382169415193, ""degree"": 4, ""alpha"": -0.3425122792240265}"
german,4,0,custom_alsalam,500,500,0.024639375645977617,0.019801980198019802,4.14736196649046e-11,0.019801980198019802,85.09785836907344,0.05279244846761324,0.11737487581575795,0.16945892421510153,0.05279244846761324,0.16945892421510153,1.0454949709091912,0.018507418144986354,0.9999999983336776,3.1336423233417787e-10,0.6,300.0,0.19440000000000002,0.1476,"{""C"": 0.003989103621995407, ""degree"": 1, ""a"": -1, ""q"": 0.6427800470818648}"
german,4,1,linear,500,500,0.055363266148692775,0.009900990099009901,0.06781292180775847,0.009900990099009901,13.260871835016683,0.14157368659975683,0.3687506813166781,0.5197482688808184,0.14157368659975683,0.5197482688808184,1.0187957922232038,23.99973874653574,1.1560679948618091,1.1178554380569359,0.548,274.0,1.0,1.0,"{""C"": 0.19415943931778057}"
german,4,1,poly,500,500,0.062062352480360364,0.009900990099009901,0.03205521818773815,0.009900990099009901,27.559348507553583,0.09360778989160692,0.25102984095153313,0.3542127902894827,0.09360778989160692,0.3542127902894827,1.0099161117446218,491.1309701363373,1.1887101995396765,1.1147364369901864,0.574,287.0,0.908,0.9066000000000002,"{""C"": 0.6654556060937455, ""degree"": 4, ""gamma"": 2.90032080652523}"
german,4,1,rbf,500,500,0.05805888086625629,0.009900990099009901,0.0017042969876345077,0.009900990099009901,18.03729927528913,0.11783113876909544,0.3152162576239761,0.4444258966600592,0.11783113876909544,0.4444258966600592,1.0167859723319648,373.25086236735905,1.0706582203940203,0.9867146203712164,0.566,283.0,1.0,1.0,"{""C"": 6.78045658126995, ""gamma"": 0.01699810537672949}"
german,4,1,custom_hermite,500,500,0.03227654574190973,0.009900990099009901,8.444780012226821e-09,0.009900990099009901,63.5668105993694,0.07055786664769391,0.15474156667379846,0.21608650912378236,0.07055786664769391,0.21608650912378236,1.0285254507575352,2.484798797960015,0.9999889390034553,4.204305125355616e-06,0.6,300.0,0.3516,0.31160000000000004,"{""C"": 0.6654556060937455, ""degree"": 4}"
german,4,1,custom_gegen,500,500,0.0641427384615326,0.009900990099009901,0.6885959396674868,0.009900990099009901,156.99498983312753,0.03538655084580546,0.08341318766892054,0.11922105149073357,0.03538655084580546,0.11922105149073357,0.9931615556988357,499.9936720464529,1.086552277230439,0.9977586267619313,0.764,382.0,0.5564000000000001,0.5227999999999999,"{""C"": 34.76168159004099, ""degree"": 3, ""alpha"": -0.2833383327027603}"
german,4,1,custom_alsalam,500,500,0.046251485364871114,0.009900990099009901,5094.187101943442,0.009900990099009901,437.3831992105263,0.008290019216965892,0.01993436766194453,0.03063677750390943,0.008290019216965892,0.03063677750390943,0.9972590925793973,499.99999985677033,1.0009425880980543,0.9171703294573239,0.984,492.0,0.23920000000000002,0.19640000000000005,"{""C"": 34.76168159004099, ""degree"": 3, ""a"": -1, ""q"": 0.11177308238758538}"
heart,0,0,linear,135,135,0.3667274734446367,0.009900990099009901,0.44767365911844786,0.009900990099009901,6.430052192701323,0.287292258932189,0.5875364211252513,0.7769373311152865,0.287292258932189,0.7769373311152865,1.1768520444537318,12.999437352018504,0.7843621210058805,0.8468778257372535,0.7185185185185186,97.0,1.0,1.0,"{""C"": 0.016473940841493222}"
heart,0,0,poly,135,135,0.36490465855227155,0.009900990099009901,0.07995585096536595,0.009900990099009901,8.580049617347953,0.2462776294636052,0.5067853644329627,0.6708640474871301,0.2462776294636052,0.6708640474871301,1.1474881030479083,92.69453984566793,0.7166663385735957,0.7756301106309758,0.7851851851851852,106.0,0.9629629629629629,0.9562962962962962,"{""C"": 0.06577241832080336, ""degree"": 2, ""gamma"": 0.07902096687370136}"
heart,0,0,rbf,135,135,0.3609312319057356,0.009900990099009901,0.025623322939239485,0.009900990099009901,10.456169128989458,0.22154121342560343,0.4559561173465687,0.6043604136917986,0.22154121342560343,0.6043604136917986,1.1327126993851704,118.88434379313847,1.1184441144164392,1.2116679294493868,0.5333333333333333,72.0,1.0,1.0,"{""C"": 1.864774222425873, ""gamma"": 0.053003600426974634}"
heart,0,0,custom_hermite,135,135,0.28778049157034735,0.009900990099009901,0.00010106314949420975,0.009900990099009901,14.075330326175918,0.1910979495456279,0.3896899348081073,0.5073611751821698,0.1910979495456279,0.5073611751821698,1.1436424178777667,49.915288925918645,0.7648963249716823,0.7565635498275977,0.7703703703703704,104.0,0.6311111111111112,0.5903703703703704,"{""C"": 42.42046296331018, ""degree"": 2}"
heart,0,0,custom_gegen,135,135,0.1322661462182946,0.009900990099009901,134.47554975549573,0.009900990099009901,42.72725285480263,0.06702089332803499,0.1772494975591232,0.2576174364991468,0.06702089332803499,0.2576174364991468,0.9970464413909542,134.9999471333334,1.0303140328285498,1.0275178358858341,0.8296296296296296,112.0,0.3125925925925926,0.2548148148148149,"{""C"": 0.815890223742403, ""degree"": 2, ""alpha"": 0.49017235222794964}"
heart,0,0,custom_alsalam,135,135,0.17354491547837836,0.009900990099009901,0.04914592894524048,0.009900990099009901,70.61551939588826,0.047165570434184116,0.11780542099131437,0.1752905944782799,0.047165570434184116,0.1752905944782799,1.0253459442582542,134.9023530411311,1.0148141913303335,1.0208879789225997,0.8222222222222222,111.0,0.5881481481481482,0.49851851851851847,"{""C"": 0.815890223742403, ""degree"": 2, ""a"": -1, ""q"": 0.49269794230321134}"
heart,0,1,linear,135,135,0.30963990075101405,0.009900990099009901,0.34220814081342243,0.009900990099009901,6.499655827393199,0.2698646337721068,0.5888354438735135,0.7690789702031671,0.2698646337721068,0.7690789702031671,1.1353614103791931,12.999368392507904,1.3964797929700234,1.601655310189551,0.4148148148148148,56.0,1.0,1.0,"{""C"": 0.2603418328095134}"
heart,0,1,poly,135,135,0.309639900751014,0.009900990099009901,0.026323703139494028,0.009900990099009901,6.499655827393198,0.26986463377210707,0.5888354438735135,0.7690789702031673,0.26986463377210707,0.7690789702031673,1.1353614103791931,13.9899620315922,1.0933720680139716,1.2169018201136288,0.5037037037037037,68.0,1.0,1.0,"{""C"": 0.7910240644869242, ""degree"": 1, ""gamma"": 2.183278128411815}"
heart,0,1,rbf,135,135,0.14436003159829264,0.009900990099009901,0.009061450790570838,0.009900990099009901,59.3043304578305,0.05852939744431395,0.13570095338105115,0.19961907776851517,0.05852939744431395,0.19961907776851517,1.0136400623565818,134.32924163469485,0.955980336115498,0.9682226611285767,0.837037037037037,113.0,1.0,1.0,"{""C"": 1.335843743535269, ""gamma"": 0.5849218292224746}"
heart,0,1,custom_hermite,135,135,0.2478254765269722,0.009900990099009901,0.0003019183976803801,0.009900990099009901,23.682129550633494,0.12665278091802679,0.2739027980254814,0.37890984104562425,0.12665278091802679,0.37890984104562425,1.0881585271993535,93.84805831141841,0.7182868185233486,0.4181917256535817,0.9111111111111111,123.0,0.597037037037037,0.5125925925925925,"{""C"": 4.138678627891377, ""degree"": 6}"
heart,0,1,custom_gegen,135,135,0.17953790280123016,0.009900990099009901,1.0468089685562725,0.009900990099009901,34.9874429322955,0.09011972673098881,0.21423699940895313,0.30245350203528926,0.09011972673098881,0.30245350203528926,1.0188691784288764,134.98246491211415,0.7390666814764031,0.8026275225581337,0.8148148148148148,110.0,0.7437037037037036,0.7044444444444444,"{""C"": 0.0036726493878986672, ""degree"": 3, ""alpha"": -0.3729651357640581}"
heart,0,1,custom_alsalam,135,135,0.09350604008391095,0.009900990099009901,2.3160998862824265,0.009900990099009901,33.224018298294176,0.09392427845943704,0.20836540032364523,0.30616419419526136,0.09392427845943704,0.30616419419526136,0.9958063469079018,134.9921039382057,1.1328466819588872,1.157327158067017,0.7111111111111111,96.0,0.568888888888889,0.5029629629629631,"{""C"": 58.64913005848815, ""degree"": 1, ""a"": -1, ""q"": 0.13813461856859488}"
heart,1,0,linear,135,135,0.32682102571759375,0.009900990099009901,0.3806584666790327,0.009900990099009901,6.771285777981263,0.2666743894133072,0.5693559406658957,0.7642139968888747,0.2666743894133072,0.7642139968888747,1.1475788903864275,12.999443106236413,0.9106930090656276,0.9631349241648416,0.5925925925925926,80.0,1.0,1.0,"{""C"": 0.024670085997024842}"
heart,1,0,poly,135,135,0.28682689498307384,0.009900990099009901,0.500438578312333,0.009900990099009901,19.253810413570182,0.1421746178623637,0.3215720768905148,0.4282581571907601,0.1421746178623637,0.4282581571907601,1.059523185536589,134.64589831459426,1.5506376317235298,1.7582065633701438,0.5037037037037037,68.0,0.8399999999999999,0.8274074074074074,"{""C"": 34.746394032034814, ""degree"": 6, ""gamma"": 3.7154686061482263}"
heart,1,0,rbf,135,135,0.3240936909310707,0.009900990099009901,0.020385560597955973,0.009900990099009901,10.201529146081386,0.21365721374544094,0.4588731925941713,0.6207794400884705,0.21365721374544094,0.6207794400884705,1.1163166104786126,115.12984324741609,0.8420647820653155,0.8884083366016245,0.6666666666666666,90.0,1.0,1.0,"{""C"": 0.31870663763963647, ""gamma"": 0.044633532054635654}"
heart,1,0,custom_hermite,135,135,0.2568722631646021,0.009900990099009901,0.00027991649636193783,0.009900990099009901,26.739163384656194,0.12769116420814558,0.2560206582491134,0.34304104181104195,0.12769116420814558,0.34304104181104195,1.1013098831829313,97.44257527779436,0.9673758409294342,1.0644156719242075,0.6370370370370371,86.0,0.5318518518518518,0.4859259259259259,"{""C"": 55.869915746551705, ""degree"": 6}"
heart,1,0,custom_gegen,135,135,0.25909522609825075,0.009900990099009901,0.5772839594882314,0.009900990099009901,31.739618937525837,0.10208278204251203,0.2352948302373446,0.3150759545103699,0.10208278204251203,0.3150759545103699,1.035913477783338,134.9541937670455,0.7699967063390967,0.8271238751042729,0.7851851851851852,106.0,0.7999999999999999,0.7585185185185185,"{""C"": 0.00883934058259266, ""degree"": 3, ""alpha"": -0.3189793878425558}"
heart,1,0,custom_alsalam,135,135,0.13919008121020063,0.009900990099009901,5.0020199537517,0.009900990099009901,76.79470748881643,0.046732186104513546,0.11333126059090154,0.16101942772371128,0.046732186104513546,0.16101942772371128,1.0054730373578524,134.99945032401237,1.0260004489572376,1.0219073923439141,0.8666666666666667,117.0,0.6607407407407406,0.5422222222222222,"{""C"": 59.2606117240656, ""degree"": 4, ""a"": -1, ""q"": 0.2828654500248272}"
heart,1,1,linear,135,135,0.36704806770756426,0.009900990099009901,0.42832510105614247,0.009900990099009901,6.183699488121892,0.2949403027116276,0.6094289473164263,0.7848927501958193,0.2949403027116276,0.7848927501958193,1.1748515338379029,12.999360131646881,1.1654666526750832,1.3045016890343584,0.48148148148148145,65.0,1.0,1.0,"{""C"": 0.09886975709090574}"
heart,1,1,poly,135,135,0.3427301386269359,0.009900990099009901,0.13656409297499114,0.009900990099009901,10.130551536488467,0.22311303847827454,0.4729663798154172,0.6083434594676127,0.22311303847827454,0.6083434594676127,1.1220593110514783,125.67794942788585,1.6569539890304268,1.9767806857845747,0.4222222222222222,57.0,0.9392592592592592,0.9437037037037037,"{""C"": 4.174041849389115, ""degree"": 3, ""gamma"": 1.0094512390236123}"
heart,1,1,rbf,135,135,0.3628968327973853,0.009900990099009901,0.017823781887342263,0.009900990099009901,7.992929311051014,0.2577377881882014,0.5356133878601486,0.6880828399508883,0.2577377881882014,0.6880828399508883,1.1500419085234748,98.24261355261942,1.2911189772264131,1.4770344230042898,0.4444444444444444,60.0,1.0,1.0,"{""C"": 5.7343211890340475, ""gamma"": 0.029045121330276587}"
heart,1,1,custom_hermite,135,135,0.28579342785525524,0.009900990099009901,0.00015844004252547886,0.009900990099009901,16.039377846495622,0.16598776156623352,0.3474066598727934,0.483411730524955,0.16598776156623352,0.483411730524955,1.1185091079643072,60.484859738427275,0.8613539813438632,0.17153849400539012,0.9111111111111111,123.0,0.6399999999999999,0.6066666666666666,"{""C"": 4.174041849389115, ""degree"": 3}"
heart,1,1,custom_gegen,135,135,0.2974566773925722,0.009900990099009901,0.33445506265419533,0.009900990099009901,22.93850033738157,0.13182438959653014,0.2945846826295887,0.3888087960602556,0.13182438959653014,0.3888087960602556,1.0609454861021819,134.8306952474623,1.0864321652363855,1.139583033887822,0.6074074074074074,82.0,0.8296296296296295,0.8207407407407408,"{""C"": 0.16831947630413924, ""degree"": 4, ""alpha"": -0.2717735995064271}"
heart,1,1,custom_alsalam,135,135,0.14197999318593787,0.009900990099009901,3.852242691509311,0.009900990099009901,68.66997512357146,0.045714142247563636,0.12826778512437065,0.1806917297366398,0.045714142247563636,0.1806917297366398,1.0085302231630766,134.99895628660764,0.9858807324846021,0.9838894455799387,0.9037037037037037,122.0,0.6607407407407406,0.5851851851851851,"{""C"": 0.0036226367762246924, ""degree"": 5, ""a"": -1, ""q"": 0.3068724234523219}"
heart,2,0,linear,135,135,0.3136825944738168,0.009900990099009901,0.37095345785836215,0.009900990099009901,6.573440292772106,0.2768973587637224,0.586165293081155,0.7695441434292349,0.2768973587637224,0.7695441434292349,1.1390213102846483,12.99944163834698,1.0729917234973645,1.187872610039146,0.4962962962962963,67.0,1.0,1.0,"{""C"": 0.06786984054978401}"
heart,2,0,poly,135,135,0.3136825944738167,0.009900990099009901,0.028534881373720157,0.009900990099009901,6.573440292772111,0.2768973587637223,0.5861652930811548,0.7695441434292344,0.2768973587637223,0.7695441434292344,1.1390213102846483,13.991256561089585,0.8620262579676587,0.9447261312697127,0.6296296296296297,85.0,1.0,1.0,"{""C"": 0.26411230609313596, ""degree"": 1, ""gamma"": 0.040674948478814324}"
heart,2,0,rbf,135,135,0.30946859687963646,0.009900990099009901,0.014103362088549076,0.009900990099009901,8.396633125737798,0.24418882197858469,0.5171261915361175,0.678056715017874,0.24418882197858469,0.678056715017874,1.1199300463408424,98.94928564883122,1.257573825592393,1.3978810914153275,0.43703703703703706,59.0,1.0,1.0,"{""C"": 4.132544706848212, ""gamma"": 0.026086932397271133}"
heart,2,0,custom_hermite,135,135,0.23985938308939625,0.009900990099009901,0.00018899897288509454,0.009900990099009901,21.321131596112707,0.1474493476765986,0.2887014696666892,0.3882233972710032,0.1474493476765986,0.3882233972710032,1.0994115574399412,81.36724604201322,0.9873650675082086,1.1041379014566093,0.6370370370370371,86.0,0.5585185185185184,0.5392592592592591,"{""C"": 87.99620881686265, ""degree"": 5}"
heart,2,0,custom_gegen,135,135,0.3007124097894343,0.009900990099009901,0.0373066505259479,0.009900990099009901,9.650446734272592,0.22519094634684741,0.48005067131220286,0.6310579854393404,0.22519094634684741,0.6310579854393404,1.1048771388219272,116.30437809690525,0.9034186584691846,0.9888400897776664,0.6148148148148148,83.0,0.9407407407407408,0.9355555555555556,"{""C"": 0.26411230609313596, ""degree"": 1, ""alpha"": -0.1466542732295909}"
heart,2,0,custom_alsalam,135,135,0.1260855562470796,0.009900990099009901,43.102708090526164,0.009900990099009901,69.7960534590903,0.052475519050512995,0.12352779371499842,0.17402234524413615,0.052475519050512995,0.17402234524413615,1.0098955378330519,134.99989192857367,1.0387803597782734,1.0359547605381,0.8296296296296296,112.0,0.7096296296296295,0.614074074074074,"{""C"": 0.009088709956921747, ""degree"": 3, ""a"": -1, ""q"": 0.044926197224777094}"
heart,2,1,linear,135,135,0.3680941691054523,0.009900990099009901,0.42151172007100696,0.009900990099009901,6.386765182265358,0.28509162248927533,0.5929621895434404,0.773579378230293,0.28509162248927533,0.773579378230293,1.1752285180416673,12.999347374625813,1.9984392896716148,2.3317268669607305,0.3925925925925926,53.0,1.0,1.0,"{""C"": 77.38294755950437}"
heart,2,1,poly,135,135,0.36809416910545223,0.009900990099009901,0.032423978467000535,0.009900990099009901,6.386765182265362,0.2850916224892753,0.59296218954344,0.7735793782302925,0.2850916224892753,0.7735793782302925,1.175228518041667,13.990228819538345,1.7320490945833351,1.9885649350208627,0.4148148148148148,56.0,1.0,1.0,"{""C"": 49.41177909602678, ""degree"": 1, ""gamma"": 0.03420758597834002}"
heart,2,1,rbf,135,135,0.3570137846038597,0.009900990099009901,0.028569662869215067,0.009900990099009901,12.204307178842425,0.1963465517508509,0.42393844975929734,0.5559188969352951,0.1963465517508509,0.5559188969352951,1.1179852247403796,124.77248345493271,1.7777086061982632,2.0831637610329565,0.5111111111111111,69.0,1.0,1.0,"{""C"": 72.99421488020215, ""gamma"": 0.07762547560983704}"
heart,2,1,custom_hermite,135,135,0.28031095265745454,0.009900990099009901,0.000148572856883007,0.009900990099009901,16.269382857074522,0.1594203921783792,0.360444559386229,0.47432575739132704,0.1594203921783792,0.47432575739132704,1.1187529696641698,62.6009849440587,0.875131657962463,0.9982691134961433,0.7111111111111111,96.0,0.6533333333333332,0.5962962962962963,"{""C"": 77.38294755950437, ""degree"": 3}"
heart,2,1,custom_gegen,135,135,0.39413466606765,0.009900990099009901,0.02136923723471994,0.009900990099009901,10.400907501551725,0.22325441887334918,0.45381857986272517,0.5926952651087447,0.22325441887334918,0.5926952651087447,1.1372293896847434,123.06232525245798,0.7425780403635422,0.8134006668541613,0.7111111111111111,96.0,0.8103703703703702,0.8392592592592593,"{""C"": 0.30425677257350614, ""degree"": 6, ""alpha"": 0.08527766072156184}"
heart,2,1,custom_alsalam,135,135,0.14729246398371565,0.009900990099009901,4.806821033761529,0.009900990099009901,71.18094501876574,0.042968231823723495,0.12150528334394904,0.1800698032313811,0.042968231823723495,0.1800698032313811,1.0083091716796415,134.99943162780966,1.0188479830935344,1.0145878581946395,0.8962962962962963,121.0,0.6503703703703704,0.58,"{""C"": 0.30425677257350614, ""degree"": 6, ""a"": -1, ""q"": 0.2933025665864978}"
heart,3,0,linear,135,135,0.3246357453970676,0.009900990099009901,0.3852928533609113,0.009900990099009901,6.3590317704918045,0.2923796578936188,0.5915872727365629,0.7779736318801446,0.2923796578936188,0.7779736318801446,1.1471371252070468,12.999423362282869,1.6433019741493702,1.8592148031202476,0.37037037037037035,50.0,1.0,1.0,"{""C"": 1.2438867723347324}"
heart,3,0,poly,135,135,0.275120283410082,0.009900990099009901,0.30192260873138127,0.009900990099009901,15.730769394999236,0.16797593582026116,0.3644617918452643,0.4810081461970409,0.16797593582026116,0.4810081461970409,1.0674798272909463,134.28097539878507,1.0907816079609813,1.1659546081739594,0.5333333333333333,72.0,0.8874074074074073,0.8555555555555555,"{""C"": 0.11233688628816411, ""degree"": 5, ""gamma"": 0.4690393691339788}"
heart,3,0,rbf,135,135,0.31840740684038854,0.009900990099009901,0.01630984716109885,0.009900990099009901,8.457885948927785,0.2505112677100976,0.5105149177344648,0.6747345218366516,0.2505112677100976,0.6747345218366516,1.1237275984247086,103.47636098425387,1.577182523649804,1.7856331424753058,0.4,54.0,1.0,1.0,"{""C"": 41.71436695988247, ""gamma"": 0.030620642822518102}"
heart,3,0,custom_hermite,135,135,0.23399374658708788,0.009900990099009901,0.00019472530924744325,0.009900990099009901,21.90034929398788,0.13966237076580898,0.28312776153896874,0.38875146776464137,0.13966237076580898,0.38875146776464137,1.1041311890928371,81.80525714880454,0.7971522119564954,0.8591988847351701,0.7037037037037037,95.0,0.5614814814814815,0.5392592592592591,"{""C"": 33.605776900633906, ""degree"": 5}"
heart,3,0,custom_gegen,135,135,0.2315202941258343,0.009900990099009901,0.3181061589340041,0.009900990099009901,22.23190738939812,0.12778964035416637,0.2968498703034673,0.39233474600566576,0.12778964035416637,0.39233474600566576,1.0396488463983726,134.74488932183738,0.9031650921275882,0.9476696025115448,0.6296296296296297,85.0,0.7955555555555555,0.7488888888888888,"{""C"": 0.03216198872717023, ""degree"": 1, ""alpha"": 0.3101115869928076}"
heart,3,0,custom_alsalam,135,135,0.12727319688626104,0.009900990099009901,0.1072258010202731,0.009900990099009901,43.53809241040309,0.07111460843510088,0.1766166617832916,0.25689983872124933,0.07111460843510088,0.25689983872124933,1.0049362668095057,134.9131124582053,0.7288937758372003,0.7816084112486807,0.8666666666666667,117.0,0.6711111111111111,0.5614814814814816,"{""C"": 0.03216198872717023, ""degree"": 1, ""a"": -1, ""q"": 0.40402480163464893}"
heart,3,1,linear,135,135,0.3499708143138908,0.009900990099009901,0.4008523250135069,0.009900990099009901,6.573660250080943,0.2662048510866882,0.5881771747461888,0.7702188678455455,0.2662048510866882,0.7702188678455455,1.1639037975443112,12.999390438349565,2.102010702886715,2.5495416203946175,0.362962962962963,49.0,1.0,1.0,"{""C"": 13.442278258874214}"
heart,3,1,poly,135,135,0.3499708143138908,0.009900990099009901,0.030834794231808224,0.009900990099009901,6.573660250080947,0.2662048510866882,0.5881771747461887,0.770218867845545,0.2662048510866882,0.770218867845545,1.1639037975443112,13.990556400776825,0.9319328932849716,1.0246611532669292,0.5777777777777777,78.0,1.0,1.0,"{""C"": 0.6253443944974195, ""degree"": 1, ""gamma"": 0.021348228610152023}"
heart,3,1,rbf,135,135,0.219592613874622,0.009900990099009901,0.01583037089129693,0.009900990099009901,42.33586641946953,0.07312958965021868,0.18392050672358398,0.26794854830618936,0.07312958965021868,0.26794854830618936,1.0319491722271719,133.60354532826602,1.066660255967367,1.0692762716459419,0.7481481481481481,101.0,1.0,1.0,"{""C"": 98.46248512577903, ""gamma"": 0.3762136556471017}"
heart,3,1,custom_hermite,135,135,0.29016237170774867,0.009900990099009901,0.00016933512401145318,0.009900990099009901,17.844256199866937,0.15615753433803933,0.3434298472260614,0.44483660931106367,0.15615753433803933,0.44483660931106367,1.1108806637007742,69.63801886241181,0.966295809616339,1.1406308492503807,0.6888888888888889,93.0,0.5896296296296296,0.58,"{""C"": 98.46248512577903, ""degree"": 4}"
heart,3,1,custom_gegen,135,135,0.3706454677697217,0.009900990099009901,0.004949449281772689,0.009900990099009901,8.292442965416788,0.24067152418921375,0.5176106790798474,0.6771576624009303,0.24067152418921375,0.6771576624009303,1.1495995364626688,71.6655019176007,0.6649357684154737,0.7204124609568969,0.7851851851851852,106.0,0.8755555555555554,0.8829629629629631,"{""C"": 0.7387799080354512, ""degree"": 3, ""alpha"": -0.04933465204682158}"
heart,3,1,custom_alsalam,135,135,0.13924523297667404,0.009900990099009901,10.417985416511073,0.009900990099009901,66.62597483276856,0.05794821872859462,0.12473857822415786,0.18234529281344847,0.05794821872859462,0.18234529281344847,1.0087441931009444,134.99949327683572,1.013823742118817,1.007761975670602,0.8962962962962963,121.0,0.6814814814814815,0.6111111111111112,"{""C"": 0.7387799080354512, ""degree"": 3, ""a"": -1, ""q"": 0.22701107587643962}"
heart,4,0,linear,135,135,0.3425283347979662,0.009900990099009901,0.4096924996035498,0.009900990099009901,6.228152040594742,0.2985611559348663,0.5965407691504787,0.7795563219047733,0.2985611559348663,0.7795563219047733,1.1587158464173615,12.999420497787924,1.4804664061511774,1.6841020432448532,0.3925925925925926,53.0,1.0,1.0,"{""C"": 0.39847723445597305}"
heart,4,0,poly,135,135,0.33049980264385587,0.009900990099009901,0.13002142440598607,0.009900990099009901,10.541329622880555,0.22039442121543212,0.4533361092976612,0.5962665890693962,0.22039442121543212,0.5962665890693962,1.108797452189272,127.4903665339584,1.1743306572163357,1.2805844659303565,0.4666666666666667,63.0,0.9496296296296295,0.9444444444444445,"{""C"": 0.346011320723217, ""degree"": 3, ""gamma"": 0.03800840008296097}"
heart,4,0,rbf,135,135,0.2816128428555828,0.009900990099009901,0.024292109464128145,0.009900990099009901,22.445311704964602,0.13237159860974074,0.2913979210164297,0.3935110169939933,0.13237159860974074,0.3935110169939933,1.0624383471989913,132.09522201813917,0.8467937856687783,0.9071227451648814,0.7037037037037037,95.0,1.0,1.0,"{""C"": 0.346011320723217, ""gamma"": 0.17791856859983454}"
heart,4,0,custom_hermite,135,135,0.2675520175228649,0.009900990099009901,0.00018887014078224768,0.009900990099009901,16.93156066578773,0.16429309932891165,0.3582870441152796,0.4526378928562891,0.16429309932891165,0.4526378928562891,1.1338837261045964,72.99423639321599,0.7838308075248924,0.8497435370586987,0.7481481481481481,101.0,0.6311111111111111,0.605185185185185,"{""C"": 38.79381307173136, ""degree"": 4}"
heart,4,0,custom_gegen,135,135,0.35020845527411026,0.009900990099009901,0.07987193777749815,0.009900990099009901,12.979841126682619,0.20125735167481687,0.4025405269961623,0.5279192111708024,0.20125735167481687,0.5279192111708024,1.101530079292839,132.56282710240376,1.0752956217304988,1.1555120781592958,0.5333333333333333,72.0,0.8948148148148147,0.8866666666666667,"{""C"": 0.346011320723217, ""degree"": 3, ""alpha"": -0.17098755057955345}"
heart,4,0,custom_alsalam,135,135,0.17222344543209214,0.009900990099009901,0.039248844217124615,0.009900990099009901,65.22042591696712,0.050218802889361085,0.1301082627796457,0.19165734449965935,0.050218802889361085,0.19165734449965935,1.0283359720412226,134.82657635347377,1.0316313168719744,1.029952035175763,0.837037037037037,113.0,0.6133333333333333,0.5259259259259259,"{""C"": 3.1644191674211486, ""degree"": 2, ""a"": -1, ""q"": 0.5010014902348285}"
heart,4,1,linear,135,135,0.3337631015159165,0.009900990099009901,0.38090879195894023,0.009900990099009901,6.69549284019965,0.26037467573613327,0.5855606067615278,0.7660675989307623,0.26037467573613327,0.7660675989307623,1.1530370427263934,12.999399890411723,1.117115717759806,1.2440558082565312,0.4740740740740741,64.0,1.0,1.0,"{""C"": 0.1765329974394124}"
heart,4,1,poly,135,135,0.33376310151591654,0.009900990099009901,0.02930067630453386,0.009900990099009901,6.695492840199656,0.2603746757361332,0.5855606067615277,0.7660675989307619,0.2603746757361332,0.7660675989307619,1.1530370427263934,13.990507866201767,0.8907587634586451,0.9563053806443382,0.6148148148148148,83.0,1.0,1.0,"{""C"": 0.3356197596949175, ""degree"": 1, ""gamma"": 1.561642075150287}"
heart,4,1,rbf,135,135,0.3196810971104822,0.009900990099009901,0.02656562943823428,0.009900990099009901,14.635832552344711,0.16847832972729532,0.38414076002976727,0.509414964378176,0.16847832972729532,0.509414964378176,1.0945072853408735,128.21456658793548,0.7590576462078157,0.8152523302413979,0.7555555555555555,102.0,1.0,1.0,"{""C"": 0.1765329974394124, ""gamma"": 0.09565935948521397}"
heart,4,1,custom_hermite,135,135,0.27269737513373304,0.009900990099009901,0.0002768840964150402,0.009900990099009901,27.261121020525298,0.11622166017800646,0.24695974135593624,0.34730733283097154,0.11622166017800646,0.34730733283097154,1.081680669047752,93.68406562253256,0.7387519281083446,0.6702484203489855,0.837037037037037,113.0,0.5274074074074073,0.497037037037037,"{""C"": 8.453861283239004, ""degree"": 6}"
heart,4,1,custom_gegen,135,135,0.22203320561355883,0.009900990099009901,0.8923718591001739,0.009900990099009901,36.65281390047003,0.08494728158742375,0.21438381730387004,0.29371850469141164,0.08494728158742375,0.29371850469141164,1.030506232507512,134.9864802754755,1.1226068033746825,1.13222413564136,0.6444444444444445,87.0,0.7525925925925926,0.697037037037037,"{""C"": 31.927312301366136, ""degree"": 6, ""alpha"": -0.3492667684167133}"
heart,4,1,custom_alsalam,135,135,0.1346292265562299,0.009900990099009901,39.85567627219567,0.009900990099009901,71.85684637051237,0.04824801030273497,0.11853047865906276,0.1690830567144245,0.04824801030273497,0.1690830567144245,1.0095971590906723,134.99993652356872,1.015048412236235,1.0101060078957054,0.8666666666666667,117.0,0.7081481481481481,0.6207407407407407,"{""C"": 31.927312301366136, ""degree"": 6, ""a"": -1, ""q"": 0.07930581253850301}"
fourclass,0,0,linear,431,431,0.23323252231665262,0.009900990099009901,0.045898796685536834,0.009900990099009901,1.9880603831313957,0.5387481002130265,0.9999999999999998,0.9999999999999999,0.5387481002130265,0.9999999999999999,1.2219136014119922,1.9999845296482113,1.2622333484661954,1.2911107578131729,0.5336426914153132,230.0,0.9990719257540603,1.0,"{""C"": 9.086976592582767}"
fourclass,0,0,poly,431,431,0.23577925110664388,0.009900990099009901,0.17465309663228343,0.009900990099009901,4.040197059777751,0.35202987921646445,0.81182157439071,0.9373980286960084,0.35202987921646445,0.9373980286960084,1.1522570267334595,20.774615624047417,3.313335191978111,4.356066566351112,0.2505800464037123,108.0,0.9095127610208816,0.9092807424593969,"{""C"": 30.52053739318162, ""degree"": 5, ""gamma"": 3.130569442083029}"
fourclass,0,0,rbf,431,431,0.21371228145811827,0.009900990099009901,0.026861034027354163,0.009900990099009901,5.595989530891279,0.27261474857138357,0.6616664767443119,0.8489452484974165,0.27261474857138357,0.8489452484974165,1.1285961833828915,38.23283830115814,1.9132611368746626,2.0475210263266668,0.2459396751740139,106.0,0.9990719257540603,1.0,"{""C"": 9.086976592582767, ""gamma"": 1.3934961816134084}"
fourclass,0,0,custom_hermite,431,431,0.20569931953298218,0.009900990099009901,0.009406520172838129,0.009900990099009901,3.302222572024556,0.37278163695599326,0.9183620867089343,0.9865277970703653,0.37278163695599326,0.9865277970703653,1.1591178113045288,15.448899219502213,0.9745823158564483,0.9475411264904133,0.494199535962877,213.0,0.9299303944315547,0.9262180974477959,"{""C"": 9.086976592582767, ""degree"": 5}"
fourclass,0,0,custom_gegen,431,431,0.22021059670345955,0.009900990099009901,0.013456765283839826,0.009900990099009901,6.161873147335293,0.26733542989827735,0.6236006933198645,0.7812673414060259,0.26733542989827735,0.7812673414060259,1.1143742329575552,34.80068917870038,1.776847088754776,1.9466011797097584,0.27610208816705334,119.0,0.8974477958236657,0.9006960556844549,"{""C"": 9.086976592582767, ""degree"": 5, ""alpha"": 0.25302964840634135}"
fourclass,0,0,custom_alsalam,431,431,0.22822853712870653,0.009900990099009901,0.048270264841521804,0.009900990099009901,4.333406486221841,0.332310845554032,0.7542125205428394,0.9074411949229159,0.332310845554032,0.9074411949229159,1.1506072602518103,32.21005202797718,2.0198779188606317,2.295894975362294,0.2900232018561485,125.0,0.9522041763341068,0.954524361948956,"{""C"": 9.086976592582767, ""degree"": 5, ""a"": -1, ""q"": 0.37591409821015803}"
fourclass,0,1,linear,431,431,0.21759665773203837,0.009900990099009901,0.04328867219147716,0.009900990099009901,1.98835124285014,0.5382704216755391,0.9999999999999997,0.9999999999999998,0.5382704216755391,0.9999999999999998,1.186682926946112,1.9999846555016425,1.2466988608427592,1.2291745386109745,0.5243619489559165,226.0,1.0,0.9993039443155454,"{""C"": 1.7944113348524051}"
fourclass,0,1,poly,431,431,0.2140426650373761,0.009900990099009901,0.10604980623293346,0.009900990099009901,3.605218438450768,0.378232098370949,0.8497107549161158,0.9608761628178066,0.378232098370949,0.9608761628178066,1.1314866182603782,14.97127169403889,1.3596248999344083,1.6685672551543458,0.4361948955916473,188.0,0.9215777262180974,0.926450116009281,"{""C"": 1.7944113348524051, ""degree"": 4, ""gamma"": 1.9399356007198267}"
fourclass,0,1,rbf,431,431,0.21822891658951274,0.009900990099009901,0.01852322937432497,0.009900990099009901,2.964580742905706,0.4301213707108328,0.8868556483728928,0.9810336775809329,0.4301213707108328,0.9810336775809329,1.158122527150141,18.677026047913746,1.0498746932656107,0.9947771891727769,0.4756380510440835,205.0,1.0,0.999767981438515,"{""C"": 1.7944113348524051, ""gamma"": 0.3637350314620014}"
fourclass,0,1,custom_hermite,431,431,0.1866393514302122,0.009900990099009901,0.004984395601685825,0.009900990099009901,3.1907709485585163,0.3687099275105415,0.9580437642486542,0.9972554229399934,0.3687099275105415,0.9972554229399934,1.1304810803038468,8.709088776930784,0.9958156520014582,0.8832065490875384,0.5104408352668214,220.0,0.8700696055684455,0.8784222737819026,"{""C"": 4.888681075288402, ""degree"": 2}"
fourclass,0,1,custom_gegen,431,431,0.2161316777436781,0.009900990099009901,0.00833494592740971,0.009900990099009901,2.730087472228819,0.4533219258496028,0.9121698740719362,0.9927684845796424,0.4533219258496028,0.9927684845796424,1.155766350441669,8.951667654097832,1.0063273513763604,0.9634458887620494,0.494199535962877,213.0,0.9313225058004639,0.9334106728538285,"{""C"": 4.888681075288402, ""degree"": 2, ""alpha"": -0.21700568369759904}"
fourclass,0,1,custom_alsalam,431,431,0.21006470083636664,0.009900990099009901,0.05593776473859536,0.009900990099009901,3.6089078649262087,0.3813174132705973,0.8301982610866216,0.9683338765306364,0.3813174132705973,0.9683338765306364,1.135358894565088,8.998670524254635,1.2554272316908905,1.4079862746626342,0.42923433874709976,185.0,0.9071925754060325,0.9097447795823668,"{""C"": 4.888681075288402, ""degree"": 2, ""a"": -1, ""q"": 0.14443941204841856}"
fourclass,1,0,linear,431,431,0.2461578589963446,0.009900990099009901,0.04856446134540401,0.009900990099009901,1.9890593964071746,0.5370823091006846,0.9999999999999998,0.9999999999999999,0.5370823091006846,0.9999999999999999,1.2288404588946553,1.9999845842167736,1.1404334420594555,1.1236127008523087,0.580046403712297,250.0,0.9990719257540603,0.9995359628770302,"{""C"": 0.34261045390187117}"
fourclass,1,0,poly,431,431,0.252280143065013,0.009900990099009901,0.08155469253446065,0.009900990099009901,3.084621822252395,0.4219560465973916,0.8952263301991339,0.9840192126410796,0.4219560465973916,0.9840192126410796,1.1893861130734702,9.996948588996418,1.1493399544319078,1.2862046777991472,0.4617169373549884,199.0,0.9452436194895593,0.9415313225058006,"{""C"": 2.6952050273855512, ""degree"": 3, ""gamma"": 0.04161757710635819}"
fourclass,1,0,rbf,431,431,0.248000650511421,0.009900990099009901,0.008761796050602972,0.009900990099009901,2.283454777818122,0.49533878846699786,0.9648302930483067,0.9980785867678577,0.49533878846699786,0.9980785867678577,1.2163891417142036,11.147412333639252,0.9475902877299609,0.8740383173777658,0.54292343387471,234.0,0.9990719257540603,0.9995359628770302,"{""C"": 2.6952050273855512, ""gamma"": 0.1067405423016462}"
fourclass,1,0,custom_hermite,431,431,0.22272809331348675,0.009900990099009901,0.005393620784141929,0.009900990099009901,2.970770939955147,0.390959618965779,0.978497862361826,0.9999999999999996,0.390959618965779,0.9999999999999996,1.1717345088588942,3.9987061688661427,1.1467798244875107,1.150429894337684,0.4965197215777262,214.0,0.8756380510440834,0.8830626450116011,"{""C"": 55.024264973066785, ""degree"": 1}"
fourclass,1,0,custom_gegen,431,431,0.252024121992135,0.009900990099009901,0.03706012382231767,0.009900990099009901,3.2037731004523886,0.411036500618944,0.8556477693007161,0.9371076275955845,0.411036500618944,0.9371076275955845,1.1833668442434042,36.368648419453734,0.9197368347046996,0.8427466126157583,0.531322505800464,229.0,0.962877030162413,0.9705336426914155,"{""C"": 0.34261045390187117, ""degree"": 6, ""alpha"": -0.40200261461337594}"
fourclass,1,0,custom_alsalam,431,431,0.24153807094913632,0.009900990099009901,0.07276256532565847,0.009900990099009901,3.893782122907087,0.3545359277633452,0.7955565917602132,0.9317247138049034,0.3545359277633452,0.9317247138049034,1.1640324981264552,15.967443805615432,1.3057600427255562,1.505524105839479,0.4547563805104408,196.0,0.9406032482598607,0.9412993039443156,"{""C"": 2.6952050273855512, ""degree"": 3, ""a"": -1, ""q"": 0.18313375639158963}"
fourclass,1,1,linear,431,431,0.20562450246038091,0.009900990099009901,0.04079505802812404,0.009900990099009901,1.9865105601591482,0.541202305992677,0.9999999999999996,0.9999999999999997,0.541202305992677,0.9999999999999997,1.180581394041336,1.9999845914403576,0.9617347109489527,0.9281349809980171,0.6473317865429234,279.0,0.9995359628770302,0.999767981438515,"{""C"": 0.05155011303216785}"
fourclass,1,1,poly,431,431,0.2074183516542101,0.009900990099009901,0.041698538200476164,0.009900990099009901,2.5265155013630367,0.4745249486901795,0.9493980802612847,0.9999999999999999,0.4745249486901795,0.9999999999999999,1.1585126092285452,5.999661930568351,0.8984073750425086,0.7795135692891311,0.6194895591647331,267.0,0.9665893271461716,0.9691415313225059,"{""C"": 0.05155011303216785, ""degree"": 2, ""gamma"": 1.5936988200695832}"
fourclass,1,1,rbf,431,431,0.20255419608572103,0.009900990099009901,0.021940397966231342,0.009900990099009901,3.647455375507161,0.37878220574930704,0.8183115397172355,0.9531812837317777,0.37878220574930704,0.9531812837317777,1.1396730733780003,24.36176314579282,0.9366407427304392,0.8316981394538085,0.531322505800464,229.0,0.9995359628770302,0.9995359628770302,"{""C"": 0.2418689185728059, ""gamma"": 0.6289898909254341}"
fourclass,1,1,custom_hermite,431,431,0.18511535695238396,0.009900990099009901,0.004528685438026578,0.009900990099009901,2.9440256763156603,0.4054840698959792,0.9772618503296856,0.9999999999999994,0.4054840698959792,0.9999999999999994,1.1405586811861295,3.9987534724331724,1.1879126856669329,1.1468205016088928,0.4617169373549884,199.0,0.8635730858468678,0.8867749419953598,"{""C"": 40.98890981505146, ""degree"": 1}"
fourclass,1,1,custom_gegen,431,431,0.205767157882102,0.009900990099009901,0.0007856188157810362,0.009900990099009901,1.998461922819055,0.5395382064949195,0.9999999999999071,0.9999999999999312,0.5395382064949195,0.9999999999999312,1.1800945202150084,3.9371153240901577,0.9996431207765775,0.0008027571790592153,0.7099767981438515,306.0,0.9939675174013921,0.9972157772621809,"{""C"": 0.0014859816668142494, ""degree"": 1, ""alpha"": 0.0693575342739785}"
fourclass,1,1,custom_alsalam,431,431,0.20841123835854986,0.009900990099009901,0.03636883292580958,0.009900990099009901,2.517292008613507,0.46816212613583824,0.998140126727514,0.9999999999999999,0.46816212613583824,0.9999999999999999,1.1641821955280227,3.999949285820094,0.9761567237169989,0.039299371149897115,0.7099767981438515,306.0,0.9359628770301623,0.9443155452436196,"{""C"": 0.0014859816668142494, ""degree"": 1, ""a"": -1, ""q"": 0.2854625043158286}"
fourclass,2,0,linear,431,431,0.20614798119970412,0.009900990099009901,0.04235531459207859,0.009900990099009901,1.9942210344164462,0.526915869376185,0.9999999999999997,0.9999999999999997,0.526915869376185,0.9999999999999997,1.1712865207760166,1.9999852825509725,1.2213664399391784,1.2237208191805862,0.5174013921113689,223.0,0.9995359628770302,0.999767981438515,"{""C"": 78.18493883930306}"
fourclass,2,0,poly,431,431,0.21242458956538293,0.009900990099009901,0.044314530912552295,0.009900990099009901,2.539770314827406,0.4645538222208906,0.9473507223963684,0.9999999999999999,0.4645538222208906,0.9999999999999999,1.15407991240463,5.999686081387182,1.2076972910723212,1.2482502567823899,0.4802784222737819,207.0,0.9679814385150813,0.9689095127610209,"{""C"": 3.917246218393183, ""degree"": 2, ""gamma"": 0.02560505441781678}"
fourclass,2,0,rbf,431,431,0.20856815273242824,0.009900990099009901,0.005514452258135573,0.009900990099009901,2.192961342654147,0.5032647342948526,0.9744270838834305,0.9990997469597331,0.5032647342948526,0.9990997469597331,1.1662308505284094,9.852973918745342,1.1526604655362518,1.1762376880620766,0.4756380510440835,205.0,0.9995359628770302,0.999767981438515,"{""C"": 78.18493883930306, ""gamma"": 0.07281936708054716}"
fourclass,2,0,custom_hermite,431,431,0.17523056053712907,0.009900990099009901,0.0047772479038099515,0.009900990099009901,3.1782857916632636,0.3721212943069982,0.9569240530769922,0.9973051030537913,0.3721212943069982,0.9973051030537913,1.1208782502200036,8.71734686897382,1.0019421674153246,0.9870790895880777,0.4709976798143852,203.0,0.8649651972157772,0.8723897911832948,"{""C"": 78.18493883930306, ""degree"": 2}"
fourclass,2,0,custom_gegen,431,431,0.20018103138565105,0.009900990099009901,0.013981758958257158,0.009900990099009901,4.040362062719304,0.34364850862845675,0.8031986490328176,0.9463385802344694,0.34364850862845675,0.9463385802344694,1.1173893418316199,8.99666473634593,1.3904312397480563,1.5687440502250833,0.4385150812064965,189.0,0.8955916473317865,0.9081206496519724,"{""C"": 78.18493883930306, ""degree"": 2, ""alpha"": 0.6633096034941528}"
fourclass,2,0,custom_alsalam,431,431,0.18980090187294524,0.009900990099009901,0.0184960793258209,0.009900990099009901,4.071376411205744,0.3395636063842979,0.8135006374239988,0.9606933938045351,0.3395636063842979,0.9606933938045351,1.1175983149495399,8.997705668274747,1.4624319467462394,1.6819271869557908,0.4222737819025522,182.0,0.9452436194895592,0.9503480278422274,"{""C"": 78.18493883930306, ""degree"": 2, ""a"": -1, ""q"": 0.5779615132785275}"
fourclass,2,1,linear,431,431,0.2480934224174607,0.009900990099009901,0.04728499318199363,0.009900990099009901,1.9642746252851917,0.5674306424513618,0.9999999999999998,1.0,0.5674306424513618,1.0,1.2442224694649238,1.9999836872126129,1.183497299824343,1.1907133316322909,0.5614849187935035,242.0,1.0,1.0,"{""C"": 0.3623284391137388}"
fourclass,2,1,poly,431,431,0.24289097499496007,0.009900990099009901,0.11408313634435364,0.009900990099009901,3.5573453864009164,0.40328865652066104,0.8529201670139357,0.9607756903329366,0.40328865652066104,0.9607756903329366,1.1778670831255125,14.969404647974352,1.873396656503889,2.4573161567279627,0.39675174013921116,171.0,0.9280742459396751,0.9334106728538285,"{""C"": 12.601666240669882, ""degree"": 4, ""gamma"": 0.864816861056292}"
fourclass,2,1,rbf,431,431,0.2485302861564427,0.009900990099009901,0.007614929597689762,0.009900990099009901,2.219718731374998,0.5279004123657272,0.9712433191364395,0.9985335672203116,0.5279004123657272,0.9985335672203116,1.232003994603098,10.568356937794363,0.9230748493076181,0.8450911094922243,0.6473317865429234,279.0,0.9995359628770302,1.0,"{""C"": 0.3623284391137388, ""gamma"": 0.0936147277177664}"
fourclass,2,1,custom_hermite,431,431,0.21138448835698012,0.009900990099009901,0.005521135303400113,0.009900990099009901,3.1771580354901063,0.36941555285759964,0.959609488997884,0.9973393290672358,0.36941555285759964,0.9973393290672358,1.1668516697247076,8.694159814151952,0.8344858691998449,0.7896081298990323,0.691415313225058,298.0,0.8686774941995359,0.8837587006960558,"{""C"": 0.3623284391137388, ""degree"": 2}"
fourclass,2,1,custom_gegen,431,431,0.17824389828632664,0.009900990099009901,0.008065105637441472,0.009900990099009901,4.530006841416284,0.3034102972679196,0.7932090331015903,0.8918652209535751,0.3034102972679196,0.8918652209535751,1.1229393327491537,24.224976077416336,1.5589727220590581,1.7677109844422398,0.37122969837587005,160.0,0.8529002320185616,0.8568445475638052,"{""C"": 12.601666240669882, ""degree"": 4, ""alpha"": 0.9503785558599172}"
fourclass,2,1,custom_alsalam,431,431,0.1536267263528576,0.009900990099009901,0.008421489520051229,0.009900990099009901,4.070142333752886,0.33616564750395456,0.8383897649096039,0.9380007020168881,0.33616564750395456,0.9380007020168881,1.108971368694593,23.025396220314057,1.4187844861734895,1.5443302821735254,0.38979118329466356,168.0,0.8849187935034802,0.8932714617169375,"{""C"": 12.601666240669882, ""degree"": 4, ""a"": -1, ""q"": 0.7193321531370447}"
fourclass,3,0,linear,431,431,0.2260585814739592,0.009900990099009901,0.04472457723933077,0.009900990099009901,1.9874341046699344,0.5397576177814625,0.9999999999999994,0.9999999999999996,0.5397576177814625,0.9999999999999996,1.1992588025581168,1.9999845994437249,1.2084531429467882,1.2113116130917658,0.5336426914153132,230.0,0.9995359628770302,0.999767981438515,"{""C"": 2.103811343078042}"
fourclass,3,0,poly,431,431,0.21758590524413532,0.009900990099009901,0.23564090889210332,0.009900990099009901,4.531151739017734,0.32547852001616706,0.7729689854173852,0.9110410811002994,0.32547852001616706,0.9110410811002994,1.1146678522126008,26.684440457005046,2.5308641894820045,3.3163787532049445,0.34106728538283065,147.0,0.8918793503480279,0.8990719257540605,"{""C"": 5.419837752986229, ""degree"": 6, ""gamma"": 0.6227870572475525}"
fourclass,3,0,rbf,431,431,0.1985682094398285,0.009900990099009901,0.023293508616874077,0.009900990099009901,10.356349043300119,0.17804001960331822,0.4375677709974548,0.6255696065957486,0.17804001960331822,0.6255696065957486,1.083555228436338,67.50397368294456,2.046835996551897,1.996363142629973,0.1368909512761021,59.0,0.9995359628770302,1.0,"{""C"": 5.419837752986229, ""gamma"": 3.473167733103104}"
fourclass,3,0,custom_hermite,431,431,0.19186704990344572,0.009900990099009901,0.009560200303017134,0.009900990099009901,3.795493578505319,0.3389289975285802,0.8669356738936032,0.9754966945179868,0.3389289975285802,0.9754966945179868,1.1309845491892303,17.565401163659473,0.9807755713146744,0.9615459126595779,0.4965197215777262,214.0,0.920185614849188,0.9220417633410675,"{""C"": 5.419837752986229, ""degree"": 6}"
fourclass,3,0,custom_gegen,431,431,0.19549368526011326,0.009900990099009901,0.010126640145272687,0.009900990099009901,5.402222036345535,0.2767811030130744,0.7175593690765228,0.8274087513124584,0.2767811030130744,0.8274087513124584,1.1083903443171057,43.416426546105804,1.5495119804670103,1.7050437430815713,0.35266821345707655,152.0,0.8612529002320186,0.8696055684454758,"{""C"": 5.419837752986229, ""degree"": 6, ""alpha"": 0.8325567033582171}"
fourclass,3,0,custom_alsalam,431,431,0.1801147746386337,0.009900990099009901,0.012907646805419589,0.009900990099009901,4.550340446050223,0.3081554471665047,0.7875876381472683,0.9132715176051643,0.3081554471665047,0.9132715176051643,1.116878381759714,34.91597555873257,1.3583366657440006,1.4794079916391207,0.42691415313225056,184.0,0.9271461716937356,0.9276102088167055,"{""C"": 5.419837752986229, ""degree"": 6, ""a"": -1, ""q"": 0.6613093313020365}"
fourclass,3,1,linear,431,431,0.22890842874058662,0.009900990099009901,0.045231866025311006,0.009900990099009901,1.9906856855325337,0.5342014174759762,0.9999999999999999,1.0,0.5342014174759762,1.0,1.2151200928925467,1.9999846016721063,0.9214224185241214,0.9250920593548619,0.6519721577726219,281.0,0.9990719257540603,0.999767981438515,"{""C"": 0.057840690798571806}"
fourclass,3,1,poly,431,431,0.22755244922260906,0.009900990099009901,0.11447039178170162,0.009900990099009901,3.545432030032174,0.37950764931060965,0.8537373563358096,0.9625099368657165,0.37950764931060965,0.9625099368657165,1.1593808421700986,14.970399693284861,2.087496047076263,2.868727497223948,0.38979118329466356,168.0,0.9206496519721578,0.9276102088167055,"{""C"": 15.345116573531385, ""degree"": 4, ""gamma"": 0.28359463478970093}"
fourclass,3,1,rbf,431,431,0.19351794308559128,0.009900990099009901,0.022950968341353142,0.009900990099009901,9.912057814113087,0.17048980527575255,0.45501104617058524,0.6403130645747673,0.17048980527575255,0.6403130645747673,1.0869349931754078,64.30537148719336,1.0901184167904134,1.0823866829700348,0.39211136890951276,169.0,0.9995359628770302,0.9995359628770302,"{""C"": 0.44253752953459297, ""gamma"": 3.2585809861343016}"
fourclass,3,1,custom_hermite,431,431,0.18759625408508482,0.009900990099009901,0.00944621746308115,0.009900990099009901,3.7428936277423266,0.33010147203014795,0.8742335022947931,0.9755850443862856,0.33010147203014795,0.9755850443862856,1.1338359062812613,17.468046132967114,0.8440802102068931,0.7377979171913303,0.5777262180974478,249.0,0.916937354988399,0.9278422273781904,"{""C"": 0.44253752953459297, ""degree"": 6}"
fourclass,3,1,custom_gegen,431,431,0.21839604842180246,0.009900990099009901,0.020621134087165108,0.009900990099009901,5.565959440683465,0.28588021810646097,0.6613265151642533,0.8093861197505643,0.28588021810646097,0.8093861197505643,1.123121249339342,24.875940615414045,2.2223545798596853,2.686247675221457,0.2529002320185615,109.0,0.8802784222737818,0.8890951276102089,"{""C"": 15.345116573531385, ""degree"": 4, ""alpha"": 0.5502481583682355}"
fourclass,3,1,custom_alsalam,431,431,0.2086457506486372,0.009900990099009901,0.027898223049268443,0.009900990099009901,4.469740873959815,0.317041983684691,0.7592580005798139,0.90923271287614,0.317041983684691,0.90923271287614,1.1377031982471824,24.176996351134875,2.0738454316340147,2.4359628178970865,0.28306264501160094,122.0,0.951276102088167,0.9591647331786545,"{""C"": 15.345116573531385, ""degree"": 4, ""a"": -1, ""q"": 0.5222830126637541}"
fourclass,4,0,linear,431,431,0.27198444904416436,0.009900990099009901,0.05544812477488644,0.009900990099009901,1.985295941347421,0.5430304601391636,0.9999999999999997,0.9999999999999997,0.5430304601391636,0.9999999999999997,1.2543497873547822,1.999985025434871,1.1335842567927772,1.1345454168830773,0.5846867749419954,252.0,0.9995359628770302,1.0,"{""C"": 0.6986758569934967}"
fourclass,4,0,poly,431,431,0.2506167584556747,0.009900990099009901,0.3019121748331221,0.009900990099009901,4.332375434141793,0.3377203390330736,0.7913712176943247,0.9174329414918696,0.3377203390330736,0.9174329414918696,1.14883833380306,26.699053714682236,2.735519748943071,3.6448171670456566,0.34106728538283065,147.0,0.88584686774942,0.8935034802784223,"{""C"": 6.2654490839504735, ""degree"": 6, ""gamma"": 1.3173432910905238}"
fourclass,4,0,rbf,431,431,0.23166097674481387,0.009900990099009901,0.027467260671560252,0.009900990099009901,9.953796255860624,0.1689388410718185,0.45190239701694407,0.641435389876927,0.1689388410718185,0.641435389876927,1.09992690972195,64.87174902387989,0.8106995918826024,0.7057976529051644,0.62877030162413,271.0,0.9990719257540603,1.0,"{""C"": 0.09131969744790958, ""gamma"": 3.2437230837101487}"
fourclass,4,0,custom_hermite,431,431,0.2504847834655523,0.009900990099009901,0.008824502429763468,0.009900990099009901,3.118902235400632,0.3800138087091802,0.9502891193821879,0.9955689552364793,0.3800138087091802,0.9955689552364793,1.19192446009648,12.348875442656471,0.9365081678177047,0.8139669263414883,0.5823665893271461,251.0,0.88584686774942,0.9013921113689095,"{""C"": 2.442144862442924, ""degree"": 3}"
fourclass,4,0,custom_gegen,431,431,0.2438586073482063,0.009900990099009901,0.05910415957711564,0.009900990099009901,9.240288121038072,0.19442421266154325,0.4812813289472663,0.6472328292766004,0.19442421266154325,0.6472328292766004,1.102213837521627,24.990972092292072,5.0618217797579685,6.920203532951229,0.08352668213457076,36.0,0.8751740139211138,0.8914153132250581,"{""C"": 64.71897997379644, ""degree"": 4, ""alpha"": 0.47175614897055873}"
fourclass,4,0,custom_alsalam,431,431,0.26320217790999806,0.009900990099009901,0.04071989885090132,0.009900990099009901,4.4753066816917615,0.3195014917828028,0.7513691435006085,0.9054306902233857,0.3195014917828028,0.9054306902233857,1.1670933308266058,24.337440297214755,3.2341202423339754,3.9820857820506124,0.17865429234338748,77.0,0.9484918793503481,0.9584686774941996,"{""C"": 64.71897997379644, ""degree"": 4, ""a"": -1, ""q"": 0.4836286562769586}"
fourclass,4,1,linear,431,431,0.18236360278182387,0.009900990099009901,0.035033255264719246,0.009900990099009901,1.9882577084210538,0.5384246656395507,0.9999999999999996,0.9999999999999998,0.5384246656395507,0.9999999999999998,1.1609083128422644,1.999984111285151,1.2884128692729004,1.3158173997635885,0.4872389791183295,210.0,0.9995359628770302,0.999767981438515,"{""C"": 2.476013304007099}"
fourclass,4,1,poly,431,431,0.1832070171276653,0.009900990099009901,0.12802589517177052,0.009900990099009901,4.084741975278458,0.3451233012881736,0.8021825711400229,0.9365402518506836,0.3451233012881736,0.9365402518506836,1.1096824171391142,20.759161242609967,3.1093250990274166,4.048022736394028,0.24129930394431554,104.0,0.903016241299304,0.9153132250580047,"{""C"": 33.73317273419014, ""degree"": 5, ""gamma"": 2.7379253379168977}"
fourclass,4,1,rbf,431,431,0.15824787681949049,0.009900990099009901,0.01936265165076613,0.009900990099009901,8.629044784698872,0.20725864777595085,0.4993677130178005,0.6934019300582133,0.20725864777595085,0.6934019300582133,1.076968480021645,57.61011670579252,1.6430421928159356,1.6106408080794383,0.22041763341067286,95.0,0.9990719257540603,0.999767981438515,"{""C"": 2.476013304007099, ""gamma"": 2.7379253379168977}"
fourclass,4,1,custom_hermite,431,431,0.15363955858939704,0.009900990099009901,0.005593523907129323,0.009900990099009901,3.355396343678256,0.37178030586839245,0.9254350328335746,0.9915436404507185,0.37178030586839245,0.9915436404507185,1.111867285690229,14.011427060097676,1.0480379509880264,1.0775294378168139,0.43155452436194897,186.0,0.8951276102088167,0.9099767981438516,"{""C"": 17.370853495021322, ""degree"": 4}"
fourclass,4,1,custom_gegen,431,431,0.05981464451809526,0.009900990099009901,0.002512798960888577,0.009900990099009901,2.8296182153226312,0.5375187072321099,0.8865131930577218,0.9421966106128584,0.5375187072321099,0.9421966106128584,1.0490829488018756,28.738028918224458,1.5502656190847388,1.635131672557225,0.29930394431554525,129.0,0.7378190255220418,0.7533642691415314,"{""C"": 33.73317273419014, ""degree"": 5, ""alpha"": 1.3639544224781026}"
fourclass,4,1,custom_alsalam,431,431,0.029452433109257787,0.009900990099009901,0.0010543188525327454,0.009900990099009901,1.7343077529807702,0.7427483782579393,0.9617961429774602,0.9846738460538954,0.7427483782579393,0.9846738460538954,0.9884933900064561,18.159043855261743,0.9174844920640566,0.9429582978714377,0.5707656612529002,246.0,0.7104408352668212,0.7220417633410674,"{""C"": 17.370853495021322, ""degree"": 4, ""a"": -1, ""q"": 0.8745188591760104}"
